profession	sha256	source	destination
farmer	0079acfb96df9d0fea607c00ea8886521c8a28f1b1ab490edde5527d2de7f529	datasets/IdenProf/idenprof/train/farmer/farmer-551.jpg	train_dataset/normal/farmer/farmer-551.jpg
farmer	0151e99d468eaf38fa23a5723d2314b6a1b8c550641f24499dae7b7bc95ae108	datasets/IdenProf/idenprof/train/farmer/farmer-266.jpg	train_dataset/normal/farmer/farmer-266.jpg
farmer	0160213879dc71b75a519e5095891f59f9438f8fdcddc27c8bbf4a69e8e71e7e	datasets/IdenProf/idenprof/train/farmer/farmer-486.jpg	train_dataset/normal/farmer/farmer-486.jpg
farmer	01e7d639e79eaeaece7dbd6fea91825bcc8714a23f8df13c6a1dead4966ace2e	datasets/IdenProf/idenprof/train/farmer/farmer-662.jpg	train_dataset/normal/farmer/farmer-662.jpg
farmer	0203f195b5f8bf8f365dec3878530847096d9f237b22c037cbcfe0f2d004cd27	datasets/IdenProf/idenprof/train/farmer/farmer-268.jpg	train_dataset/normal/farmer/farmer-268.jpg
farmer	0228420d738819f38e4f698bcbe6c75c6975c5b6e7cea7ab37ca97213ed0f166	datasets/IdenProf/idenprof/train/farmer/farmer-753.jpg	train_dataset/normal/farmer/farmer-753.jpg
farmer	024de23606c6fc52f4aeaeb49beac0e12a52393d6713f21bb04e6ee9a7e9d394	datasets/IdenProf/idenprof/train/farmer/farmer-101.jpg	train_dataset/normal/farmer/farmer-101.jpg
farmer	031c92b4c97b213246e30acc2cdc4b3d2076c4986221c247800d761e1e7b6081	datasets/IdenProf/idenprof/train/farmer/farmer-33.jpg	train_dataset/normal/farmer/farmer-33.jpg
farmer	036882878054f952ad6ed1d31b96e061530aa51e033a30653af9fd58d01f94d4	datasets/IdenProf/idenprof/train/farmer/farmer-214.jpg	train_dataset/normal/farmer/farmer-214.jpg
farmer	043028bf02f5dc74a7c5801f2b8520242c720399dabb5759b492eb688f5e4851	datasets/IdenProf/idenprof/train/farmer/farmer-492.jpg	train_dataset/normal/farmer/farmer-492.jpg
farmer	056271199af2bbdacddb9bfce25bc53934902e8e271efb1e0294c56ad8f76bb3	datasets/IdenProf/idenprof/train/farmer/farmer-493.jpg	train_dataset/normal/farmer/farmer-493.jpg
farmer	05fe89fa25818c33ffb31355063513930eff6dca11c351b32ae6ab3aeab8ed4e	datasets/IdenProf/idenprof/train/farmer/farmer-387.jpg	train_dataset/normal/farmer/farmer-387.jpg
farmer	0662cdfacd46e8eadf536947a68a772d17268b7c2109ae57582083ed2c15a688	datasets/IdenProf/idenprof/train/farmer/farmer-241.jpg	train_dataset/normal/farmer/farmer-241.jpg
farmer	06696a7aea18196dace223d3d4467ede5ee3915642333c95f2a69d195c41bc0c	datasets/IdenProf/idenprof/train/farmer/farmer-856.jpg	train_dataset/normal/farmer/farmer-856.jpg
farmer	06764d65ac78d6a956fc060f6c2c93275c1865a616ae2c2234417461919949b7	datasets/IdenProf/idenprof/train/farmer/farmer-738.jpg	train_dataset/normal/farmer/farmer-738.jpg
farmer	06765426799b05f0c6220919ce6f31062a8b563e3363b6bc4961a83ce37d0608	datasets/IdenProf/idenprof/train/farmer/farmer-502.jpg	train_dataset/normal/farmer/farmer-502.jpg
farmer	06bc17d5be96169981d74984b2d472c9c31fba47e64035c31912692010f19c67	datasets/IdenProf/idenprof/train/farmer/farmer-317.jpg	train_dataset/normal/farmer/farmer-317.jpg
farmer	06e77ab894575856213651c88af834e733b10a604df5a37632c09f05292cae54	datasets/IdenProf/idenprof/train/farmer/farmer-599.jpg	train_dataset/normal/farmer/farmer-599.jpg
farmer	06ec783895b9bafe793b11803126601c207f9ea2071ebd51b977ac8935e7c38b	datasets/IdenProf/idenprof/train/farmer/farmer-256.jpg	train_dataset/normal/farmer/farmer-256.jpg
farmer	076210a792798f40f7cada92cf1b09e7bf1e265e82c923af30c0271b988b1c2e	datasets/IdenProf/idenprof/train/farmer/farmer-751.jpg	train_dataset/normal/farmer/farmer-751.jpg
farmer	07b7b51ad8d07225d247066e46ba2efd4afd2626689e58a15044a594ed78c294	datasets/IdenProf/idenprof/train/farmer/farmer-182.jpg	train_dataset/normal/farmer/farmer-182.jpg
farmer	081df61f7997fe23c56dd3b7de7b001a7e644bdfa9bc4da681a5da01018cf562	datasets/IdenProf/idenprof/train/farmer/farmer-85.jpg	train_dataset/normal/farmer/farmer-85.jpg
farmer	0855c3757c26d0b1309664ce5cf92a9d37c9e606d51628bc760c8aea4143fce4	datasets/IdenProf/idenprof/train/farmer/farmer-127.jpg	train_dataset/normal/farmer/farmer-127.jpg
farmer	0856bb8cdb8e1d3900c9791836fcf9843c595ad19379dba83718ff67eadcda5a	datasets/IdenProf/idenprof/train/farmer/farmer-888.jpg	train_dataset/normal/farmer/farmer-888.jpg
farmer	086e23e7f1f00899808b791137c31e70074376d24601aaebc1cba6b891de39b4	datasets/IdenProf/idenprof/train/farmer/farmer-764.jpg	train_dataset/normal/farmer/farmer-764.jpg
farmer	095fc9f1c5602902460cd04fb0477c1931fb6a6ebde3a84b530c66bf80c793e7	datasets/IdenProf/idenprof/train/farmer/farmer-418.jpg	train_dataset/normal/farmer/farmer-418.jpg
farmer	098072a8cb276de78c6169ecf3ca941bb1777bf303cbcf3bbada95e49634e240	datasets/IdenProf/idenprof/train/farmer/farmer-144.jpg	train_dataset/normal/farmer/farmer-144.jpg
farmer	098f2180253e1c444a2ca0d11e62c13aa5d4bad8963698f7a7fd7e66538b61ab	datasets/IdenProf/idenprof/train/farmer/farmer-211.jpg	train_dataset/normal/farmer/farmer-211.jpg
farmer	09949059c79a896e230c094743dd9afed7cfbbf3eaae2cc55745ac7711d09608	datasets/IdenProf/idenprof/train/farmer/farmer-877.jpg	train_dataset/normal/farmer/farmer-877.jpg
farmer	0a11231c41e4dc5e242eacacf97ebc52c287a66680360fc47f6cbb36ba4e0099	datasets/IdenProf/idenprof/train/farmer/farmer-818.jpg	train_dataset/normal/farmer/farmer-818.jpg
farmer	0a68809971991c793f93a9cfbc4320f632a9f8567d4f4ee992895121a10faa1e	datasets/IdenProf/idenprof/train/farmer/farmer-734.jpg	train_dataset/normal/farmer/farmer-734.jpg
farmer	0a91f6019e8c702d4f58e00b09e40476d18851281ec38c49caf757c45a20c4ef	datasets/IdenProf/idenprof/train/farmer/farmer-675.jpg	train_dataset/normal/farmer/farmer-675.jpg
farmer	0ad4e8ff52bf9fad466a230f8523d13ac6eff16fe0681dd5db50e8b16e4e8847	datasets/IdenProf/idenprof/train/farmer/farmer-30.jpg	train_dataset/normal/farmer/farmer-30.jpg
farmer	0ae8363419d52acb7096321983e078762d97ff4ac2584cad5ee4fb9db3478439	datasets/IdenProf/idenprof/train/farmer/farmer-230.jpg	train_dataset/normal/farmer/farmer-230.jpg
farmer	0aed7902544b8c9b1030826b94cae62729018157ebd27cd41bbcd8ab6a513772	datasets/IdenProf/idenprof/train/farmer/farmer-65.jpg	train_dataset/normal/farmer/farmer-65.jpg
farmer	0b239ece64a549b25ae46bc19eb96c78741feb25798bc149a0088199faa1592f	datasets/IdenProf/idenprof/train/farmer/farmer-621.jpg	train_dataset/normal/farmer/farmer-621.jpg
farmer	0b25bc310917b63f8478683443f6a961f2340563183cada1a415acf248028845	datasets/IdenProf/idenprof/train/farmer/farmer-596.jpg	train_dataset/normal/farmer/farmer-596.jpg
farmer	0b2bf5d311c61f2d8f0e715b30476ffa04ce32a9720d00fcca524630b173dafb	datasets/IdenProf/idenprof/train/farmer/farmer-889.jpg	train_dataset/normal/farmer/farmer-889.jpg
farmer	0b564c10d5e14f3023e97da1046fe3ee74083396d3244610e42f8e83effb943f	datasets/IdenProf/idenprof/train/farmer/farmer-625.jpg	train_dataset/normal/farmer/farmer-625.jpg
farmer	0b618d3452825a8d0c7e253cb7a05c2090a2be453597f579454de22d87a6f6ec	datasets/IdenProf/idenprof/train/farmer/farmer-316.jpg	train_dataset/normal/farmer/farmer-316.jpg
farmer	0b6a5407b226de6c036d90013156718dbdaece6893bf1f886cbe28212ed7b6d6	datasets/IdenProf/idenprof/train/farmer/farmer-399.jpg	train_dataset/normal/farmer/farmer-399.jpg
farmer	0bde485cf3ed0f418f42b62e7487b17513b42cc01bc9616f24758e1a2e444d3c	datasets/IdenProf/idenprof/train/farmer/farmer-153.jpg	train_dataset/normal/farmer/farmer-153.jpg
farmer	0cf495d350cabb97c8d9ad3ae7542105886697671982b171bab2b3d89a5767cd	datasets/IdenProf/idenprof/train/farmer/farmer-482.jpg	train_dataset/normal/farmer/farmer-482.jpg
farmer	0d2549ca7734badf0464f9ae49a0a2493b2ea121befa0bc79bbf470414b31e81	datasets/IdenProf/idenprof/train/farmer/farmer-594.jpg	train_dataset/normal/farmer/farmer-594.jpg
farmer	0d4343bf516efb88b6023885da98316782521a127f55b1e6f106035541e9aa17	datasets/IdenProf/idenprof/train/farmer/farmer-624.jpg	train_dataset/normal/farmer/farmer-624.jpg
farmer	0d9dd07bf173f13c3490bd16d20bb88a4baa0595c354df9ba72652f732b1322e	datasets/IdenProf/idenprof/train/farmer/farmer-698.jpg	train_dataset/normal/farmer/farmer-698.jpg
farmer	0da9c1f41d1961e352afeb7de2ce47ef3ade9da040ab8a214d1dc84fac36523c	datasets/IdenProf/idenprof/train/farmer/farmer-839.jpg	train_dataset/normal/farmer/farmer-839.jpg
farmer	0e01195c56fa7e60f79a0700e3f91a75ebfda7ad694d86907889747cd9aa204e	datasets/IdenProf/idenprof/train/farmer/farmer-3.jpg	train_dataset/normal/farmer/farmer-3.jpg
farmer	0e0a368542a08e5ed625de4b6a1315387bc6f3f8bfeb938fa1ee445936a30ea2	datasets/IdenProf/idenprof/train/farmer/farmer-283.jpg	train_dataset/normal/farmer/farmer-283.jpg
farmer	0e13843642f48c786633b3d224f7ccbd92c4ca38074ea2e662775b0783fe9d6f	datasets/IdenProf/idenprof/train/farmer/farmer-533.jpg	train_dataset/normal/farmer/farmer-533.jpg
farmer	0e9146fc3dd1be1cf1166747d87b7ed033793c0c02e805b148ea1a6f63a83248	datasets/IdenProf/idenprof/train/farmer/farmer-800.jpg	train_dataset/normal/farmer/farmer-800.jpg
farmer	0ecbd2490973e3c6ef537353b4ae765e6f7b203fec36f4fa31f774f7fa6f561a	datasets/IdenProf/idenprof/train/farmer/farmer-855.jpg	train_dataset/normal/farmer/farmer-855.jpg
farmer	0edc468d4d5109b366f922d25838e88ea5b403017de0ba1e88cd851dc3d6107d	datasets/IdenProf/idenprof/train/farmer/farmer-809.jpg	train_dataset/normal/farmer/farmer-809.jpg
farmer	0ef1f95a3c6af446d719d751f834d09f31fb36d4158dae520a6c66e8d12e2171	datasets/IdenProf/idenprof/train/farmer/farmer-329.jpg	train_dataset/normal/farmer/farmer-329.jpg
farmer	0f06c29a41361672a7e981f45e712d74b2f541234e98783b83360ec85718be40	datasets/IdenProf/idenprof/train/farmer/farmer-605.jpg	train_dataset/normal/farmer/farmer-605.jpg
farmer	0f257a50dc43dcdd66222147ab20d6c507a899aa8b853cd5f7b4d93c7806c5dd	datasets/IdenProf/idenprof/train/farmer/farmer-721.jpg	train_dataset/normal/farmer/farmer-721.jpg
farmer	0f99058acc36d91a026d0ccff62ac9d37c57ca5c806060fd3b2cb10934647f39	datasets/IdenProf/idenprof/train/farmer/farmer-15.jpg	train_dataset/normal/farmer/farmer-15.jpg
farmer	0fb248f3f5219e83f008221fb81aff25652f8a9d95699602937d9040a01c4166	datasets/IdenProf/idenprof/train/farmer/farmer-223.jpg	train_dataset/normal/farmer/farmer-223.jpg
farmer	0fe856e102b3b0a8878be2389b170231fb37916812f505be1a245c7da4703bc1	datasets/IdenProf/idenprof/train/farmer/farmer-224.jpg	train_dataset/normal/farmer/farmer-224.jpg
farmer	0ff8a2ee634a171332de5f1776d4f01edb668be6d3b32cf252ab6a1799969898	datasets/IdenProf/idenprof/train/farmer/farmer-593.jpg	train_dataset/normal/farmer/farmer-593.jpg
farmer	0ffbb6121c1d7f193e45cbc23caeb3aa3249de7118ad5872947766fafbe5c70e	datasets/IdenProf/idenprof/train/farmer/farmer-327.jpg	train_dataset/normal/farmer/farmer-327.jpg
farmer	1010ca3f60836788a5d9a2d8c3bfaad14b11a2424c250a1cc104f49bd989ef64	datasets/IdenProf/idenprof/train/farmer/farmer-109.jpg	train_dataset/normal/farmer/farmer-109.jpg
farmer	105f122b6adbb6874f929db17e9a72a7a7189e2054a730c805cf5d430821ece3	datasets/IdenProf/idenprof/train/farmer/farmer-674.jpg	train_dataset/normal/farmer/farmer-674.jpg
farmer	11395f94845102b5fd33f038f7d0f76ca15624abbe74223d64b28fa928581041	datasets/IdenProf/idenprof/train/farmer/farmer-181.jpg	train_dataset/normal/farmer/farmer-181.jpg
farmer	123641dec3cdd466b40de3af388f75c287c3fd140874f30b1bca126c3d1fa0da	datasets/IdenProf/idenprof/train/farmer/farmer-544.jpg	train_dataset/normal/farmer/farmer-544.jpg
farmer	12a50c77e06de80b4d5252771a6964e5c306d42e5446d38a98eb3d4fa6044391	datasets/IdenProf/idenprof/train/farmer/farmer-416.jpg	train_dataset/normal/farmer/farmer-416.jpg
farmer	12f2a406478a560738a34b75e6c1fb33be5302b59cf5b7f0ce76fc1b34373133	datasets/IdenProf/idenprof/train/farmer/farmer-836.jpg	train_dataset/normal/farmer/farmer-836.jpg
farmer	12fd650abf761b35f49085f4b2c8bf79a2b05eea4f624aaf1560926c9e2f9e36	datasets/IdenProf/idenprof/train/farmer/farmer-297.jpg	train_dataset/normal/farmer/farmer-297.jpg
farmer	1311b5464c45cf37273cb86491bb208ac4ca5e329a846bf3153602ec34d85da6	datasets/IdenProf/idenprof/train/farmer/farmer-453.jpg	train_dataset/normal/farmer/farmer-453.jpg
farmer	13471245fee2abece931ba96e354ea87a360c7f2b99fdcee54e1073c025283f8	datasets/IdenProf/idenprof/train/farmer/farmer-275.jpg	train_dataset/normal/farmer/farmer-275.jpg
farmer	135f7ded08a5be24148bd0fc32fda4e10deeeb1edc4335db0bc060e0469d6fd1	datasets/IdenProf/idenprof/train/farmer/farmer-341.jpg	train_dataset/normal/farmer/farmer-341.jpg
farmer	1361252485bbd1e0c840de76f1a872bc8e1f8f0b38e0133833ccc8d059d831f7	datasets/IdenProf/idenprof/train/farmer/farmer-727.jpg	train_dataset/normal/farmer/farmer-727.jpg
farmer	1366a16dbe3563fd4a4624f5dd6679bea33e0911f728f1428a49e4ef0f93d948	datasets/IdenProf/idenprof/train/farmer/farmer-785.jpg	train_dataset/normal/farmer/farmer-785.jpg
farmer	13ca55744c96939145ce7a9780aaf3bd31aa955b87a43ac5900549e6a2cc94d5	datasets/IdenProf/idenprof/train/farmer/farmer-325.jpg	train_dataset/normal/farmer/farmer-325.jpg
farmer	14343d7a8dd2f59adf93507965a0dab263d9b506a9eb138f1293bd4c85f63993	datasets/IdenProf/idenprof/train/farmer/farmer-847.jpg	train_dataset/normal/farmer/farmer-847.jpg
farmer	144477657de442b9b99624e72e26341887ab48610af7d1a890e6c9dbf7a4e46b	datasets/IdenProf/idenprof/train/farmer/farmer-305.jpg	train_dataset/normal/farmer/farmer-305.jpg
farmer	146bd1f12c55c2d260692f33db2e6244da9cf4b8aab2c549462fe90b682257f6	datasets/IdenProf/idenprof/train/farmer/farmer-50.jpg	train_dataset/normal/farmer/farmer-50.jpg
farmer	1495adb4a92f640f3b2dca40964a965f1c23659e5095630d765068d79143c6ad	datasets/IdenProf/idenprof/train/farmer/farmer-349.jpg	train_dataset/normal/farmer/farmer-349.jpg
farmer	14ea44cc9f7f25e8c137a43e8e8188afdd70c40e5a3ba5498c87bca87389b20d	datasets/IdenProf/idenprof/train/farmer/farmer-303.jpg	train_dataset/normal/farmer/farmer-303.jpg
farmer	1557cde8f165b4a093582dc0a88179bc758b1772095ac76fdf5b8030bb80dbdf	datasets/IdenProf/idenprof/train/farmer/farmer-637.jpg	train_dataset/normal/farmer/farmer-637.jpg
farmer	157a66574292f97c0224b57f2f70d207685eb0757b0a698e75914fe51c7ab808	datasets/IdenProf/idenprof/train/farmer/farmer-128.jpg	train_dataset/normal/farmer/farmer-128.jpg
farmer	15dd352887b5dacea7463a8fd479c335a22d128ac4e2c5ab128ee9e6304dfa2c	datasets/IdenProf/idenprof/train/farmer/farmer-747.jpg	train_dataset/normal/farmer/farmer-747.jpg
farmer	15f37d658af8c69810bc36b75e9ec562be1c3e30e0e8de6f061c72431d7e0d41	datasets/IdenProf/idenprof/train/farmer/farmer-539.jpg	train_dataset/normal/farmer/farmer-539.jpg
farmer	1623523a19c4d70d9c94981c69423ad71af70ea31ef63d57d667d5b4a2810fe7	datasets/IdenProf/idenprof/train/farmer/farmer-255.jpg	train_dataset/normal/farmer/farmer-255.jpg
farmer	166c48a8ca3151f4c93818a9c80cc34c2c571f21a1a843c460baa2402284c91c	datasets/IdenProf/idenprof/train/farmer/farmer-712.jpg	train_dataset/normal/farmer/farmer-712.jpg
farmer	1671621d443a6dc072f942fc6dc72e83c2ff4da80dbf5b9f3fbbfe24b63b551d	datasets/IdenProf/idenprof/train/farmer/farmer-197.jpg	train_dataset/normal/farmer/farmer-197.jpg
farmer	1705c13e215949b8e6b746cba1c6227058f8d6ecd0f4e743a2bdd43cd2fff975	datasets/IdenProf/idenprof/train/farmer/farmer-858.jpg	train_dataset/normal/farmer/farmer-858.jpg
farmer	1780b3b4007f915dec20b5f838104206cede4bfb160f25c3e91d448a72e720e4	datasets/IdenProf/idenprof/train/farmer/farmer-655.jpg	train_dataset/normal/farmer/farmer-655.jpg
farmer	1797eee1fb43afa603981e907d6ac56214f945dad4ea565ad282da70b8d375e0	datasets/IdenProf/idenprof/train/farmer/farmer-692.jpg	train_dataset/normal/farmer/farmer-692.jpg
farmer	1809c0fffedf2d25829a9c0a14134f63c129a416f276f84a61e5c72c1b018373	datasets/IdenProf/idenprof/train/farmer/farmer-444.jpg	train_dataset/normal/farmer/farmer-444.jpg
farmer	18a056518d46fd1a16ee99eefb0441767c57cca4b74619bddb53488ed0e359de	datasets/IdenProf/idenprof/train/farmer/farmer-733.jpg	train_dataset/normal/farmer/farmer-733.jpg
farmer	18aeb42fe63be589bd78cb862719b015a7ba58fb502aeff2fe5dc4b074ca1d1f	datasets/IdenProf/idenprof/train/farmer/farmer-564.jpg	train_dataset/normal/farmer/farmer-564.jpg
farmer	192da4c02a5dbc8d05a50aeb3c4f9e6db2be0bb4ec4cf57706172d9a6a324208	datasets/IdenProf/idenprof/train/farmer/farmer-613.jpg	train_dataset/normal/farmer/farmer-613.jpg
farmer	19b95ac58598993e17778ba0c478bfc8b193dc5b2eae892845561304a736d699	datasets/IdenProf/idenprof/train/farmer/farmer-872.jpg	train_dataset/normal/farmer/farmer-872.jpg
farmer	1a31bda01d20ac8a5534de0222496d564c2c77de459cc12f097fc200264e50f6	datasets/IdenProf/idenprof/train/farmer/farmer-513.jpg	train_dataset/normal/farmer/farmer-513.jpg
farmer	1a8148b11366d88ce18dc5d4237866e93a4e756c7e8d6c3daea3e858ea8b8ba7	datasets/IdenProf/idenprof/train/farmer/farmer-413.jpg	train_dataset/normal/farmer/farmer-413.jpg
farmer	1aa69fb4cccb2785ffd547f9be419c751429b9e447f4df2cb4d196f1a61e1921	datasets/IdenProf/idenprof/train/farmer/farmer-126.jpg	train_dataset/normal/farmer/farmer-126.jpg
farmer	1af3b3ca6a68ecc08c9c46e2c03a83d9d333a8fb410dea0c204e4dfb55659fdb	datasets/IdenProf/idenprof/train/farmer/farmer-863.jpg	train_dataset/normal/farmer/farmer-863.jpg
farmer	1b846e2fef07055b60360b4ba9d8db0d5bf69b448c8bb243e09272c35643c81e	datasets/IdenProf/idenprof/train/farmer/farmer-504.jpg	train_dataset/normal/farmer/farmer-504.jpg
farmer	1c0f673312a66b13e756fce0dedc0115d79c68f0f2dc4ec8e147b054eff4811b	datasets/IdenProf/idenprof/train/farmer/farmer-308.jpg	train_dataset/normal/farmer/farmer-308.jpg
farmer	1c1ca70e7fc33d2b27f631c78f72130bbfc973c53c44363763bcdd848ded0154	datasets/IdenProf/idenprof/train/farmer/farmer-875.jpg	train_dataset/normal/farmer/farmer-875.jpg
farmer	1c3f66d8579c2ce65b4630237d3b0d2119f0fd9af1260dafd916712060a385c5	datasets/IdenProf/idenprof/train/farmer/farmer-537.jpg	train_dataset/normal/farmer/farmer-537.jpg
farmer	1c6a34e12be0eb2191e5a53956a8c6e68f32e6cb0ef949faa2638c64ed387e4b	datasets/IdenProf/idenprof/train/farmer/farmer-291.jpg	train_dataset/normal/farmer/farmer-291.jpg
farmer	1cb39d3155e1261c0e7edabd597af04a88416c967ace6c66ea8c51e3428db0a6	datasets/IdenProf/idenprof/train/farmer/farmer-587.jpg	train_dataset/normal/farmer/farmer-587.jpg
farmer	1cca5e398268f2185f0adcf72988ea8a711bb7c391d937451cbbd8137ccaebc4	datasets/IdenProf/idenprof/train/farmer/farmer-388.jpg	train_dataset/normal/farmer/farmer-388.jpg
farmer	1d0e728a63168780a116e02291dee946942f7b0e5dc08c7f34141b11581f3390	datasets/IdenProf/idenprof/train/farmer/farmer-604.jpg	train_dataset/normal/farmer/farmer-604.jpg
farmer	1d0eb80d1c355ef0ab5c1fca329f6711953fa897ceee031d8635f737918c30ba	datasets/IdenProf/idenprof/train/farmer/farmer-361.jpg	train_dataset/normal/farmer/farmer-361.jpg
farmer	1e11882000cf099cf042788e6d6479e5cfba1f8b21bebc745d7bb4247fe0465e	datasets/IdenProf/idenprof/train/farmer/farmer-603.jpg	train_dataset/normal/farmer/farmer-603.jpg
farmer	1eaed4e75df13d954b74599607dfda85aa0ebef9c14ebae010e66d149be2d3d0	datasets/IdenProf/idenprof/train/farmer/farmer-600.jpg	train_dataset/normal/farmer/farmer-600.jpg
farmer	1f3b440d11f527271a45ce38b16640556faf9b12b173f55cc8272983725c5988	datasets/IdenProf/idenprof/train/farmer/farmer-141.jpg	train_dataset/normal/farmer/farmer-141.jpg
farmer	1f6b2665fe6c5dbc654db3c0e7909edd96ce2d7be09b7318f429ccb50229a070	datasets/IdenProf/idenprof/train/farmer/farmer-578.jpg	train_dataset/normal/farmer/farmer-578.jpg
farmer	1f75492a4d72352d95a54e76d65abed7f4c5b9373bed1c158748f228fed205eb	datasets/IdenProf/idenprof/train/farmer/farmer-475.jpg	train_dataset/normal/farmer/farmer-475.jpg
farmer	1f7ffe068f7e6107e5564bc9a5ee8a10519621bc804065c76bcf795d7b0f0108	datasets/IdenProf/idenprof/train/farmer/farmer-238.jpg	train_dataset/normal/farmer/farmer-238.jpg
farmer	1f9f741d57598eee40c4fac915d2e1fc9a76e10e5be9d8555c176b19d0e76b78	datasets/IdenProf/idenprof/train/farmer/farmer-701.jpg	train_dataset/normal/farmer/farmer-701.jpg
farmer	1fe78d87c5bd3e7312cad4a6c4f41e96817ca2adf0ccdcbb74889ba84407cdbf	datasets/IdenProf/idenprof/train/farmer/farmer-834.jpg	train_dataset/normal/farmer/farmer-834.jpg
farmer	20ab7d85f22cbe8bff7be8d6b8ee0433631f1f195df9d14b17e267b760850050	datasets/IdenProf/idenprof/train/farmer/farmer-724.jpg	train_dataset/normal/farmer/farmer-724.jpg
farmer	211d21e6f7cbfc4790c89ebe763a9e72fcdd9b97933c0a0e13c0c3930e3960d9	datasets/IdenProf/idenprof/train/farmer/farmer-282.jpg	train_dataset/normal/farmer/farmer-282.jpg
farmer	217c88fb095220bb31259a0867fef5f03e540c396a4eb78e09c9b57d1715952f	datasets/IdenProf/idenprof/train/farmer/farmer-234.jpg	train_dataset/normal/farmer/farmer-234.jpg
farmer	22057b70a2acea19682336e42cc7d247d6fd63b60b7891935a2d23d4273bd3a8	datasets/IdenProf/idenprof/train/farmer/farmer-511.jpg	train_dataset/normal/farmer/farmer-511.jpg
farmer	228036c5b0f8c5cffabdca38f592e6a685c737fb9597b3caf46ce69d979080fc	datasets/IdenProf/idenprof/train/farmer/farmer-789.jpg	train_dataset/normal/farmer/farmer-789.jpg
farmer	22a14eca7dfc9f1d9b97266d45bb7ab88edd2be431dbd3370df77263a3ff9946	datasets/IdenProf/idenprof/train/farmer/farmer-123.jpg	train_dataset/normal/farmer/farmer-123.jpg
farmer	22e220406b4fb4a04c64a2c569605e106fdce7a6445d401b6db297491f89f34f	datasets/IdenProf/idenprof/train/farmer/farmer-483.jpg	train_dataset/normal/farmer/farmer-483.jpg
farmer	23842f58f906eaf0f6cfcf04ef5604e7f4edb4b5a662daddcd67a6ae57d82bd9	datasets/IdenProf/idenprof/train/farmer/farmer-850.jpg	train_dataset/normal/farmer/farmer-850.jpg
farmer	23ba70fbe0f1b8bed853199d83bffd40207495328f5648ad3f04fc25c45ef8a6	datasets/IdenProf/idenprof/train/farmer/farmer-575.jpg	train_dataset/normal/farmer/farmer-575.jpg
farmer	23c4f520588a05bd5d4be350b6d212d4af1df7d654a5b5e21ec4abb093ad651b	datasets/IdenProf/idenprof/train/farmer/farmer-134.jpg	train_dataset/normal/farmer/farmer-134.jpg
farmer	25249955838e925665c3764c3f28344b6fed242379cf1e9e64a82c5a3088e8a0	datasets/IdenProf/idenprof/train/farmer/farmer-756.jpg	train_dataset/normal/farmer/farmer-756.jpg
farmer	25260d31c3a7b9bd3a148ae0fac036a4a7fd6d959b74127a52e37f11cfe4cfec	datasets/IdenProf/idenprof/train/farmer/farmer-891.jpg	train_dataset/normal/farmer/farmer-891.jpg
farmer	2559801f46c08ef49c747aab3c74cadadb0af696f30e8efe8af0a97a3d6d4f91	datasets/IdenProf/idenprof/train/farmer/farmer-718.jpg	train_dataset/normal/farmer/farmer-718.jpg
farmer	255f870a4a64619ffe624065425d2091793cb1cd2b6d0ba0020e0d0cbf476559	datasets/IdenProf/idenprof/train/farmer/farmer-384.jpg	train_dataset/normal/farmer/farmer-384.jpg
farmer	256281378287c219bfe56cdc445133a8c60d56956a8a726bfac677d6c160f351	datasets/IdenProf/idenprof/train/farmer/farmer-755.jpg	train_dataset/normal/farmer/farmer-755.jpg
farmer	259e5885eb930db47570e35e7ad1fce8feac73696dac211346d45b82e87e4fc3	datasets/IdenProf/idenprof/train/farmer/farmer-842.jpg	train_dataset/normal/farmer/farmer-842.jpg
farmer	25ee2fa4bd5e291a251870540d20b56005bf1508c27750ef49d5b25f78b3bd0c	datasets/IdenProf/idenprof/train/farmer/farmer-457.jpg	train_dataset/normal/farmer/farmer-457.jpg
farmer	25fff0b06f2a84ec404380d8c94e8576a5e4ab98cec25d394705998cd6733553	datasets/IdenProf/idenprof/train/farmer/farmer-304.jpg	train_dataset/normal/farmer/farmer-304.jpg
farmer	263be2d7e3a8b567479a318ddea1ff1af37c26080355a2903fbd4807a9ee6d5e	datasets/IdenProf/idenprof/train/farmer/farmer-864.jpg	train_dataset/normal/farmer/farmer-864.jpg
farmer	263bfbb4b50c9e1932066a71efa6112503e5ef298c6db6f0e6c1227b032d8e36	datasets/IdenProf/idenprof/train/farmer/farmer-590.jpg	train_dataset/normal/farmer/farmer-590.jpg
farmer	26bfff5c91fe6f0c76478a11cbb172d9cefff21e2a8d5a67b55a3e4857d7d966	datasets/IdenProf/idenprof/train/farmer/farmer-664.jpg	train_dataset/normal/farmer/farmer-664.jpg
farmer	26eeb725d00dcc6581fb8af4883708556eadfd525c59545936bb1f128109fa5b	datasets/IdenProf/idenprof/train/farmer/farmer-556.jpg	train_dataset/normal/farmer/farmer-556.jpg
farmer	27950e64d8624514e02ef5c918038b037ef2315badb0db686a967b5690255f15	datasets/IdenProf/idenprof/train/farmer/farmer-142.jpg	train_dataset/normal/farmer/farmer-142.jpg
farmer	280020cdb59a5514be7b96853d01dd88642a6b6da0a3640e83751d59e692e75a	datasets/IdenProf/idenprof/train/farmer/farmer-13.jpg	train_dataset/normal/farmer/farmer-13.jpg
farmer	28b1123e951bd900f68e34cd75d7fab0a52c7d00f391772c80b01c1c4b7d4ce8	datasets/IdenProf/idenprof/train/farmer/farmer-337.jpg	train_dataset/normal/farmer/farmer-337.jpg
farmer	28f6ef9c9fc1b44c4b10cacc709966a30629e9d2eea376ec69972ffa99381839	datasets/IdenProf/idenprof/train/farmer/farmer-379.jpg	train_dataset/normal/farmer/farmer-379.jpg
farmer	296b9fa3718f43d92823a95a4151951d565c5e4f29a0d0b8dc2e363685dc70dc	datasets/IdenProf/idenprof/train/farmer/farmer-281.jpg	train_dataset/normal/farmer/farmer-281.jpg
farmer	29922614f892fc69590a30f41cfb35f3b354c402382c9f1546d8132b13e96e95	datasets/IdenProf/idenprof/train/farmer/farmer-168.jpg	train_dataset/normal/farmer/farmer-168.jpg
farmer	29ba18601fc2baec675f5f6cb8c3b35e5244ec5175affe383594021e87773452	datasets/IdenProf/idenprof/train/farmer/farmer-183.jpg	train_dataset/normal/farmer/farmer-183.jpg
farmer	29c9b53282d1b3c90da0b71cac5f3bb07933ecd85149850631c2f1dc6f6c40d7	datasets/IdenProf/idenprof/train/farmer/farmer-567.jpg	train_dataset/normal/farmer/farmer-567.jpg
farmer	29e56eaa3da9eea9faf0a1623e7f6fd9de6174aac536182f64d620ccede61ef0	datasets/IdenProf/idenprof/train/farmer/farmer-260.jpg	train_dataset/normal/farmer/farmer-260.jpg
farmer	2a04839e9143c1caad89c2725618664f3bcdfdf4a73d67a008519f8b3778cd01	datasets/IdenProf/idenprof/train/farmer/farmer-364.jpg	train_dataset/normal/farmer/farmer-364.jpg
farmer	2a51e030b45d6130bc22c7bd4ee3110de8d0d4452a8e897197017e4eb6f8f7e3	datasets/IdenProf/idenprof/train/farmer/farmer-769.jpg	train_dataset/normal/farmer/farmer-769.jpg
farmer	2a6a994b083ab10f131a64e55f78a571bb25694e6de672d0b24d9e2c21ecc93b	datasets/IdenProf/idenprof/train/farmer/farmer-880.jpg	train_dataset/normal/farmer/farmer-880.jpg
farmer	2abc08c2b33c801f85326e23900bd9241823fd9270e954e717944b95d31800d6	datasets/IdenProf/idenprof/train/farmer/farmer-368.jpg	train_dataset/normal/farmer/farmer-368.jpg
farmer	2ae6fe94e9494eff4cf7567ad450aeebdf15b2eae954338fc9e30b3ce928c96f	datasets/IdenProf/idenprof/train/farmer/farmer-114.jpg	train_dataset/normal/farmer/farmer-114.jpg
farmer	2be7ab840e74d9a6b3271f2b60d2683b0022f524a986831815dcda60be812560	datasets/IdenProf/idenprof/train/farmer/farmer-151.jpg	train_dataset/normal/farmer/farmer-151.jpg
farmer	2beab63557ee247a8448afd9be0d4aae3b5803ad1054d821b1ac9306f9f566ba	datasets/IdenProf/idenprof/train/farmer/farmer-669.jpg	train_dataset/normal/farmer/farmer-669.jpg
farmer	2bfe540f7767fde28ef530979645ac0f5fa23598d216c2654cd4a8bd3633804d	datasets/IdenProf/idenprof/train/farmer/farmer-81.jpg	train_dataset/normal/farmer/farmer-81.jpg
farmer	2c50fe719ca8c01cabbf4967f9babc30255739fb2e136ad57d80c313967a2a0a	datasets/IdenProf/idenprof/train/farmer/farmer-310.jpg	train_dataset/normal/farmer/farmer-310.jpg
farmer	2c6a585801bfc0ab920bb48eeb6c38d377e132b08ca2c69720348ca806596ee4	datasets/IdenProf/idenprof/train/farmer/farmer-757.jpg	train_dataset/normal/farmer/farmer-757.jpg
farmer	2cacba594c4ab4ef4dcead44435baeb89fc814238e2c7db7a00be24893c5bfa7	datasets/IdenProf/idenprof/train/farmer/farmer-726.jpg	train_dataset/normal/farmer/farmer-726.jpg
farmer	2d0c11d3c3902e94e335f728b1f057a937a7beeb577fb4d4db4e15c3c9c26e8d	datasets/IdenProf/idenprof/train/farmer/farmer-68.jpg	train_dataset/normal/farmer/farmer-68.jpg
farmer	2d109c78e42bb4f6c4b49ded4df2673f47c8a903bc4b27ea048dfbd5d322d674	datasets/IdenProf/idenprof/train/farmer/farmer-558.jpg	train_dataset/normal/farmer/farmer-558.jpg
farmer	2d7e1d1531492f3dd1197941ddb4bb0d7d362e64b12d08e1f9693813dbdcc90e	datasets/IdenProf/idenprof/train/farmer/farmer-744.jpg	train_dataset/normal/farmer/farmer-744.jpg
farmer	2daab5ae75e45f8e87ea084da1bca2cd18b1fcb9d04bec76f753558743a34de4	datasets/IdenProf/idenprof/train/farmer/farmer-568.jpg	train_dataset/normal/farmer/farmer-568.jpg
farmer	2dd812b3e6e7ecf4f003f2c580f5e63ba4b0f8dd619a9e596bb2f9ddae326964	datasets/IdenProf/idenprof/train/farmer/farmer-279.jpg	train_dataset/normal/farmer/farmer-279.jpg
farmer	2df46d520cdd7737e09da5c5192cdef0dcf8af152f35497b4000158da9251dba	datasets/IdenProf/idenprof/train/farmer/farmer-112.jpg	train_dataset/normal/farmer/farmer-112.jpg
farmer	2e87de3e9d0fc5e01be96f1f5504efcf071fbeb809fdfbb2960c5306b8c1560f	datasets/IdenProf/idenprof/train/farmer/farmer-252.jpg	train_dataset/normal/farmer/farmer-252.jpg
farmer	2ea741f74fe4a99602c98275e6ee0dd45af80211cb6e0d4be2d4732a6e75a059	datasets/IdenProf/idenprof/train/farmer/farmer-485.jpg	train_dataset/normal/farmer/farmer-485.jpg
farmer	2f37268f95b83be0df4e97623ab845697bb6575c3c26d3fa0c65977ed56e453f	datasets/IdenProf/idenprof/train/farmer/farmer-227.jpg	train_dataset/normal/farmer/farmer-227.jpg
farmer	2f7f3e0b5a5ea4fb2a28715f70f7d9e042dc05eeba880d94c8fa287e2213c123	datasets/IdenProf/idenprof/train/farmer/farmer-23.jpg	train_dataset/normal/farmer/farmer-23.jpg
farmer	2f955bca2651e99460033bb4d78679c04d17f8d4a3fec5f6dbeee27dcd4d7ac9	datasets/IdenProf/idenprof/train/farmer/farmer-717.jpg	train_dataset/normal/farmer/farmer-717.jpg
farmer	2f9c721297bf800e0a93c771c0b8bbd4295fc8476b793584542cd698a6a916f6	datasets/IdenProf/idenprof/train/farmer/farmer-866.jpg	train_dataset/normal/farmer/farmer-866.jpg
farmer	3016aad9db3374c69e926e1a80174b804fc466a929de0dfc0356a9ab342df5e5	datasets/IdenProf/idenprof/train/farmer/farmer-240.jpg	train_dataset/normal/farmer/farmer-240.jpg
farmer	305ff989d4b73af11b45ff987106e20ebf610047ecca90f277be8fe7f5b6fed1	datasets/IdenProf/idenprof/train/farmer/farmer-713.jpg	train_dataset/normal/farmer/farmer-713.jpg
farmer	30ee5b35c238914cbb20682f522616ca4edb2bfb8a59875735d906780f9ed714	datasets/IdenProf/idenprof/train/farmer/farmer-555.jpg	train_dataset/normal/farmer/farmer-555.jpg
farmer	31594b417b8707b5270927cf10a50ff69210c8af55805a1be2e8b66c940eb9f1	datasets/IdenProf/idenprof/train/farmer/farmer-58.jpg	train_dataset/normal/farmer/farmer-58.jpg
farmer	31724a0d69cc88c5a3bc78e2872f38788232953bcf1d15ea519f671820aec3b5	datasets/IdenProf/idenprof/train/farmer/farmer-525.jpg	train_dataset/normal/farmer/farmer-525.jpg
farmer	31fbe1789b72f8e09f94f5701b369e362a307e8b979d37b60dfa332ac2739ccf	datasets/IdenProf/idenprof/train/farmer/farmer-185.jpg	train_dataset/normal/farmer/farmer-185.jpg
farmer	3233934dc37bb391a07b04fda45861e06e54bf34276c85b77fce3fe2b7938dae	datasets/IdenProf/idenprof/train/farmer/farmer-186.jpg	train_dataset/normal/farmer/farmer-186.jpg
farmer	32386d545dd54cc4e8d15bcddb2d8f25118d94f5e38d194b8745049916bfac0f	datasets/IdenProf/idenprof/train/farmer/farmer-560.jpg	train_dataset/normal/farmer/farmer-560.jpg
farmer	3249cf047f120652f03617b9f3423d81e06aa52cf90331f9cc5a50c8e58c0fc7	datasets/IdenProf/idenprof/train/farmer/farmer-806.jpg	train_dataset/normal/farmer/farmer-806.jpg
farmer	3263001466cc1b30031ab2f18d3000a1ac7a8d9052ec50e1d5c0a2478fcc99b5	datasets/IdenProf/idenprof/train/farmer/farmer-817.jpg	train_dataset/normal/farmer/farmer-817.jpg
farmer	327aa0aabc6100d5e5348aadc3fde118e19059ec325336313a6a155e9f2ef152	datasets/IdenProf/idenprof/train/farmer/farmer-508.jpg	train_dataset/normal/farmer/farmer-508.jpg
farmer	32985fd63e089c498d68961df12742368e7f630030ab1ab24f688675032506e6	datasets/IdenProf/idenprof/train/farmer/farmer-527.jpg	train_dataset/normal/farmer/farmer-527.jpg
farmer	33d67a03f2a64ea46e0fee3646020885fc90b8298b78d247dc4f28806f40088c	datasets/IdenProf/idenprof/train/farmer/farmer-591.jpg	train_dataset/normal/farmer/farmer-591.jpg
farmer	33ec390f6965f5605aa15752065428595635e8fe09c93c5cc181238135f78553	datasets/IdenProf/idenprof/train/farmer/farmer-791.jpg	train_dataset/normal/farmer/farmer-791.jpg
farmer	341a3f36b834979c9210080c6b3a69d66778bb5d7783112a2fcaa9723e5b8138	datasets/IdenProf/idenprof/train/farmer/farmer-278.jpg	train_dataset/normal/farmer/farmer-278.jpg
farmer	343e2d3126ca044848231e446a8d8afd8b869c0a296ae985f3f243abd8107c84	datasets/IdenProf/idenprof/train/farmer/farmer-890.jpg	train_dataset/normal/farmer/farmer-890.jpg
farmer	3455e59c1014bc18e04614987b93c990d64695aaf1c856c1cb24d6d7183eb26a	datasets/IdenProf/idenprof/train/farmer/farmer-652.jpg	train_dataset/normal/farmer/farmer-652.jpg
farmer	349eed077d95c027cb67a656a572a085d71e999ae2d595dc3aaa440dc21215e9	datasets/IdenProf/idenprof/train/farmer/farmer-339.jpg	train_dataset/normal/farmer/farmer-339.jpg
farmer	34a6cd98ed0c4e0a5f12c6011d343010358984940a3ccb59df4b67b482060c08	datasets/IdenProf/idenprof/train/farmer/farmer-138.jpg	train_dataset/normal/farmer/farmer-138.jpg
farmer	34e79bc786e94a3a13db1f6853859d94386df2f75197a6042783fc2dcd2d688b	datasets/IdenProf/idenprof/train/farmer/farmer-267.jpg	train_dataset/normal/farmer/farmer-267.jpg
farmer	351fa499afa27e638e79fdd65a568900c9f3be9deaf3293509d6193b3475ecab	datasets/IdenProf/idenprof/train/farmer/farmer-794.jpg	train_dataset/normal/farmer/farmer-794.jpg
farmer	35ccb4dca4ab8ade0dc3e506972b20d27c447f2f408c37ec741f1cd52aba64aa	datasets/IdenProf/idenprof/train/farmer/farmer-42.jpg	train_dataset/normal/farmer/farmer-42.jpg
farmer	35fbe1f26a618e36231ce849c212eed639ff118943481c0cc9343110535eabea	datasets/IdenProf/idenprof/train/farmer/farmer-381.jpg	train_dataset/normal/farmer/farmer-381.jpg
farmer	369624f52c5f4be3852a91dac0d23f26f47b65bceea01aef5fb111c466d1919a	datasets/IdenProf/idenprof/train/farmer/farmer-509.jpg	train_dataset/normal/farmer/farmer-509.jpg
farmer	371f34d8a2a94b9b2012e641bb96e65ed73c2efc032f09c541eda2403bf9db02	datasets/IdenProf/idenprof/train/farmer/farmer-380.jpg	train_dataset/normal/farmer/farmer-380.jpg
farmer	3796fa7e9e85be0a509aecc44add507f17965464c925d94f8b3a885195492d23	datasets/IdenProf/idenprof/train/farmer/farmer-20.jpg	train_dataset/normal/farmer/farmer-20.jpg
farmer	37cda9cec64b1943e0d39e05b7afa3896edd70c7d0b7598c3ad3d7ed810fd2bc	datasets/IdenProf/idenprof/train/farmer/farmer-319.jpg	train_dataset/normal/farmer/farmer-319.jpg
farmer	37d5b3fdb2f3e3f58759ee11a61319b3c463fa92d2f624e5cb1f5db0ce349da0	datasets/IdenProf/idenprof/train/farmer/farmer-145.jpg	train_dataset/normal/farmer/farmer-145.jpg
farmer	3803a8b7d2f63ff605fa1449c5f9e25dfbe96fb4b1e864e7cd080c3718d751c3	datasets/IdenProf/idenprof/train/farmer/farmer-640.jpg	train_dataset/normal/farmer/farmer-640.jpg
farmer	38274d533ca87a31ac348c46da461055d765bade466c3fa36235774ddfb42246	datasets/IdenProf/idenprof/train/farmer/farmer-206.jpg	train_dataset/normal/farmer/farmer-206.jpg
farmer	385eeea277615648eadd0e7500be328b630c2d995927ac574db13c4cec7a1de7	datasets/IdenProf/idenprof/train/farmer/farmer-402.jpg	train_dataset/normal/farmer/farmer-402.jpg
farmer	3a03732ca44c84ddc81ca3f8eaf01053dd317ae07cf6c2b970506a864fbd9a39	datasets/IdenProf/idenprof/train/farmer/farmer-110.jpg	train_dataset/normal/farmer/farmer-110.jpg
farmer	3a49b0baba40ee194f4990dd9c38d394265c2410507de1c6a985b012fd2e4ca8	datasets/IdenProf/idenprof/train/farmer/farmer-107.jpg	train_dataset/normal/farmer/farmer-107.jpg
farmer	3a6bba6c0af18d9784f551fd11add5b2522b512352b99af1dd5d850cb28bce82	datasets/IdenProf/idenprof/train/farmer/farmer-162.jpg	train_dataset/normal/farmer/farmer-162.jpg
farmer	3a7a188691d3b55aa8d92472081bd9f4ddfb8e89a1a82e2cf68406b32b6c4558	datasets/IdenProf/idenprof/train/farmer/farmer-262.jpg	train_dataset/normal/farmer/farmer-262.jpg
farmer	3a80e5ce420e1065b8bbddc799ca5a46156c1ad39e83600490dd0360faed6964	datasets/IdenProf/idenprof/train/farmer/farmer-374.jpg	train_dataset/normal/farmer/farmer-374.jpg
farmer	3af70cf43929dbb51b105e1993806de979dd103a6bcac11f6f912830d63afa5a	datasets/IdenProf/idenprof/train/farmer/farmer-129.jpg	train_dataset/normal/farmer/farmer-129.jpg
farmer	3b2d5ab8699c7c0b72bb6596bccae677f5bc76cde61fae9710d640fdb7011586	datasets/IdenProf/idenprof/train/farmer/farmer-56.jpg	train_dataset/normal/farmer/farmer-56.jpg
farmer	3b327394fd35c3811afbafda1bd4d48dffa023589713de2c2f213de87fe4b1ec	datasets/IdenProf/idenprof/train/farmer/farmer-471.jpg	train_dataset/normal/farmer/farmer-471.jpg
farmer	3b9ff05304d3c5e1fec74f1c66baf09c14f41cf3cbd5083f37c323c5ac8529a9	datasets/IdenProf/idenprof/train/farmer/farmer-651.jpg	train_dataset/normal/farmer/farmer-651.jpg
farmer	3c1425d92c2fdf36c662a94cd567fb76122da6960cacdd6f1e5af9177ea07b42	datasets/IdenProf/idenprof/train/farmer/farmer-563.jpg	train_dataset/normal/farmer/farmer-563.jpg
farmer	3c25374d888b0591bbdc09b41b88e6e09711374f95744147e58fab3cf4a73f4f	datasets/IdenProf/idenprof/train/farmer/farmer-808.jpg	train_dataset/normal/farmer/farmer-808.jpg
farmer	3c6fd64023697bcf35201cdab4722c10eda99111f74b054655883dd0ba585539	datasets/IdenProf/idenprof/train/farmer/farmer-695.jpg	train_dataset/normal/farmer/farmer-695.jpg
farmer	3d6d06bf71c28a68a315edf15fcfd7ffd10f9683261472167d46cf7d08217b00	datasets/IdenProf/idenprof/train/farmer/farmer-27.jpg	train_dataset/normal/farmer/farmer-27.jpg
farmer	3d94e0c4c19393f913d7fd49cd488890ec8fed097bbba1379ca0a377a6d6bfb6	datasets/IdenProf/idenprof/train/farmer/farmer-326.jpg	train_dataset/normal/farmer/farmer-326.jpg
farmer	3dd37e0a11b31d325f7a33b56b2c0f1f0bb6b8928ddf2dd5728d41afabe4e077	datasets/IdenProf/idenprof/train/farmer/farmer-365.jpg	train_dataset/normal/farmer/farmer-365.jpg
farmer	3df3df74e5b456c80dd0eed0bcf065d54a02f02100e6738edd5af815ebf590f2	datasets/IdenProf/idenprof/train/farmer/farmer-96.jpg	train_dataset/normal/farmer/farmer-96.jpg
farmer	3e6aa692ae95a66cfa44991b2e81b543e8e98f7200f93cf03085065447a24f37	datasets/IdenProf/idenprof/train/farmer/farmer-369.jpg	train_dataset/normal/farmer/farmer-369.jpg
farmer	3ea8c039f6299a9d3cbe79c29f54771244bd6f616423a23017f60854d0d8f58e	datasets/IdenProf/idenprof/train/farmer/farmer-352.jpg	train_dataset/normal/farmer/farmer-352.jpg
farmer	3ebb4ad0e6511d2862337750d3b72b024d5dc7acb6eec9dca46fa7fc38c6601e	datasets/IdenProf/idenprof/train/farmer/farmer-535.jpg	train_dataset/normal/farmer/farmer-535.jpg
farmer	3f5eb08b418e162ddaf72eb6f5f30a6ddade4bc383a0c55878d2d48c58f81f56	datasets/IdenProf/idenprof/train/farmer/farmer-680.jpg	train_dataset/normal/farmer/farmer-680.jpg
farmer	3f932d71d31ff0503542ac4a9e6a922508cd284336ca3c0a0efa49e87d5db38b	datasets/IdenProf/idenprof/train/farmer/farmer-816.jpg	train_dataset/normal/farmer/farmer-816.jpg
farmer	3fa5562de1b8bc28b8288cdecbfed95994725f136280d9ed1a0a6207be210677	datasets/IdenProf/idenprof/train/farmer/farmer-515.jpg	train_dataset/normal/farmer/farmer-515.jpg
farmer	3fdca997fee65b0790d3faec94881de2476ac511df930ece96a67c30a53e8676	datasets/IdenProf/idenprof/train/farmer/farmer-34.jpg	train_dataset/normal/farmer/farmer-34.jpg
farmer	40ab5dadc64678d8cbe96d4608627ecc876c58343096d9aea9b6c59b1a89ef1c	datasets/IdenProf/idenprof/train/farmer/farmer-852.jpg	train_dataset/normal/farmer/farmer-852.jpg
farmer	41b653cbc2782b921a26e929a5d583e1d36da6dcbcf541d19765a18d3c5260ac	datasets/IdenProf/idenprof/train/farmer/farmer-498.jpg	train_dataset/normal/farmer/farmer-498.jpg
farmer	41e0083768eef22f662e1d30a7ff90e761fc11aadb2bd40c8c002d21025ecf62	datasets/IdenProf/idenprof/train/farmer/farmer-373.jpg	train_dataset/normal/farmer/farmer-373.jpg
farmer	42550f3a3b37307daab906f2e1062b81eebdf11acc1aedd2058d0055db03f44a	datasets/IdenProf/idenprof/train/farmer/farmer-592.jpg	train_dataset/normal/farmer/farmer-592.jpg
farmer	42f88e0c03f9b9f513020d43bd54252078e10741db24cd15ff7c473402f4e489	datasets/IdenProf/idenprof/train/farmer/farmer-172.jpg	train_dataset/normal/farmer/farmer-172.jpg
farmer	4393824acac71b8e6d68068fe5cfda35f6df940aa2962692209ac8ec575233e4	datasets/IdenProf/idenprof/train/farmer/farmer-666.jpg	train_dataset/normal/farmer/farmer-666.jpg
farmer	43d20d7c6e361e9840700a1ae04c1cfb2ddad2d244e32289b12ee3e97e63454c	datasets/IdenProf/idenprof/train/farmer/farmer-449.jpg	train_dataset/normal/farmer/farmer-449.jpg
farmer	43e757c677a9177d15fedc65420a15bd5ae13514e4e5014fa68d9b6d9dc8d1c2	datasets/IdenProf/idenprof/train/farmer/farmer-236.jpg	train_dataset/normal/farmer/farmer-236.jpg
farmer	44676769beda16e694f5ad7267ca0a4a80423ebe8350177bbe2bab2b7957843b	datasets/IdenProf/idenprof/train/farmer/farmer-333.jpg	train_dataset/normal/farmer/farmer-333.jpg
farmer	45392c05b1608638c4a28df16be88ad3c39419fb2525c1fc3620ac7266e8edca	datasets/IdenProf/idenprof/train/farmer/farmer-534.jpg	train_dataset/normal/farmer/farmer-534.jpg
farmer	454f1fa3b6e70c86b35bba51d8ea72a33b8779003c8b509585d9338cd0044613	datasets/IdenProf/idenprof/train/farmer/farmer-573.jpg	train_dataset/normal/farmer/farmer-573.jpg
farmer	4556044b62433dee0c714ccfd930c27f71de3ffce51c0f0c26cee8497d7e770c	datasets/IdenProf/idenprof/train/farmer/farmer-159.jpg	train_dataset/normal/farmer/farmer-159.jpg
farmer	4565c74ff223073960113a3bda2195ff4eb9580b33bfc710ca9502e0ff6afe6b	datasets/IdenProf/idenprof/train/farmer/farmer-758.jpg	train_dataset/normal/farmer/farmer-758.jpg
farmer	466197ca5b13d1027ca751d5b879f8ca303839d25395ca418b7e1353088191f6	datasets/IdenProf/idenprof/train/farmer/farmer-775.jpg	train_dataset/normal/farmer/farmer-775.jpg
farmer	4669e1ff10473fe1a29d9479510d9b25dc29f0f61ff9af2e8278e22f0cdc150c	datasets/IdenProf/idenprof/train/farmer/farmer-359.jpg	train_dataset/normal/farmer/farmer-359.jpg
farmer	468ab8e6406f1c62af29fae8152098280673f613cd04a13d4eb6f4aef1d795c3	datasets/IdenProf/idenprof/train/farmer/farmer-649.jpg	train_dataset/normal/farmer/farmer-649.jpg
farmer	47505a7b18d768f821d9238c243cc8f08e295ee88bbaa701e954fbe7288cc73f	datasets/IdenProf/idenprof/train/farmer/farmer-481.jpg	train_dataset/normal/farmer/farmer-481.jpg
farmer	4762fc65aca4003c37718595f915fc6881a3e7f1bec4db3871b9ae8480f01469	datasets/IdenProf/idenprof/train/farmer/farmer-302.jpg	train_dataset/normal/farmer/farmer-302.jpg
farmer	47a0daa608598640824104d1a8a10eaa770c762bf62401d8134f6494bd230daf	datasets/IdenProf/idenprof/train/farmer/farmer-846.jpg	train_dataset/normal/farmer/farmer-846.jpg
farmer	47f30d5eeba4f62d65805d44c46f86819fe234bfa8cde163be8423be42b18a77	datasets/IdenProf/idenprof/train/farmer/farmer-813.jpg	train_dataset/normal/farmer/farmer-813.jpg
farmer	47f580deba39b1c68d0f0964e85f7d86ed0ff701579f9e88b720c11c0c10a443	datasets/IdenProf/idenprof/train/farmer/farmer-60.jpg	train_dataset/normal/farmer/farmer-60.jpg
farmer	48207f1b65aa9301f903e883f1cb548e90aa366afead6d0badbf6844547f119a	datasets/IdenProf/idenprof/train/farmer/farmer-43.jpg	train_dataset/normal/farmer/farmer-43.jpg
farmer	48c19ec75b73c04d9c61984f735e0a3693419736dad1dce4d78a14d9511deb19	datasets/IdenProf/idenprof/train/farmer/farmer-619.jpg	train_dataset/normal/farmer/farmer-619.jpg
farmer	48e4c2597cb5e231b1fcd4e4f31f38b009f2ce22dd2f174585ae56f3fb425e86	datasets/IdenProf/idenprof/train/farmer/farmer-55.jpg	train_dataset/normal/farmer/farmer-55.jpg
farmer	48f898baa18e2815c7933668b0b8c36b35b03a54649e358b2889a3e4cefc2dd2	datasets/IdenProf/idenprof/train/farmer/farmer-6.jpg	train_dataset/normal/farmer/farmer-6.jpg
farmer	496b971be5fbc798c4351e0b00ebe9b157d9b34e79a3a743a0981c0ed60d2aca	datasets/IdenProf/idenprof/train/farmer/farmer-771.jpg	train_dataset/normal/farmer/farmer-771.jpg
farmer	49c6d540a5d4264291efe74387e7f0ec952a293ef1d185bd5dde1e0d867a5642	datasets/IdenProf/idenprof/train/farmer/farmer-59.jpg	train_dataset/normal/farmer/farmer-59.jpg
farmer	4a603784ea12e0f356c103b5862aa83b499fb260789f471f6c348bdc3bf7b8b6	datasets/IdenProf/idenprof/train/farmer/farmer-519.jpg	train_dataset/normal/farmer/farmer-519.jpg
farmer	4aee7937004ccf036fde1c7fe2b65da031a85f49fdea6ad4c6a8e79bf7367f2e	datasets/IdenProf/idenprof/train/farmer/farmer-150.jpg	train_dataset/normal/farmer/farmer-150.jpg
farmer	4b1ec1f8e200cf631e506ff6c6a9d6d7ab391f3592a9c303bb30568c8d34cf76	datasets/IdenProf/idenprof/train/farmer/farmer-203.jpg	train_dataset/normal/farmer/farmer-203.jpg
farmer	4b309684626122ac16d89c268ca6db9efbf19cf2932e16fde93ad298c1171b3a	datasets/IdenProf/idenprof/train/farmer/farmer-803.jpg	train_dataset/normal/farmer/farmer-803.jpg
farmer	4b906f8bd4ac955fa27a579d70eede2102fadc0aa0f72ae8b1397cdff3b7a899	datasets/IdenProf/idenprof/train/farmer/farmer-521.jpg	train_dataset/normal/farmer/farmer-521.jpg
farmer	4c42468d060c72e817b9cad7737854d9d068c236b721f1fd8e626aeba2ee8579	datasets/IdenProf/idenprof/train/farmer/farmer-448.jpg	train_dataset/normal/farmer/farmer-448.jpg
farmer	4cc7c181e8ba7621753c4acc64372eeb7819144037b4858dff00416105abf98a	datasets/IdenProf/idenprof/train/farmer/farmer-215.jpg	train_dataset/normal/farmer/farmer-215.jpg
farmer	4d317fb008a019ce46a7dc0016138a7ed9b2ef5e20a6c019953741f5a1fed10a	datasets/IdenProf/idenprof/train/farmer/farmer-487.jpg	train_dataset/normal/farmer/farmer-487.jpg
farmer	4d91f08327b01a91ae286b4dd68ffaed532ec618e46cc7f75c5c46053ab0c8ac	datasets/IdenProf/idenprof/train/farmer/farmer-663.jpg	train_dataset/normal/farmer/farmer-663.jpg
farmer	4dfc4926f46743e2d09fc05a68f83438e78179e98a391928aa6f948cdd715387	datasets/IdenProf/idenprof/train/farmer/farmer-225.jpg	train_dataset/normal/farmer/farmer-225.jpg
farmer	4e25b753d17e7970e42972e5fce38f2002d3d43ad181fe0dc424f4c3c1d11b41	datasets/IdenProf/idenprof/train/farmer/farmer-490.jpg	train_dataset/normal/farmer/farmer-490.jpg
farmer	4ea3a8e939c69474e2d83ddd3ed11500d6584def2328a556b8e170e9cfe3a3b2	datasets/IdenProf/idenprof/train/farmer/farmer-631.jpg	train_dataset/normal/farmer/farmer-631.jpg
farmer	4f01281cdd2657d04a28e4c4024a755bd24800137b175228fb2f97a3a93f0e49	datasets/IdenProf/idenprof/train/farmer/farmer-289.jpg	train_dataset/normal/farmer/farmer-289.jpg
farmer	4f631cd7ffe5118140812e479ef3befe96f34353ea76f40f4453a21cfe84df19	datasets/IdenProf/idenprof/train/farmer/farmer-175.jpg	train_dataset/normal/farmer/farmer-175.jpg
farmer	4f73aad73d72d7e0c50de8b63913378954524f7146edc7899d4c1caee556d58e	datasets/IdenProf/idenprof/train/farmer/farmer-672.jpg	train_dataset/normal/farmer/farmer-672.jpg
farmer	4f7e2ad973e2b28f0467bed0e0c7a7d17c3389be5f85b1751f9e7e3a02880e05	datasets/IdenProf/idenprof/train/farmer/farmer-464.jpg	train_dataset/normal/farmer/farmer-464.jpg
farmer	505256a42647e15a3ab7a35f6575521084dd41bd555976595dda8abacec4ba26	datasets/IdenProf/idenprof/train/farmer/farmer-532.jpg	train_dataset/normal/farmer/farmer-532.jpg
farmer	509590338fa16201da6ce8b7d77dfb3f6a9852522730c4a334623477378c7c50	datasets/IdenProf/idenprof/train/farmer/farmer-390.jpg	train_dataset/normal/farmer/farmer-390.jpg
farmer	50d0e33bd12de82e07b249ab6e1a2657c1015346f684dc040349c248e6dd2936	datasets/IdenProf/idenprof/train/farmer/farmer-306.jpg	train_dataset/normal/farmer/farmer-306.jpg
farmer	510c92375efa667519592cdf622a06a2811c96479ea3e55c71cd56003ce0895a	datasets/IdenProf/idenprof/train/farmer/farmer-67.jpg	train_dataset/normal/farmer/farmer-67.jpg
farmer	515193a6fbc37d145373d8699bbdb6919ccf8c279336875bf9fe1b0106d31bdc	datasets/IdenProf/idenprof/train/farmer/farmer-118.jpg	train_dataset/normal/farmer/farmer-118.jpg
farmer	51ac854d2496b8e16cad19520be88cf449e4197433ca3932de2b09966d991b85	datasets/IdenProf/idenprof/train/farmer/farmer-840.jpg	train_dataset/normal/farmer/farmer-840.jpg
farmer	51e94ecbee943f1b5d32e46b3394faf628c380c90e04c6c4c1f13c12399649b4	datasets/IdenProf/idenprof/train/farmer/farmer-452.jpg	train_dataset/normal/farmer/farmer-452.jpg
farmer	51f4bba4bad6453e7fd0dda1fc6d77dde641b713f2046366c6e8307d89eeee38	datasets/IdenProf/idenprof/train/farmer/farmer-595.jpg	train_dataset/normal/farmer/farmer-595.jpg
farmer	52bde3245e368474041e3026cf339cf7c01d3cb0623c13d6fc09b19c9742b45d	datasets/IdenProf/idenprof/train/farmer/farmer-237.jpg	train_dataset/normal/farmer/farmer-237.jpg
farmer	52f0c0039ad88d087ebcdec6ff888ad66c42b23e0f7c44ef7c05491eeadc5bba	datasets/IdenProf/idenprof/train/farmer/farmer-639.jpg	train_dataset/normal/farmer/farmer-639.jpg
farmer	53442f7f556f89bdb8c177f34432b855b9ba994044e767318561b4e80453116a	datasets/IdenProf/idenprof/train/farmer/farmer-69.jpg	train_dataset/normal/farmer/farmer-69.jpg
farmer	5356402ac1ae1328b29616e19391b573e9f5e66b41773f537fb448a0ffb7f200	datasets/IdenProf/idenprof/train/farmer/farmer-269.jpg	train_dataset/normal/farmer/farmer-269.jpg
farmer	5399ec55ee81a19f7bd3e885ff8fec31f038191057991864b53f69c9cfe23579	datasets/IdenProf/idenprof/train/farmer/farmer-378.jpg	train_dataset/normal/farmer/farmer-378.jpg
farmer	5399f0ef4a2dd292f1b5206120863d2412c808ee8e99948033af443d8ce950c6	datasets/IdenProf/idenprof/train/farmer/farmer-14.jpg	train_dataset/normal/farmer/farmer-14.jpg
farmer	53ae374226709496893927e153ec4e6f15c212c0a940026d037af851f65e6b01	datasets/IdenProf/idenprof/train/farmer/farmer-265.jpg	train_dataset/normal/farmer/farmer-265.jpg
farmer	54143dd4f966b4498bb297e81ef73e788fa7b39074b8d47e6d9d8b9bb562cbd0	datasets/IdenProf/idenprof/train/farmer/farmer-686.jpg	train_dataset/normal/farmer/farmer-686.jpg
farmer	545f113a987a0c831eaad47aabd823d8bdcb2dbeeaca9c0bb4e0154b15776676	datasets/IdenProf/idenprof/train/farmer/farmer-606.jpg	train_dataset/normal/farmer/farmer-606.jpg
farmer	545f9c6c6a9a015a670a42af1bee22f1a6c874a429a10abdc72a62df61b285d6	datasets/IdenProf/idenprof/train/farmer/farmer-465.jpg	train_dataset/normal/farmer/farmer-465.jpg
farmer	54ede99a183914c4744f9f119fdc5c9b4ae583e20dcf0f4bcc3544de7d4f2d3f	datasets/IdenProf/idenprof/train/farmer/farmer-164.jpg	train_dataset/normal/farmer/farmer-164.jpg
farmer	55690310e451bc96e2336ce9c3854320dcd7283ee14b021611a6d38ea1f5dea5	datasets/IdenProf/idenprof/train/farmer/farmer-117.jpg	train_dataset/normal/farmer/farmer-117.jpg
farmer	55b27ef74f599e2fa831ad8aff8e4cbcfa93a09d08b0784efb88cc3f14521a5b	datasets/IdenProf/idenprof/train/farmer/farmer-53.jpg	train_dataset/normal/farmer/farmer-53.jpg
farmer	55b90467db0a0b826ae83b6f2212e5e1576ac0b8a8bae1a33d758c0cf7836816	datasets/IdenProf/idenprof/train/farmer/farmer-531.jpg	train_dataset/normal/farmer/farmer-531.jpg
farmer	55d23a4148d2de8051f7519e45be73afe92732c5ff93e61de3e15fc560807de3	datasets/IdenProf/idenprof/train/farmer/farmer-797.jpg	train_dataset/normal/farmer/farmer-797.jpg
farmer	5665f82fffdc18cbd674f641f0eacdd7995cf39606de00621131f5f674721bc7	datasets/IdenProf/idenprof/train/farmer/farmer-366.jpg	train_dataset/normal/farmer/farmer-366.jpg
farmer	568d99fd2d0f96f29ee7f85bbf550042879a8c3372279f18ec5bdb68822f57c3	datasets/IdenProf/idenprof/train/farmer/farmer-233.jpg	train_dataset/normal/farmer/farmer-233.jpg
farmer	5693e9397c1d8fe94261e1485edda069b7eb2b0287b50877f735b26f0d33f298	datasets/IdenProf/idenprof/train/farmer/farmer-802.jpg	train_dataset/normal/farmer/farmer-802.jpg
farmer	56c303c9201c66b985a0717645e8e4e37ea8d23ad96625922535daddc6431571	datasets/IdenProf/idenprof/train/farmer/farmer-731.jpg	train_dataset/normal/farmer/farmer-731.jpg
farmer	576b1e90d869a04e3f93b00df2bf6b4abc6a136acb3cbf90ee743abb0bdc16b8	datasets/IdenProf/idenprof/train/farmer/farmer-857.jpg	train_dataset/normal/farmer/farmer-857.jpg
farmer	57a3b1773b9b6ec22b215bb2ebca9617e8d93c0985af59efd16129183bf2537f	datasets/IdenProf/idenprof/train/farmer/farmer-873.jpg	train_dataset/normal/farmer/farmer-873.jpg
farmer	57c8227e7ad1fe627d2cd992e555f63544bea4b763c5f93dbd8cade1f89a706b	datasets/IdenProf/idenprof/train/farmer/farmer-898.jpg	train_dataset/normal/farmer/farmer-898.jpg
farmer	5885699d2c9f7ba7b8d5f9451dcb2f2cfd7a16ecf33eaf67b95c15781844b3bc	datasets/IdenProf/idenprof/train/farmer/farmer-831.jpg	train_dataset/normal/farmer/farmer-831.jpg
farmer	58939307f4efb648e9ebf58fd5209862f51de928a1288dd9d4cde3ee62a22c23	datasets/IdenProf/idenprof/train/farmer/farmer-762.jpg	train_dataset/normal/farmer/farmer-762.jpg
farmer	58f2184ee01a92d0ac37ee815b2f7e761aaad5ed7cff2e906ce4b79b9123f3e1	datasets/IdenProf/idenprof/train/farmer/farmer-714.jpg	train_dataset/normal/farmer/farmer-714.jpg
farmer	599afbd9ee8ac183882982f2e1ec925529615ff489d354cc9b4cf7fe0ac0b083	datasets/IdenProf/idenprof/train/farmer/farmer-345.jpg	train_dataset/normal/farmer/farmer-345.jpg
farmer	59b700f5434b16b245adab29885e5912e076f0c12a13d3a13bfe867d725becfe	datasets/IdenProf/idenprof/train/farmer/farmer-350.jpg	train_dataset/normal/farmer/farmer-350.jpg
farmer	59c1e08826304529590d9ee520b279b8072aaa14c43146dfb4a8d3a1964c25e3	datasets/IdenProf/idenprof/train/farmer/farmer-231.jpg	train_dataset/normal/farmer/farmer-231.jpg
farmer	5a75a2d9fd52232ee21e5be282dd15be1c4fc664f85438105e4672c0a10e503f	datasets/IdenProf/idenprof/train/farmer/farmer-737.jpg	train_dataset/normal/farmer/farmer-737.jpg
farmer	5a9c6b0177dfc0fe1a727e509b2fa41736a88c3a4e738dffe50d21ecd540acb4	datasets/IdenProf/idenprof/train/farmer/farmer-298.jpg	train_dataset/normal/farmer/farmer-298.jpg
farmer	5ac222473f2934d0bd0db507d4dbbba754bec007671419c732bf34471a266dca	datasets/IdenProf/idenprof/train/farmer/farmer-796.jpg	train_dataset/normal/farmer/farmer-796.jpg
farmer	5ad004fac12dda80e606ec4a8ae0517a3fbda179bf7507c0c426bf55a95fc489	datasets/IdenProf/idenprof/train/farmer/farmer-111.jpg	train_dataset/normal/farmer/farmer-111.jpg
farmer	5bd4e56ff46335bd95976a721817d5d33fa9f189545cb13cbf4b354fc3f3c310	datasets/IdenProf/idenprof/train/farmer/farmer-885.jpg	train_dataset/normal/farmer/farmer-885.jpg
farmer	5caf8f52a1b7320d31f37529d86e77e54d7f6c3d9d0270e48044ac5000cfa0ba	datasets/IdenProf/idenprof/train/farmer/farmer-848.jpg	train_dataset/normal/farmer/farmer-848.jpg
farmer	5d078a71e2a0a7def9ffb21c67a0a3db6441ceb4bf45dbf631e2ef710065818c	datasets/IdenProf/idenprof/train/farmer/farmer-732.jpg	train_dataset/normal/farmer/farmer-732.jpg
farmer	5d3c30993a15038c2733111f111da488d43ee337c7e4e9d368d7db645294f298	datasets/IdenProf/idenprof/train/farmer/farmer-343.jpg	train_dataset/normal/farmer/farmer-343.jpg
farmer	5daa0e2dbdf388d9af86ad2158d88e6fa7d70b941586d5a1a7bc87e450a3adae	datasets/IdenProf/idenprof/train/farmer/farmer-668.jpg	train_dataset/normal/farmer/farmer-668.jpg
farmer	5e1e36e39816b0d59d472aa486f8636a1bc5a796c10fd06dcbab682da1e9464f	datasets/IdenProf/idenprof/train/farmer/farmer-761.jpg	train_dataset/normal/farmer/farmer-761.jpg
farmer	5e2200419a8a500cba88339790b6ca892490df0c424f97a84aa5ef666a3681af	datasets/IdenProf/idenprof/train/farmer/farmer-146.jpg	train_dataset/normal/farmer/farmer-146.jpg
farmer	5e361670214768fb89e31a1652a7e4c01f36d83e1ae2c175d3fadef9c4d8f507	datasets/IdenProf/idenprof/train/farmer/farmer-819.jpg	train_dataset/normal/farmer/farmer-819.jpg
farmer	5e65f4a92f07fc8190916edd9b78e2ddf1bf3dba34a822e67546188827b2997c	datasets/IdenProf/idenprof/train/farmer/farmer-285.jpg	train_dataset/normal/farmer/farmer-285.jpg
farmer	5e683c9a99fa3dc14a1bf0fab44477724aa96053c87bdc817eb9daaba0c916ba	datasets/IdenProf/idenprof/train/farmer/farmer-5.jpg	train_dataset/normal/farmer/farmer-5.jpg
farmer	5e809f90660102a13fc2fa65fcc2b8be3bc37f54196b074c583eee5da2f7c1e0	datasets/IdenProf/idenprof/train/farmer/farmer-615.jpg	train_dataset/normal/farmer/farmer-615.jpg
farmer	5ea2e7c090ff86051b60555f7d6864593add674cee41319d40214066356b929a	datasets/IdenProf/idenprof/train/farmer/farmer-86.jpg	train_dataset/normal/farmer/farmer-86.jpg
farmer	5ed5af54bd30ac03c4c14c6bce478cbe9ee02c69da87381853fb8a799bf2aec4	datasets/IdenProf/idenprof/train/farmer/farmer-292.jpg	train_dataset/normal/farmer/farmer-292.jpg
farmer	5efd4f62e4782d39a569964bf83d08030dc32c1d03d6427fcd1c3fc82ec1be11	datasets/IdenProf/idenprof/train/farmer/farmer-546.jpg	train_dataset/normal/farmer/farmer-546.jpg
farmer	5f1631927d428e9741d3f4b8c14487c22b2de81565d33b4a3f5698d7bf701848	datasets/IdenProf/idenprof/train/farmer/farmer-865.jpg	train_dataset/normal/farmer/farmer-865.jpg
farmer	5f447cee21b48afd4359cfcb35908d2c448a67873214bf4a62a6cf56536e1272	datasets/IdenProf/idenprof/train/farmer/farmer-147.jpg	train_dataset/normal/farmer/farmer-147.jpg
farmer	5f478c678e716f1390fd8ae8744e814b2f342786975f36eb31d6d0bd1494cd6a	datasets/IdenProf/idenprof/train/farmer/farmer-74.jpg	train_dataset/normal/farmer/farmer-74.jpg
farmer	5f5c8c8b2a95397185dcdb5c167d9d0d235966d7a7c8e60a6201eec2208ee017	datasets/IdenProf/idenprof/train/farmer/farmer-694.jpg	train_dataset/normal/farmer/farmer-694.jpg
farmer	5f897c580cc6e380a6494f40f9718e27ac7c9eb9e1ce9acfd38d0e7aa27ec02d	datasets/IdenProf/idenprof/train/farmer/farmer-528.jpg	train_dataset/normal/farmer/farmer-528.jpg
farmer	5fb0932cc94cb91ef4c0fa5c3dd9fc5adc02f832265d50aa0cadd15ea026aa44	datasets/IdenProf/idenprof/train/farmer/farmer-760.jpg	train_dataset/normal/farmer/farmer-760.jpg
farmer	5fb2264f3cfc751532f9674a0f893d272d54b6f0621e40c0ff1d788ddcfc17f8	datasets/IdenProf/idenprof/train/farmer/farmer-630.jpg	train_dataset/normal/farmer/farmer-630.jpg
farmer	5fb8c7fa0dfb154b8a8fc168c0e6dc8eee142e9384a461b5813e12c1a52bb521	datasets/IdenProf/idenprof/train/farmer/farmer-566.jpg	train_dataset/normal/farmer/farmer-566.jpg
farmer	5fbe45899242e4f2746efd7601f0e133d56dc536cedb449d29fbfe997dae3c0a	datasets/IdenProf/idenprof/train/farmer/farmer-396.jpg	train_dataset/normal/farmer/farmer-396.jpg
farmer	601e4d06aebd6ffde4d91393704e5dedd998bdf33a98a517d1cc9c601a8cd9ce	datasets/IdenProf/idenprof/train/farmer/farmer-709.jpg	train_dataset/normal/farmer/farmer-709.jpg
farmer	6049eb3ec3634cfb6639d83acbb6b53c7e60abeffb8a07de1846bb345a3b7261	datasets/IdenProf/idenprof/train/farmer/farmer-435.jpg	train_dataset/normal/farmer/farmer-435.jpg
farmer	604ea716513bbb3574055265b918418d362ad9619dee601ea15b5e8d0d4993bc	datasets/IdenProf/idenprof/train/farmer/farmer-878.jpg	train_dataset/normal/farmer/farmer-878.jpg
farmer	609de31f833d8a2b30a87a3af4233ef3f7f1453e4cab35782d381686628b2f89	datasets/IdenProf/idenprof/train/farmer/farmer-623.jpg	train_dataset/normal/farmer/farmer-623.jpg
farmer	60da853086ef385bcaff71917ba7a1e6ffdd8e41a5ec85e03c946c2dcf549213	datasets/IdenProf/idenprof/train/farmer/farmer-654.jpg	train_dataset/normal/farmer/farmer-654.jpg
judge	0010eaf7d704fcf3a65714e0efb9bd9944929cc7929027ef64dc0eee9148b89d	datasets/IdenProf/idenprof/train/judge/judge-377.jpg	train_dataset/normal/judge/judge-377.jpg
judge	00200191d539cd740707670981f42721e0af009a24d0ccbde52fe8131284b7c4	datasets/IdenProf/idenprof/train/judge/judge-450.jpg	train_dataset/normal/judge/judge-450.jpg
judge	00421b04bd9e7ac2e30caac767164e87ee279fc44973d223a741a3cdc1f2bef1	datasets/IdenProf/idenprof/train/judge/judge-622.jpg	train_dataset/normal/judge/judge-622.jpg
judge	0051b7117c08af027c58ae4999e0c7c9d69db8879cb3834a4f1ce2cf3427adf7	datasets/IdenProf/idenprof/train/judge/judge-235.jpg	train_dataset/normal/judge/judge-235.jpg
judge	00706b2a7c7dc20cb0d090b8b671fe16bb923eca76f3f1588f9449568b903f2a	datasets/IdenProf/idenprof/train/judge/judge-163.jpg	train_dataset/normal/judge/judge-163.jpg
judge	007d8e162411482399e16b971fdca7ee81a3c38117c4ce276111e79f527e1917	datasets/IdenProf/idenprof/train/judge/judge-739.jpg	train_dataset/normal/judge/judge-739.jpg
judge	023f3812a183f8a9400885ef15d83ec40f3da8ac006b522c155082263da9925e	datasets/IdenProf/idenprof/train/judge/judge-316.jpg	train_dataset/normal/judge/judge-316.jpg
judge	02f044919bc470786f7c4e5a734c36308e936507c5b77a1dc4639d3b5b40bb8c	datasets/IdenProf/idenprof/train/judge/judge-571.jpg	train_dataset/normal/judge/judge-571.jpg
judge	03109d30ca857e6f9ffdd33453747164d5e4375255987da1e6eed91bbc4336ac	datasets/IdenProf/idenprof/train/judge/judge-776.jpg	train_dataset/normal/judge/judge-776.jpg
judge	04308ed00b9a8803695cf460921c8f2af88180e6cf1c3ee00660d5f8c66c7294	datasets/IdenProf/idenprof/train/judge/judge-869.jpg	train_dataset/normal/judge/judge-869.jpg
judge	045218f34118c74c36f6aa6e8c5c533028df2733d1ce43e680d98cc22173d147	datasets/IdenProf/idenprof/train/judge/judge-224.jpg	train_dataset/normal/judge/judge-224.jpg
judge	046a0e2c0f7110c8a10be459eff811c3cb5c8608be0ebc8715bd6153040ae0fb	datasets/IdenProf/idenprof/train/judge/judge-606.jpg	train_dataset/normal/judge/judge-606.jpg
judge	0487cb53721f7d571c658070dade16eefe06764e0d4b1f74fbe1faffb28c8849	datasets/IdenProf/idenprof/train/judge/judge-406.jpg	train_dataset/normal/judge/judge-406.jpg
judge	056dda44d6173618aea85d451d499d7b50bc83a7c5a193311f51d17789cef8f8	datasets/IdenProf/idenprof/train/judge/judge-742.jpg	train_dataset/normal/judge/judge-742.jpg
judge	05f4d33d41202b32fa725232218bb05a76eb6ef7cbf7f7c47803f852f147c235	datasets/IdenProf/idenprof/train/judge/judge-103.jpg	train_dataset/normal/judge/judge-103.jpg
judge	06588c9b3b61b7831a555db6f44f9146c015cb3a107d9e4f50d95626715b9852	datasets/IdenProf/idenprof/train/judge/judge-356.jpg	train_dataset/normal/judge/judge-356.jpg
judge	067d267575e60d14895e1aa76ec6bf0b6d1a36ad984b702e90622b4ab1652261	datasets/IdenProf/idenprof/train/judge/judge-699.jpg	train_dataset/normal/judge/judge-699.jpg
judge	0786a9dea98bfa7c2ea8fcb0db1f13f834738b937fb6fbc5758c597eb283879b	datasets/IdenProf/idenprof/train/judge/judge-628.jpg	train_dataset/normal/judge/judge-628.jpg
judge	078948a63cee67950d400a610d2c36b451c79c4cdbb5e559c795f961b7c1edf9	datasets/IdenProf/idenprof/train/judge/judge-607.jpg	train_dataset/normal/judge/judge-607.jpg
judge	07daed1f97f25d71b34610f4aaf2c35779e91b13c1eb171147d2eaac58df9780	datasets/IdenProf/idenprof/train/judge/judge-424.jpg	train_dataset/normal/judge/judge-424.jpg
judge	08702befe07896c6e23563ae4d0f717154025fe0bccdcef5425f720d01c77aa2	datasets/IdenProf/idenprof/train/judge/judge-703.jpg	train_dataset/normal/judge/judge-703.jpg
judge	087dd2020d66fef93e178b265eab83d62826d7b648aa73cacb2a2c8ab7e85233	datasets/IdenProf/idenprof/train/judge/judge-721.jpg	train_dataset/normal/judge/judge-721.jpg
judge	0890314b810dc71711b1003523bd30b53275a215cb4ca6a8fa639c049534a541	datasets/IdenProf/idenprof/train/judge/judge-789.jpg	train_dataset/normal/judge/judge-789.jpg
judge	089ec5e938724e23bb9e225e7717def8c7deb331a05d5aa00125caee8b275782	datasets/IdenProf/idenprof/train/judge/judge-382.jpg	train_dataset/normal/judge/judge-382.jpg
judge	08d964da2473c272cd9fedfc918fb2d49754dc7c511f3e1e8cb5efaede9071e6	datasets/IdenProf/idenprof/train/judge/judge-185.jpg	train_dataset/normal/judge/judge-185.jpg
judge	08da574724017364be1b54e3f766a25d0358b46483058ea141c636a215f11e24	datasets/IdenProf/idenprof/train/judge/judge-374.jpg	train_dataset/normal/judge/judge-374.jpg
judge	0965bb370be7c9b622705b8356ced5cc961eb9c76094da54eb80afdfc71513f4	datasets/IdenProf/idenprof/train/judge/judge-791.jpg	train_dataset/normal/judge/judge-791.jpg
judge	099cc364f98b17893871159b272d9dd060cd8c0dcd07703ee256d340c774fc89	datasets/IdenProf/idenprof/train/judge/judge-458.jpg	train_dataset/normal/judge/judge-458.jpg
judge	09fdee8685c8cfc16e5cfa963ca170330904ffdbbfb9aaa5b92374e7686ef30c	datasets/IdenProf/idenprof/train/judge/judge-684.jpg	train_dataset/normal/judge/judge-684.jpg
judge	0a56c1db11553f0a17766d590757787fcd6c6aed4302c1e2afa1d96897f00325	datasets/IdenProf/idenprof/train/judge/judge-31.jpg	train_dataset/normal/judge/judge-31.jpg
judge	0a8b842311718750d035340c5cae524262204b20530b26213c482491a87accc3	datasets/IdenProf/idenprof/train/judge/judge-269.jpg	train_dataset/normal/judge/judge-269.jpg
judge	0b97e3f557ccbcb6afe7ec21ab733cbb665f325ca405bf1f24a85cd70e96cff8	datasets/IdenProf/idenprof/train/judge/judge-291.jpg	train_dataset/normal/judge/judge-291.jpg
judge	0c25fef3454c3c02108d90c718369e6328634d061e08aa177362caa511bcbbb8	datasets/IdenProf/idenprof/train/judge/judge-493.jpg	train_dataset/normal/judge/judge-493.jpg
judge	0cd8a05f3adbe2489819af84501015fffbd99e8138de9277a5d167e878e3130e	datasets/IdenProf/idenprof/train/judge/judge-145.jpg	train_dataset/normal/judge/judge-145.jpg
judge	0d132cc88b9d2e277c432a84b97783d878654528467d8d4bd9ffc88b5bf2ba05	datasets/IdenProf/idenprof/train/judge/judge-396.jpg	train_dataset/normal/judge/judge-396.jpg
judge	0db8628fda23e6bae257a1a1bade248e8a9930575de2b06441f644b9fe635d27	datasets/IdenProf/idenprof/train/judge/judge-722.jpg	train_dataset/normal/judge/judge-722.jpg
judge	0de0c282499de254f69265f0df8290006b72b84842088cdb9029bd50d4b3a26b	datasets/IdenProf/idenprof/train/judge/judge-621.jpg	train_dataset/normal/judge/judge-621.jpg
judge	0dedc5c1eea87fb6ed89b493c0492cee5824941d4b9fb0882b54aaf33fcb9537	datasets/IdenProf/idenprof/train/judge/judge-328.jpg	train_dataset/normal/judge/judge-328.jpg
judge	0e126db74629cb76829e35aa9b0dccc210f39ffb0561956b917a051dbe5b4ffa	datasets/IdenProf/idenprof/train/judge/judge-456.jpg	train_dataset/normal/judge/judge-456.jpg
judge	0eecb850dfe61d9244afe8284589459a8e668205f914e6e7b03d5a3a0962ad11	datasets/IdenProf/idenprof/train/judge/judge-643.jpg	train_dataset/normal/judge/judge-643.jpg
judge	0f288382fcf288e5f495d8d3a3ca79cbf6a943df06616f5145771a2b620fd525	datasets/IdenProf/idenprof/train/judge/judge-482.jpg	train_dataset/normal/judge/judge-482.jpg
judge	0f3629a0678975c84e43f432f4575483e95a1e88d6cf0926b73f451b9bfa7c56	datasets/IdenProf/idenprof/train/judge/judge-199.jpg	train_dataset/normal/judge/judge-199.jpg
judge	0f89993e6ec019d097e4cbaa0f59ec38e26cb1cc904cb267cf28bee446bf2052	datasets/IdenProf/idenprof/train/judge/judge-230.jpg	train_dataset/normal/judge/judge-230.jpg
judge	0fba575d52e2897b2acd5f2c9e6f31625dd073b31709547980181ac454cb18f9	datasets/IdenProf/idenprof/train/judge/judge-700.jpg	train_dataset/normal/judge/judge-700.jpg
judge	1054cb9caf54cb38288d4db33b15573bc4e857bac1f0f92126dab404b67e717a	datasets/IdenProf/idenprof/train/judge/judge-262.jpg	train_dataset/normal/judge/judge-262.jpg
judge	10d07523794b2cebf14f0f4cf8ccca48485876f3376035ff30cd2a262100a2a9	datasets/IdenProf/idenprof/train/judge/judge-747.jpg	train_dataset/normal/judge/judge-747.jpg
judge	10e22b9b0ce1b2551fb76cd6978902cc2436bf4d1446acb08383ce1e315422a0	datasets/IdenProf/idenprof/train/judge/judge-27.jpg	train_dataset/normal/judge/judge-27.jpg
judge	10ff46f4ea000caf46bd4df8f8e253f508a6c4e7b1d306c7e4e091be68b25f90	datasets/IdenProf/idenprof/train/judge/judge-71.jpg	train_dataset/normal/judge/judge-71.jpg
judge	11183d6e6a2916625433dc84577f3a8decd75536522d43175d61021538faaf2a	datasets/IdenProf/idenprof/train/judge/judge-453.jpg	train_dataset/normal/judge/judge-453.jpg
judge	11486e34b70d9be0830176d7f84a3228e8e2bc3f03e8eb3002d8e966a521f45f	datasets/IdenProf/idenprof/train/judge/judge-184.jpg	train_dataset/normal/judge/judge-184.jpg
judge	11a64ddaea6038786f21465615c140db66146852eb0c3d8c5da82f036724b0a5	datasets/IdenProf/idenprof/train/judge/judge-217.jpg	train_dataset/normal/judge/judge-217.jpg
judge	11cbe2083ca40f1f01621b6abd8d86a11d88b264fcf106f9833c56c6d38ac47e	datasets/IdenProf/idenprof/train/judge/judge-122.jpg	train_dataset/normal/judge/judge-122.jpg
judge	12c9ad51c1a2fbf0272ecdb76b44db817a7a8ee38d12f584f2e5bddadc21160c	datasets/IdenProf/idenprof/train/judge/judge-548.jpg	train_dataset/normal/judge/judge-548.jpg
judge	130c93f625db20d17c8fcfe00f9c83463ac959482374833ae22adea497e2868d	datasets/IdenProf/idenprof/train/judge/judge-655.jpg	train_dataset/normal/judge/judge-655.jpg
judge	1321702277348c376d4ed3e312852b3957a27998ec259d6a6d69b9d307aa5238	datasets/IdenProf/idenprof/train/judge/judge-875.jpg	train_dataset/normal/judge/judge-875.jpg
judge	1330a6f9f99eee96a49acd7144c869a2cd663d3bbeee5a179f22473a6ecbc553	datasets/IdenProf/idenprof/train/judge/judge-896.jpg	train_dataset/normal/judge/judge-896.jpg
judge	13e27d2b338d56d5a8155071288b9188a4a4c603cce30a78e4302f22159ff33a	datasets/IdenProf/idenprof/train/judge/judge-850.jpg	train_dataset/normal/judge/judge-850.jpg
judge	14267d7d8bf7cbf4e80ef27728572d8d044963ce91a090cf44823a73b2f50810	datasets/IdenProf/idenprof/train/judge/judge-128.jpg	train_dataset/normal/judge/judge-128.jpg
judge	14b90c1a3eb9a6dedb233c6e093977f75e0c0b9efded10425b826fa365549be7	datasets/IdenProf/idenprof/train/judge/judge-219.jpg	train_dataset/normal/judge/judge-219.jpg
judge	15015f1a4334d2022ae6227728f15bfb8c2489e2f76503b5e589bfcae5907a13	datasets/IdenProf/idenprof/train/judge/judge-746.jpg	train_dataset/normal/judge/judge-746.jpg
judge	1542092a1b86021364f304940746bc66b742589cf3a6b2c50eb361e47d41f2ff	datasets/IdenProf/idenprof/train/judge/judge-77.jpg	train_dataset/normal/judge/judge-77.jpg
judge	157565dbc1139f786ded28f576b7bb3073a4ca42f9951ec98d0da55cddd33569	datasets/IdenProf/idenprof/train/judge/judge-847.jpg	train_dataset/normal/judge/judge-847.jpg
judge	15f609a0fcf25b09c09fd60426182ed7ad60f8ddc6039f965c6acc761ef34fde	datasets/IdenProf/idenprof/train/judge/judge-332.jpg	train_dataset/normal/judge/judge-332.jpg
judge	169f1b20965db71af5a923da2d07c132e97bf61dfc8e8b806e028f2605af7b0d	datasets/IdenProf/idenprof/train/judge/judge-274.jpg	train_dataset/normal/judge/judge-274.jpg
judge	16d89ff2424595648e0ff05fe25ca497161acf7e623a93bf29490fccc0495c7e	datasets/IdenProf/idenprof/train/judge/judge-894.jpg	train_dataset/normal/judge/judge-894.jpg
judge	172cbc8f62cd24b5877fb1d96e6108541787622080bfadda58ed21fd5b80b5f1	datasets/IdenProf/idenprof/train/judge/judge-880.jpg	train_dataset/normal/judge/judge-880.jpg
judge	17359ec7ca92db5edd9a4f2ba0874ac2ccedc43494fd73cf77d1e7d706c1182a	datasets/IdenProf/idenprof/train/judge/judge-500.jpg	train_dataset/normal/judge/judge-500.jpg
judge	17e8cba1678fd780dd5b31844004dbbb9f19f9529937d67f83488bce9fec36eb	datasets/IdenProf/idenprof/train/judge/judge-577.jpg	train_dataset/normal/judge/judge-577.jpg
judge	186b1b47a5f7a3d138d121e9f1627afdcea1a32825436144d241e8a4f2d2cf6b	datasets/IdenProf/idenprof/train/judge/judge-180.jpg	train_dataset/normal/judge/judge-180.jpg
judge	18865c6adfb1b48fabbaaa7c6e6dc051d37f3f43d7e0ba552c03a92757c77c03	datasets/IdenProf/idenprof/train/judge/judge-431.jpg	train_dataset/normal/judge/judge-431.jpg
judge	1996fa4bf7726db68651b450f423ebd3ba8fb0462025767d3b07578a6e972a25	datasets/IdenProf/idenprof/train/judge/judge-761.jpg	train_dataset/normal/judge/judge-761.jpg
judge	19b82fcd396fecf033bc39b458cce6c2a2d5ad8b15119df4f1c7d1f6bc90993a	datasets/IdenProf/idenprof/train/judge/judge-264.jpg	train_dataset/normal/judge/judge-264.jpg
judge	1a366c4e33cddb6221c297a11a54237c5fa1ec3960c4efc34a096eb97b60c57e	datasets/IdenProf/idenprof/train/judge/judge-116.jpg	train_dataset/normal/judge/judge-116.jpg
judge	1a6c58a8229e06c8c0801fee7ff17a6dc16527f149ae75dfbb71d04dbbc510ed	datasets/IdenProf/idenprof/train/judge/judge-752.jpg	train_dataset/normal/judge/judge-752.jpg
judge	1b6c70f18dc1b206657fe5f0f693387615c3659b60220b845a954292b40b429f	datasets/IdenProf/idenprof/train/judge/judge-578.jpg	train_dataset/normal/judge/judge-578.jpg
judge	1bcd52333b83294713751cab4278327572124049f2960c876f97548b1fd4669a	datasets/IdenProf/idenprof/train/judge/judge-248.jpg	train_dataset/normal/judge/judge-248.jpg
judge	1bd4b685f74bdc43b92ab4705c4271c42a84c031a505dc74a418d12f25b98491	datasets/IdenProf/idenprof/train/judge/judge-194.jpg	train_dataset/normal/judge/judge-194.jpg
judge	1c6fe1498e3d66723442123a9b1b7fc7b40011163fedd627de18670bb23fce2a	datasets/IdenProf/idenprof/train/judge/judge-713.jpg	train_dataset/normal/judge/judge-713.jpg
judge	1cce347a8f0c8c1e31a423c2f223867b95d300d94e3844c927ca71cb49233d54	datasets/IdenProf/idenprof/train/judge/judge-867.jpg	train_dataset/normal/judge/judge-867.jpg
judge	1cdd5b19934198aa60a800f3337a710a68cb0a79712641e0a13a1222481b9651	datasets/IdenProf/idenprof/train/judge/judge-149.jpg	train_dataset/normal/judge/judge-149.jpg
judge	1d09040998283386914ce9941d29d918a0eb73a57709125bb98c7469aff665d9	datasets/IdenProf/idenprof/train/judge/judge-479.jpg	train_dataset/normal/judge/judge-479.jpg
judge	1d388187436da7f47c26d1db62f9f40653e4be7bc8cee17ef3bbf31ae227fb6a	datasets/IdenProf/idenprof/train/judge/judge-891.jpg	train_dataset/normal/judge/judge-891.jpg
judge	1d3b7e45363809b816f852859d4478343cb05b57e08e7879462199ec81d7b1fa	datasets/IdenProf/idenprof/train/judge/judge-711.jpg	train_dataset/normal/judge/judge-711.jpg
judge	1d9b59037229b96410b20bfca4183b520c001d484e39e00813f8759887ef6413	datasets/IdenProf/idenprof/train/judge/judge-1.jpg	train_dataset/normal/judge/judge-1.jpg
judge	1e1cdb06d7125175c4491ef97e51c34bf72ea888934f7ded16b12f7433254fc6	datasets/IdenProf/idenprof/train/judge/judge-841.jpg	train_dataset/normal/judge/judge-841.jpg
judge	1e5134e0f2d22f45122ce9d8924d143d9f006011f0851fdad0ebec3b39fe8523	datasets/IdenProf/idenprof/train/judge/judge-189.jpg	train_dataset/normal/judge/judge-189.jpg
judge	1e6df3ca95fada9a6da2a6ae2c7b40d58a2cdf7f41e6175931f5fccc506ffafe	datasets/IdenProf/idenprof/train/judge/judge-828.jpg	train_dataset/normal/judge/judge-828.jpg
judge	1eb009635fad89f0246e43d29dc376909a816234130fae474caa766afef86756	datasets/IdenProf/idenprof/train/judge/judge-25.jpg	train_dataset/normal/judge/judge-25.jpg
judge	1edcc071647cbe3eaa152bfbdb077c3742dbde51983ce70ac5a2b55221636559	datasets/IdenProf/idenprof/train/judge/judge-94.jpg	train_dataset/normal/judge/judge-94.jpg
judge	1f9dde34e09962e66e1a9fb0d87db0a6323a3bbab2b1b0f95328eab9e3446e74	datasets/IdenProf/idenprof/train/judge/judge-181.jpg	train_dataset/normal/judge/judge-181.jpg
judge	1fa1b0ccba0fa3d6404035fffa033f1c61dea384a8697333678ee33f3bd5c69a	datasets/IdenProf/idenprof/train/judge/judge-731.jpg	train_dataset/normal/judge/judge-731.jpg
judge	1fd48bc51257035dfa53fbd7a8c3dd86b193b1d548869a8bfcfee547ae3f4a48	datasets/IdenProf/idenprof/train/judge/judge-798.jpg	train_dataset/normal/judge/judge-798.jpg
judge	2036f1c4dcf49b77747e04c41b679e80f8033376d61f860ac97cf1705ca10299	datasets/IdenProf/idenprof/train/judge/judge-820.jpg	train_dataset/normal/judge/judge-820.jpg
judge	20ba3704864d4918f888dde2c53d2ba0d16cddca09e37b31db5cc77b5953a413	datasets/IdenProf/idenprof/train/judge/judge-95.jpg	train_dataset/normal/judge/judge-95.jpg
judge	2103fa36a1f0de0cebe15e318f3cc2815e8dc35e8c221ec990dee63cbd7b21ca	datasets/IdenProf/idenprof/train/judge/judge-829.jpg	train_dataset/normal/judge/judge-829.jpg
judge	211be13377bf0f0fe7d46caceb2b2122195c0929c49807469df3501d14a211d7	datasets/IdenProf/idenprof/train/judge/judge-415.jpg	train_dataset/normal/judge/judge-415.jpg
judge	2143b1d4f221e67d2b47bbe753fa6e514996ea2ff9fb5827385ecd541f291e2b	datasets/IdenProf/idenprof/train/judge/judge-809.jpg	train_dataset/normal/judge/judge-809.jpg
judge	21863dd282322d206beeed91252ea5fbce0bb1c5c393a5f215d99c94cfa2c194	datasets/IdenProf/idenprof/train/judge/judge-102.jpg	train_dataset/normal/judge/judge-102.jpg
judge	218fbf452e6a39cd3460fb858f8262bd3bffc7e75260d5c3e853f855cf2b699e	datasets/IdenProf/idenprof/train/judge/judge-200.jpg	train_dataset/normal/judge/judge-200.jpg
judge	21a219f6b93d35fdf5781187d49758611cb45f79224c56770db404c7739c8c78	datasets/IdenProf/idenprof/train/judge/judge-85.jpg	train_dataset/normal/judge/judge-85.jpg
judge	21d249e44b44039de535f37dd23e212e0c5da036896cbd785e74a09e50c3517b	datasets/IdenProf/idenprof/train/judge/judge-704.jpg	train_dataset/normal/judge/judge-704.jpg
judge	21eda964df43a25237b803b34bae74db93de3d52182c3248f2d1ce2ca2cb4526	datasets/IdenProf/idenprof/train/judge/judge-490.jpg	train_dataset/normal/judge/judge-490.jpg
judge	22149bab2d15be08c33a67722dc3ab2f55cfe1e7ea752c8ef1769eea847fb6d0	datasets/IdenProf/idenprof/train/judge/judge-553.jpg	train_dataset/normal/judge/judge-553.jpg
judge	226308b3c2ed602c692f236215128086047faa9f1f8bab2644feb994425a2ed4	datasets/IdenProf/idenprof/train/judge/judge-296.jpg	train_dataset/normal/judge/judge-296.jpg
judge	226af2c84a07a10b327189042ad23a10425906d9cc9e4a41ebdb36e112e190fe	datasets/IdenProf/idenprof/train/judge/judge-23.jpg	train_dataset/normal/judge/judge-23.jpg
judge	2283bef62d831a6597169cecfb19c895e2bbcaf70aac93a6a5928f1a2bc3fc63	datasets/IdenProf/idenprof/train/judge/judge-585.jpg	train_dataset/normal/judge/judge-585.jpg
judge	22a7c58ae4e935b00884540e346bd3899ae25229905ce7319ba584b32259927c	datasets/IdenProf/idenprof/train/judge/judge-338.jpg	train_dataset/normal/judge/judge-338.jpg
judge	22c1951f65812a95e34fa633f27b6a370863285566772cea8f6de408f24aef7d	datasets/IdenProf/idenprof/train/judge/judge-714.jpg	train_dataset/normal/judge/judge-714.jpg
judge	22e51ffebf97e8a6570700423be038620a56cdc2001de9cb481a15f867801623	datasets/IdenProf/idenprof/train/judge/judge-549.jpg	train_dataset/normal/judge/judge-549.jpg
judge	2338cddcd693140e8ee6fdcd7b37c9cf2df6ae3601c142d0d6eccebc68dfc179	datasets/IdenProf/idenprof/train/judge/judge-519.jpg	train_dataset/normal/judge/judge-519.jpg
judge	23fbac91a98301c7f29979405a68c12307d8061c2e8ff272e4d19875e90e367a	datasets/IdenProf/idenprof/train/judge/judge-330.jpg	train_dataset/normal/judge/judge-330.jpg
judge	24131e37b80b69ac4d8a505d4cb22b021c54d9a4eda77b5ac3bd01eb05f6b6bd	datasets/IdenProf/idenprof/train/judge/judge-805.jpg	train_dataset/normal/judge/judge-805.jpg
judge	247872de52346d0d34c23c1cb96c2c65bee90cf30062e418d0c6b9b9dd1731a4	datasets/IdenProf/idenprof/train/judge/judge-709.jpg	train_dataset/normal/judge/judge-709.jpg
judge	24abb9d0d39c263bb56fa2f7f2042e341606e32f2b7d258bc49dcf277ac2c55c	datasets/IdenProf/idenprof/train/judge/judge-3.jpg	train_dataset/normal/judge/judge-3.jpg
judge	24b3d98d6c9c8140511108608ed6261c7fda4f2a3078fee079e90ecd53d68779	datasets/IdenProf/idenprof/train/judge/judge-544.jpg	train_dataset/normal/judge/judge-544.jpg
judge	24da5d4ac8a11fff19d6fa94af50bdabba2c8418a2e6fd93cf0d770fcf001a10	datasets/IdenProf/idenprof/train/judge/judge-755.jpg	train_dataset/normal/judge/judge-755.jpg
judge	251a4f23ff1b33e6308e10b3d253f0a7f508de30fc132cb329a5519e945fe37c	datasets/IdenProf/idenprof/train/judge/judge-355.jpg	train_dataset/normal/judge/judge-355.jpg
judge	2544271a2716c6f2bd6385d44b7f168b016e16bff0d4a84b750e160b7ae8c497	datasets/IdenProf/idenprof/train/judge/judge-419.jpg	train_dataset/normal/judge/judge-419.jpg
judge	25f0c6e38e6cf16a1349cbd4aee97d9bcbce125e88e6ac51d819c208e5e84732	datasets/IdenProf/idenprof/train/judge/judge-287.jpg	train_dataset/normal/judge/judge-287.jpg
judge	261ffa49e99990965dc868bfe248d3a941247a61ddcdd4241d8a9a973e5ee825	datasets/IdenProf/idenprof/train/judge/judge-784.jpg	train_dataset/normal/judge/judge-784.jpg
judge	26da1a8b969e3fd527c6caafe2f2a5ce1b5058b784f1b6b97e13a24cd7ee344e	datasets/IdenProf/idenprof/train/judge/judge-441.jpg	train_dataset/normal/judge/judge-441.jpg
judge	272ef474f8e384157be691719c557b0a8ef3645d4861ce6d0093a0bc3181b84d	datasets/IdenProf/idenprof/train/judge/judge-290.jpg	train_dataset/normal/judge/judge-290.jpg
judge	2801f897e4ff41834279369cd59df504716bc0fc522adcdb24c5f9b02513701d	datasets/IdenProf/idenprof/train/judge/judge-117.jpg	train_dataset/normal/judge/judge-117.jpg
judge	284ee768b4559c2ba55ff1a339161ea3c6569c29d31f0a4df029f2e52098f2e0	datasets/IdenProf/idenprof/train/judge/judge-838.jpg	train_dataset/normal/judge/judge-838.jpg
judge	2885f25c2a25b51fb90d2b56c374cbbfa4fc0d327a6997f9d7c839a21917d880	datasets/IdenProf/idenprof/train/judge/judge-159.jpg	train_dataset/normal/judge/judge-159.jpg
judge	28c34e2642143e75c98d26dbf5008a05ef6b760cac57f240f16bf37b9eef9263	datasets/IdenProf/idenprof/train/judge/judge-400.jpg	train_dataset/normal/judge/judge-400.jpg
judge	29f2d8921671c1a18ec28f572b24cbee4dd0bd7675ef55925ba8cb3f608c29ec	datasets/IdenProf/idenprof/train/judge/judge-49.jpg	train_dataset/normal/judge/judge-49.jpg
judge	29f3c08ea4a0813e70fd36745a0e0e3da48d25e39e49ae5549dcbc88efc21d1c	datasets/IdenProf/idenprof/train/judge/judge-498.jpg	train_dataset/normal/judge/judge-498.jpg
judge	2a01edd29804a2a45950736909e07e8d0d609be34b9592517c65ff771d351392	datasets/IdenProf/idenprof/train/judge/judge-213.jpg	train_dataset/normal/judge/judge-213.jpg
judge	2a231651f6939568a9db14f475e802ee383b676a846618630f4f85d44f11c92d	datasets/IdenProf/idenprof/train/judge/judge-719.jpg	train_dataset/normal/judge/judge-719.jpg
judge	2a388959b2477e54a4276b787f4197746d6996b8bdeb1b777361bf66074e0620	datasets/IdenProf/idenprof/train/judge/judge-220.jpg	train_dataset/normal/judge/judge-220.jpg
judge	2a6cb996d3a164d143c5b436f5491cea838cb51b453c81e05e18cca83ba18d5d	datasets/IdenProf/idenprof/train/judge/judge-36.jpg	train_dataset/normal/judge/judge-36.jpg
judge	2ab50c5cda3772bf60e36c4a8ccaf730571a63f8af9195742607d878b9ee338e	datasets/IdenProf/idenprof/train/judge/judge-687.jpg	train_dataset/normal/judge/judge-687.jpg
judge	2b39e9dd719f32fb39fe06350c1b50166873737a95ad9e776789b9c79b8b8d8d	datasets/IdenProf/idenprof/train/judge/judge-802.jpg	train_dataset/normal/judge/judge-802.jpg
judge	2c003c830f7bcf71abe90e686a94a610b5f074d9333fc4bfbee93c7135a5f1dd	datasets/IdenProf/idenprof/train/judge/judge-694.jpg	train_dataset/normal/judge/judge-694.jpg
judge	2c576855ad7d3b6b9ae864b91eef99bc7ebe25fa2b91d2630a4760c045b29309	datasets/IdenProf/idenprof/train/judge/judge-312.jpg	train_dataset/normal/judge/judge-312.jpg
judge	2ce6e37bf592f17ba4ed042d9eb5878a44e867a1f7c3804425918a38d97758d3	datasets/IdenProf/idenprof/train/judge/judge-724.jpg	train_dataset/normal/judge/judge-724.jpg
judge	2d43f858b3c6677fcfa4b9fabf2b7e494ec8af59755d76ead9e2138fefbaf21e	datasets/IdenProf/idenprof/train/judge/judge-562.jpg	train_dataset/normal/judge/judge-562.jpg
judge	2d5a05b6d9e54118b0ff35d316c9df512d2418498f07d6c9c85edb65acfe2f30	datasets/IdenProf/idenprof/train/judge/judge-367.jpg	train_dataset/normal/judge/judge-367.jpg
judge	2ecc032e4ca7b36878bfbf566ff8ff790c6bb511a135806009dcb5125d1ccc00	datasets/IdenProf/idenprof/train/judge/judge-569.jpg	train_dataset/normal/judge/judge-569.jpg
judge	2ed08696d4c3b93339d0f63d3b5e3bb6bcce32e5a78eb21af600f2654ad21127	datasets/IdenProf/idenprof/train/judge/judge-480.jpg	train_dataset/normal/judge/judge-480.jpg
judge	2eeacbee1eb0bd4897fa52bba196eb6d29a5ae97047d245f5d7d1be9b694f43e	datasets/IdenProf/idenprof/train/judge/judge-863.jpg	train_dataset/normal/judge/judge-863.jpg
judge	2f2e6afe1943373ab3f3bd2ac406cd3db838fa3f370ea37f3fc5b1c3fe20d699	datasets/IdenProf/idenprof/train/judge/judge-676.jpg	train_dataset/normal/judge/judge-676.jpg
judge	2f503a9f397702a055312367f04c4cbbe33c616a4b32c106afa7631263453938	datasets/IdenProf/idenprof/train/judge/judge-633.jpg	train_dataset/normal/judge/judge-633.jpg
judge	2f62be9bd4b0c593b9e9cbaabae82e023091d2c394caace0c3dd73494aab1b9c	datasets/IdenProf/idenprof/train/judge/judge-653.jpg	train_dataset/normal/judge/judge-653.jpg
judge	2fd62caa5a3d530486c8dd2432a5e200420e8700480617195333310c9692cc8a	datasets/IdenProf/idenprof/train/judge/judge-417.jpg	train_dataset/normal/judge/judge-417.jpg
judge	2ff1c77402e2efbcd9d6d2adf3c961ee873d310d272fee0558564763679a9123	datasets/IdenProf/idenprof/train/judge/judge-506.jpg	train_dataset/normal/judge/judge-506.jpg
judge	30193559c2358c005cad84ae64579d97fd2794e052a967081d8498d99d372edc	datasets/IdenProf/idenprof/train/judge/judge-89.jpg	train_dataset/normal/judge/judge-89.jpg
judge	3020dddc9f8c49fdc17d609e68226f3f27e6f44d65454493f9823a02c916afd8	datasets/IdenProf/idenprof/train/judge/judge-294.jpg	train_dataset/normal/judge/judge-294.jpg
judge	30abead2853fe8141793977201be2303bebce0f1c201a515627233652b202e0f	datasets/IdenProf/idenprof/train/judge/judge-677.jpg	train_dataset/normal/judge/judge-677.jpg
judge	30d3ea68434c16e8a9380ce233616837d495dfc14d21f7268f8f73be8395473f	datasets/IdenProf/idenprof/train/judge/judge-186.jpg	train_dataset/normal/judge/judge-186.jpg
judge	30ea67f63bbce53d5fbbe04330628b75ea495ad96ba5c3157e0f83afa2b2feb7	datasets/IdenProf/idenprof/train/judge/judge-319.jpg	train_dataset/normal/judge/judge-319.jpg
judge	311fb9193aeb9fe2dffabd444853de4aa815551b89873bae43b31426df8bd8ed	datasets/IdenProf/idenprof/train/judge/judge-2.jpg	train_dataset/normal/judge/judge-2.jpg
judge	316278c57d3d011c2ac9cdbe08f40a0a046dcf5d621130cade4b0c95b48ed9fc	datasets/IdenProf/idenprof/train/judge/judge-407.jpg	train_dataset/normal/judge/judge-407.jpg
judge	31abf83969257d4466a9a087980f3bfa5a27190aa9a5c4634d3a65debcb30a86	datasets/IdenProf/idenprof/train/judge/judge-897.jpg	train_dataset/normal/judge/judge-897.jpg
judge	321dccdd3e40891187d8957b1268a29b1b8c82073c5c46cf1ac00f3fbe4b2c7b	datasets/IdenProf/idenprof/train/judge/judge-759.jpg	train_dataset/normal/judge/judge-759.jpg
judge	3228e7582422742ffcdaf852bfc2bba047b05ad7823aa7b6b0852af454402d96	datasets/IdenProf/idenprof/train/judge/judge-853.jpg	train_dataset/normal/judge/judge-853.jpg
judge	322dcbecf659aa21601895ef66b01ff44df8a38a71618ac78afa0dd0ab9037f0	datasets/IdenProf/idenprof/train/judge/judge-105.jpg	train_dataset/normal/judge/judge-105.jpg
judge	328634a9aeb881f5c603cd795138ef696ac7e5ae1164fdadec2521dd331e1041	datasets/IdenProf/idenprof/train/judge/judge-686.jpg	train_dataset/normal/judge/judge-686.jpg
judge	33030198d3b40d10f0f23c5bf722558bae84cc2ccccb9e2ca7c90cfecbd9945c	datasets/IdenProf/idenprof/train/judge/judge-188.jpg	train_dataset/normal/judge/judge-188.jpg
judge	3337168439b04c0ae5d6ecf7025b79f87c083cdbdff0e38dab769e2511cf3ec3	datasets/IdenProf/idenprof/train/judge/judge-55.jpg	train_dataset/normal/judge/judge-55.jpg
judge	33ce34e1fd4f52d93267d05d0201bec4106833462ae728ea57198fe86d29cf70	datasets/IdenProf/idenprof/train/judge/judge-615.jpg	train_dataset/normal/judge/judge-615.jpg
judge	34f7d559f860767f345b402aa5b0235de9f820c32bbb67f72cbf0b82e4b39407	datasets/IdenProf/idenprof/train/judge/judge-41.jpg	train_dataset/normal/judge/judge-41.jpg
judge	353f91b9e142ac2ea26d99bc9d7371e1467a1ca29842a538d500d4ac8a61a658	datasets/IdenProf/idenprof/train/judge/judge-309.jpg	train_dataset/normal/judge/judge-309.jpg
judge	3544792bc631a16237bc62d69588d00232ceb98b01aea4dfadeecb4ef1e6d459	datasets/IdenProf/idenprof/train/judge/judge-50.jpg	train_dataset/normal/judge/judge-50.jpg
judge	356d339a3f52a99739ea3fbe684954ca6896f1ebecbab064ef9ac772c16da08a	datasets/IdenProf/idenprof/train/judge/judge-386.jpg	train_dataset/normal/judge/judge-386.jpg
judge	35a6e77e1a28cc9798358c810479f923d2cfb9941ad04c263f948d852477448e	datasets/IdenProf/idenprof/train/judge/judge-663.jpg	train_dataset/normal/judge/judge-663.jpg
judge	361fe725defc5d60be3c2f464ca548b427d40aa3487f2cd73f188180258d0e46	datasets/IdenProf/idenprof/train/judge/judge-398.jpg	train_dataset/normal/judge/judge-398.jpg
judge	363b78cb637dd08c47d8447079a54c8579c0bcf38b93f8f4ec5809831f91dae6	datasets/IdenProf/idenprof/train/judge/judge-28.jpg	train_dataset/normal/judge/judge-28.jpg
judge	36418db90c0da672d6283faf82d142c82339bb7d255e88d718e477e1faba415f	datasets/IdenProf/idenprof/train/judge/judge-618.jpg	train_dataset/normal/judge/judge-618.jpg
judge	36691c3facd063dfd9b166522659ac2b442723c5d61f83b8f9fc7165438acbac	datasets/IdenProf/idenprof/train/judge/judge-477.jpg	train_dataset/normal/judge/judge-477.jpg
judge	36fe06830c5bd4836d63b5e9d27f1f251ac4e0963793d0c1501d814bb35fe5a7	datasets/IdenProf/idenprof/train/judge/judge-279.jpg	train_dataset/normal/judge/judge-279.jpg
judge	370004a154de63342ce4316ac0cc071af5c348ab8dd28ca3264f66d592c1d2e0	datasets/IdenProf/idenprof/train/judge/judge-236.jpg	train_dataset/normal/judge/judge-236.jpg
judge	372b734f467e6b82a2019e3434582014b8b92a45aadbe463e1f3af6abb091039	datasets/IdenProf/idenprof/train/judge/judge-597.jpg	train_dataset/normal/judge/judge-597.jpg
judge	374fd1248a494c9cbe7ac327cbaaae50388d0132eb8ad2a050e7741a54f8357c	datasets/IdenProf/idenprof/train/judge/judge-29.jpg	train_dataset/normal/judge/judge-29.jpg
judge	37cac55f0315f428b96655d52dd33ab711bdef17bb58317acf169f8d00d3a347	datasets/IdenProf/idenprof/train/judge/judge-146.jpg	train_dataset/normal/judge/judge-146.jpg
judge	37e4ad2492d8a442f3066bfb3450ee94f13765dcf784dbc990bb6ee802e40b73	datasets/IdenProf/idenprof/train/judge/judge-807.jpg	train_dataset/normal/judge/judge-807.jpg
judge	37ee34b700fe4b28776cd40f3727b7b2e5be9f15930b7168b126558748bfeb35	datasets/IdenProf/idenprof/train/judge/judge-141.jpg	train_dataset/normal/judge/judge-141.jpg
judge	38140274e1ce6c95415628e7797cd91608338dad87ceb7ecb574c32c87921862	datasets/IdenProf/idenprof/train/judge/judge-344.jpg	train_dataset/normal/judge/judge-344.jpg
judge	383e60f72ec591e25b7b6d17cf0a00a4f985b1fc07ac80cfea64ca8f2cb8aa31	datasets/IdenProf/idenprof/train/judge/judge-100.jpg	train_dataset/normal/judge/judge-100.jpg
judge	3871eef53630aee912ed5c4b701ddbcc568a702bd726d02afee00e76dd700218	datasets/IdenProf/idenprof/train/judge/judge-614.jpg	train_dataset/normal/judge/judge-614.jpg
judge	38799e7f18bf7dfc67c94d1379e546d30767145d2a2efc57a1e532bc81e6511b	datasets/IdenProf/idenprof/train/judge/judge-310.jpg	train_dataset/normal/judge/judge-310.jpg
judge	38a0c3e07feecbe3fcb9b5b46faea7f89ef98dfbe25825019994c34cf97ec912	datasets/IdenProf/idenprof/train/judge/judge-305.jpg	train_dataset/normal/judge/judge-305.jpg
judge	38b6edf4fc7a21af3e20cbe711c8668742e0f6600457aea76dc91655fcf50f88	datasets/IdenProf/idenprof/train/judge/judge-665.jpg	train_dataset/normal/judge/judge-665.jpg
judge	39152a09e3706084b503bdb0e89178378e74bb253ae106ba683c473b5029207c	datasets/IdenProf/idenprof/train/judge/judge-601.jpg	train_dataset/normal/judge/judge-601.jpg
judge	39369abeec8be4994ebd09adb8499b9f427fd61222615bd42ffe9780138bd721	datasets/IdenProf/idenprof/train/judge/judge-110.jpg	train_dataset/normal/judge/judge-110.jpg
judge	3956be5d0ade2892d73b411ca0c9032f0901e44636b1524bcad7b6d4c0efc0bf	datasets/IdenProf/idenprof/train/judge/judge-638.jpg	train_dataset/normal/judge/judge-638.jpg
judge	3a6bc11defca8fa6fac206a3eb2cd0429291ca857eaa16b49e238c4f6d8cfa98	datasets/IdenProf/idenprof/train/judge/judge-204.jpg	train_dataset/normal/judge/judge-204.jpg
judge	3a8928810140196cab522b2555b4da1222fb9a06ce831a83932d75ed4e5ec1f4	datasets/IdenProf/idenprof/train/judge/judge-254.jpg	train_dataset/normal/judge/judge-254.jpg
judge	3a8b8b20423803e829dd0264cbd93f8a2107544d8e58bc31343f6bcc81efa649	datasets/IdenProf/idenprof/train/judge/judge-442.jpg	train_dataset/normal/judge/judge-442.jpg
judge	3a8e495df2baac55be37e8a6fd8c9bf42ce7a93d7121f3fa758e01edf5626944	datasets/IdenProf/idenprof/train/judge/judge-857.jpg	train_dataset/normal/judge/judge-857.jpg
judge	3ac4e49a17e2a9ec060acc37d856b8e7f922fcb30da019c22b2104ae192dac21	datasets/IdenProf/idenprof/train/judge/judge-153.jpg	train_dataset/normal/judge/judge-153.jpg
judge	3ae17dc8d0fa0e95d5e25488d83865eba53c1817209d4f697498e52b3aeedf0a	datasets/IdenProf/idenprof/train/judge/judge-827.jpg	train_dataset/normal/judge/judge-827.jpg
judge	3b277c2b8f1eef0da9c39c18f58c30ce1397d2cd78caabc416629a155f9f57d7	datasets/IdenProf/idenprof/train/judge/judge-271.jpg	train_dataset/normal/judge/judge-271.jpg
judge	3b43a77a511558e38f35a51ee8a3e26689d50019384e9c94783f4be6ae5c7e59	datasets/IdenProf/idenprof/train/judge/judge-307.jpg	train_dataset/normal/judge/judge-307.jpg
judge	3b4cc72e30c17e940de9bd54ffd0c393e7475c5c69e1fed9ded2aaf460a777e8	datasets/IdenProf/idenprof/train/judge/judge-501.jpg	train_dataset/normal/judge/judge-501.jpg
judge	3b9d00d5ddbaec46403f53c5b6556e01df9d1d5059104ec7e52649dd81ec4a0f	datasets/IdenProf/idenprof/train/judge/judge-218.jpg	train_dataset/normal/judge/judge-218.jpg
judge	3bb58b2ec2703881b5497ebddc07fe1ca20e330c229a40e815d9b6707d91cdb6	datasets/IdenProf/idenprof/train/judge/judge-560.jpg	train_dataset/normal/judge/judge-560.jpg
judge	3bca3ed9c5e732a21c87ebfaa8bd282f4303b85369f6d07cfb012659b4ee814f	datasets/IdenProf/idenprof/train/judge/judge-173.jpg	train_dataset/normal/judge/judge-173.jpg
judge	3c29d1b4abbb058c04f6d630a9bd12ca0a4f4575f77e0cc8083e7678f38a4d98	datasets/IdenProf/idenprof/train/judge/judge-758.jpg	train_dataset/normal/judge/judge-758.jpg
judge	3c9a58cef1471b4ade744a4ed5901eddb03cee460319b78b425224470a16c80d	datasets/IdenProf/idenprof/train/judge/judge-412.jpg	train_dataset/normal/judge/judge-412.jpg
judge	3cda5ebf394f7c617e6abba2d1f371240393dcf9ade0deae23d09710465f04e4	datasets/IdenProf/idenprof/train/judge/judge-430.jpg	train_dataset/normal/judge/judge-430.jpg
judge	3cf88a05a0d0c738253169482cd53f4da54451f10ce4301578972b2de21509a9	datasets/IdenProf/idenprof/train/judge/judge-438.jpg	train_dataset/normal/judge/judge-438.jpg
judge	3d68eb20350c0f3c6b29193846c1093300770ea07de20b9799d1dec7f8cef740	datasets/IdenProf/idenprof/train/judge/judge-209.jpg	train_dataset/normal/judge/judge-209.jpg
judge	3d775eab7a9da9534e420d71fe4d9d9a15ede96bad7cbc835002f868eff886ea	datasets/IdenProf/idenprof/train/judge/judge-253.jpg	train_dataset/normal/judge/judge-253.jpg
judge	3de6c25f7a83a0e87e920120e5a13d8813ca58a5f3eebf25175293421e7e5d37	datasets/IdenProf/idenprof/train/judge/judge-835.jpg	train_dataset/normal/judge/judge-835.jpg
judge	3e070552476758450be046c77a7b94d01a2966169fbf279ab63ebdc93c25054a	datasets/IdenProf/idenprof/train/judge/judge-225.jpg	train_dataset/normal/judge/judge-225.jpg
judge	3e0d0cab2fa9632c1324c608463cbe193ecfb99200770e57157fc3e8edb80062	datasets/IdenProf/idenprof/train/judge/judge-388.jpg	train_dataset/normal/judge/judge-388.jpg
judge	3e30b671538460737a2ded9024f377fd2472153580ff9b6340c37ea3e31c6cc9	datasets/IdenProf/idenprof/train/judge/judge-698.jpg	train_dataset/normal/judge/judge-698.jpg
judge	3e7e622f98deb8dc25bc7cd8d401d9194bf5f77f7245316b9471e0ad656361bd	datasets/IdenProf/idenprof/train/judge/judge-335.jpg	train_dataset/normal/judge/judge-335.jpg
judge	3f3f38b331441c5aa6465d413cf276909c7c7812897739ded6c91db4aeb3602e	datasets/IdenProf/idenprof/train/judge/judge-497.jpg	train_dataset/normal/judge/judge-497.jpg
judge	3f8c6deee485148c97e3f35b13ef46ad4f8a1b1ea726b6df8034e9a81a858293	datasets/IdenProf/idenprof/train/judge/judge-729.jpg	train_dataset/normal/judge/judge-729.jpg
judge	3f9fb05510ecaca72550ad2b006cc6529df778c0250890efbba752472d942b4b	datasets/IdenProf/idenprof/train/judge/judge-472.jpg	train_dataset/normal/judge/judge-472.jpg
judge	3fcb909e6bf518bb90b5129d3a189f1bfae239f307d21e3460c19294c94e0f4f	datasets/IdenProf/idenprof/train/judge/judge-191.jpg	train_dataset/normal/judge/judge-191.jpg
judge	3fd72eeca559d65eea62922a0a6e13d211b9f5414b24eff56906fdde5f3ba5b2	datasets/IdenProf/idenprof/train/judge/judge-616.jpg	train_dataset/normal/judge/judge-616.jpg
judge	3fde10c4c0124dca3a5b7dd025af0c452bf884cbf6d2b00319deda0fdc44496e	datasets/IdenProf/idenprof/train/judge/judge-596.jpg	train_dataset/normal/judge/judge-596.jpg
judge	40393dde904660aad2f20ad5ff728e5df5a0dc0d3204be136d37970e7ab6df94	datasets/IdenProf/idenprof/train/judge/judge-47.jpg	train_dataset/normal/judge/judge-47.jpg
judge	405abc7de106952fd2331754f4ae83b22d76b81bd0758c8401043b0cccd622e3	datasets/IdenProf/idenprof/train/judge/judge-592.jpg	train_dataset/normal/judge/judge-592.jpg
judge	40797d48be1f2837bc5c2cdcc877a8fd60d5de7a90520ced279253e1255bd6f5	datasets/IdenProf/idenprof/train/judge/judge-169.jpg	train_dataset/normal/judge/judge-169.jpg
judge	41ecb8128bc806406f37cf9fd500ebbe3666037bc849270a0d142d62784d30b0	datasets/IdenProf/idenprof/train/judge/judge-494.jpg	train_dataset/normal/judge/judge-494.jpg
judge	4261f6b17b4012b5df94d9ae82041014ff4a603000cebfed824060bb84913ef9	datasets/IdenProf/idenprof/train/judge/judge-280.jpg	train_dataset/normal/judge/judge-280.jpg
judge	426e2197d1e3dfe0d196c34dbd60be5727ae7752b0bcf4420837027c39f4a7f0	datasets/IdenProf/idenprof/train/judge/judge-120.jpg	train_dataset/normal/judge/judge-120.jpg
judge	427d355224205f90d7ca3881b612b6524916c75900a14803796652a160675f1e	datasets/IdenProf/idenprof/train/judge/judge-363.jpg	train_dataset/normal/judge/judge-363.jpg
judge	42a388ef0cec161d815c4acc80b9b5b755447fca85a476831fd634285db5a803	datasets/IdenProf/idenprof/train/judge/judge-626.jpg	train_dataset/normal/judge/judge-626.jpg
judge	42ac1a3299df42419342a1c50b06ff3ca6a4fa22be854510f7ce12d61d64c24c	datasets/IdenProf/idenprof/train/judge/judge-697.jpg	train_dataset/normal/judge/judge-697.jpg
judge	42fb020608b3a9c05465a2e1e0421fb6d027039efc38089dec94c03626bb0d5e	datasets/IdenProf/idenprof/train/judge/judge-106.jpg	train_dataset/normal/judge/judge-106.jpg
judge	430600af0b9b9091f56c63abb6fd3fabd51b8aac9c82434b54f3147bc4b77c77	datasets/IdenProf/idenprof/train/judge/judge-468.jpg	train_dataset/normal/judge/judge-468.jpg
judge	4371204e4ef03f581ebe663a1854cd3f81180b02161596b22d030a2b1ca2a1e1	datasets/IdenProf/idenprof/train/judge/judge-736.jpg	train_dataset/normal/judge/judge-736.jpg
judge	43aa61a58120eabd9590def847261659b538637ce6956bdb3f31b25f52788bd9	datasets/IdenProf/idenprof/train/judge/judge-669.jpg	train_dataset/normal/judge/judge-669.jpg
judge	43f241d8ea3e4b11729baf85eeb81677d0f3c66d93099ad532462f4104add896	datasets/IdenProf/idenprof/train/judge/judge-892.jpg	train_dataset/normal/judge/judge-892.jpg
judge	43f92554f36473dcb0d9b5e5be6fe916968d551a425362417f290b6d4ad767c0	datasets/IdenProf/idenprof/train/judge/judge-437.jpg	train_dataset/normal/judge/judge-437.jpg
judge	4431073c774ffa35fa8d797c86267ddea09bf35e88fc6300443b59e4fe962822	datasets/IdenProf/idenprof/train/judge/judge-176.jpg	train_dataset/normal/judge/judge-176.jpg
judge	447cbfb522d64462783bce2cbe533cea856d9f3b14cb0c7c00923903476e7caa	datasets/IdenProf/idenprof/train/judge/judge-588.jpg	train_dataset/normal/judge/judge-588.jpg
judge	44891d25697240fc51f9345d877dedf2ee7987e6b0f7ce73d456bd896e0c1674	datasets/IdenProf/idenprof/train/judge/judge-483.jpg	train_dataset/normal/judge/judge-483.jpg
judge	44d07fbab01e751fb943558458b31fb5abfd725618630c5f0dc126e1276e8070	datasets/IdenProf/idenprof/train/judge/judge-708.jpg	train_dataset/normal/judge/judge-708.jpg
judge	44ff53949d12058dc10efe33fc8262985958c577c0b1e7129148d3d252310b31	datasets/IdenProf/idenprof/train/judge/judge-893.jpg	train_dataset/normal/judge/judge-893.jpg
judge	454fa580d63af12a9b62062f0fef8ad23ed707cefae90365bdf8df65603a8223	datasets/IdenProf/idenprof/train/judge/judge-86.jpg	train_dataset/normal/judge/judge-86.jpg
judge	4666935b9bd3ffaf50c97bebc8d4397a20ec73385e12b267b5885ac95b06e993	datasets/IdenProf/idenprof/train/judge/judge-443.jpg	train_dataset/normal/judge/judge-443.jpg
judge	469ca8303199cbc4cb7c0a86560d1dca292a7265d47ba37efa69c3e077499a3a	datasets/IdenProf/idenprof/train/judge/judge-51.jpg	train_dataset/normal/judge/judge-51.jpg
judge	46eb3ed0702f220741636afd0294aafb694be2615613452f2d64c56d0393befd	datasets/IdenProf/idenprof/train/judge/judge-385.jpg	train_dataset/normal/judge/judge-385.jpg
judge	47bb5fec43c192405d37aefd3a5a4670172f51065f0243b001f78f2727ab964e	datasets/IdenProf/idenprof/train/judge/judge-131.jpg	train_dataset/normal/judge/judge-131.jpg
judge	47c306314d8d659015658b1e5d4edbf655f8704d2e30549cc9a0d9bfbbad1295	datasets/IdenProf/idenprof/train/judge/judge-162.jpg	train_dataset/normal/judge/judge-162.jpg
judge	480a7faf819c89ed47ec23d3e969dd0f0d1db01a9575df91de7622efd31dc1b2	datasets/IdenProf/idenprof/train/judge/judge-617.jpg	train_dataset/normal/judge/judge-617.jpg
judge	48691ba497ebecd785a98ac7e72aeeabdbc587d32fbd1df603a6e4e2d4465526	datasets/IdenProf/idenprof/train/judge/judge-57.jpg	train_dataset/normal/judge/judge-57.jpg
judge	48c33b8209d45dcdf2d68b2323d0ef3d03d115fbe25c0f873d5a73bc9a9bfea3	datasets/IdenProf/idenprof/train/judge/judge-642.jpg	train_dataset/normal/judge/judge-642.jpg
judge	48f40e10a7a10ff2e9ce4791c3a6211b8c7466a7dfc6a561dc7d29eef55a38fc	datasets/IdenProf/idenprof/train/judge/judge-573.jpg	train_dataset/normal/judge/judge-573.jpg
judge	4a3f0e003058496d2332fbaadf31665ea8464fb89bcd3d93195e69e14c007259	datasets/IdenProf/idenprof/train/judge/judge-666.jpg	train_dataset/normal/judge/judge-666.jpg
judge	4a7e602fc4e2108dad238bad7938edaeec2d19cdfbc1c0bc90da5b576900b745	datasets/IdenProf/idenprof/train/judge/judge-473.jpg	train_dataset/normal/judge/judge-473.jpg
judge	4acf3f66634422a8d09474cb3bff308f3f6edcbe59c4349e2c7e48e0e99d0a2e	datasets/IdenProf/idenprof/train/judge/judge-436.jpg	train_dataset/normal/judge/judge-436.jpg
judge	4b09222efa91dd3588b67f2cf0a8ce527ea539329e06621a20efe80de839f215	datasets/IdenProf/idenprof/train/judge/judge-799.jpg	train_dataset/normal/judge/judge-799.jpg
judge	4b0bcd5a6e851934787ecf9b1da43da3a7f156566294e984594e63dff38b01cd	datasets/IdenProf/idenprof/train/judge/judge-195.jpg	train_dataset/normal/judge/judge-195.jpg
judge	4b2a7ac583d6d36a306a470d31a90af2f4569a7e8bb4b38e57399f90fea53913	datasets/IdenProf/idenprof/train/judge/judge-211.jpg	train_dataset/normal/judge/judge-211.jpg
judge	4b404248fdcba0ce82985b224776dd90a8286ed230dcd6f070faee98d5584a6a	datasets/IdenProf/idenprof/train/judge/judge-256.jpg	train_dataset/normal/judge/judge-256.jpg
judge	4b4dcf082d35e708701a299eda274367ec4dbdd81e53a0aef34765ecad9bf080	datasets/IdenProf/idenprof/train/judge/judge-595.jpg	train_dataset/normal/judge/judge-595.jpg
judge	4be825535ec35d87b8b047cbbbde9b071c4083b1fd2863ca9e05e13726bf01f4	datasets/IdenProf/idenprof/train/judge/judge-540.jpg	train_dataset/normal/judge/judge-540.jpg
judge	4c015863043c25cf9dc783d09a302ef86d3380c0009d9c2ca520367ea81722a8	datasets/IdenProf/idenprof/train/judge/judge-856.jpg	train_dataset/normal/judge/judge-856.jpg
judge	4cbf3a9878475dab771f083a20e829fb3ed2ff22c27fbeedbb90ffa3dcd7d3fc	datasets/IdenProf/idenprof/train/judge/judge-121.jpg	train_dataset/normal/judge/judge-121.jpg
judge	4d02a657935c3a89da518ebf31a3a4bd88e5d9a18973abe5d0b3b866d8d416e9	datasets/IdenProf/idenprof/train/judge/judge-491.jpg	train_dataset/normal/judge/judge-491.jpg
judge	4d7157e78c498d18a291c236ed06fbebfa93e9b4e600df11eab2b10114bc1927	datasets/IdenProf/idenprof/train/judge/judge-547.jpg	train_dataset/normal/judge/judge-547.jpg
judge	4d9380231fbca78999990c05362de1073513d665aaa74c48f6938348898437d5	datasets/IdenProf/idenprof/train/judge/judge-288.jpg	train_dataset/normal/judge/judge-288.jpg
judge	4da0e84adff9b5ca4ba9f5c55c0fcf1c988be0eb8ca9a7b682e26b685c98b161	datasets/IdenProf/idenprof/train/judge/judge-232.jpg	train_dataset/normal/judge/judge-232.jpg
judge	4dad139cd739165fa2f8adf51df2ba12def1e2fee272c37332716902f88f13d8	datasets/IdenProf/idenprof/train/judge/judge-517.jpg	train_dataset/normal/judge/judge-517.jpg
judge	4dc051c85fe5923ae6dbabca201d0382f150f89f495f7a8b7b39bbabed103680	datasets/IdenProf/idenprof/train/judge/judge-543.jpg	train_dataset/normal/judge/judge-543.jpg
judge	4e4687adb05e7983afb27f151fcae7a7daf1ad809998030e7ba20002fd3f759a	datasets/IdenProf/idenprof/train/judge/judge-558.jpg	train_dataset/normal/judge/judge-558.jpg
judge	4ede92e3e047d11ded24d85474a3e7ac34eed5bbce8077ea98c5144d9522ab91	datasets/IdenProf/idenprof/train/judge/judge-507.jpg	train_dataset/normal/judge/judge-507.jpg
judge	4f632a36f972619632c31d8ff500d928f813ef48ba75b45328018aeb293b7e47	datasets/IdenProf/idenprof/train/judge/judge-299.jpg	train_dataset/normal/judge/judge-299.jpg
judge	4f952be64f6d8be12acc882d8b3804ebe5e0be6024c39c44c106b237e4d2c07f	datasets/IdenProf/idenprof/train/judge/judge-840.jpg	train_dataset/normal/judge/judge-840.jpg
judge	4fd483c1c1505e742bcb723963b31a9bfd8c76a67c519493162a4c5c9287d956	datasets/IdenProf/idenprof/train/judge/judge-301.jpg	train_dataset/normal/judge/judge-301.jpg
judge	5007d80213a025c848cdc95df47946a40a3a90b533a1e499b5a9d7b1097baf93	datasets/IdenProf/idenprof/train/judge/judge-865.jpg	train_dataset/normal/judge/judge-865.jpg
judge	5007f034bde09da3eba115bc5fb069af2c9d1408f9851abfbba045af90b8500f	datasets/IdenProf/idenprof/train/judge/judge-661.jpg	train_dataset/normal/judge/judge-661.jpg
judge	502dd4363e034acb22c6b1589752249a797583de7fe944df82728186f604a65a	datasets/IdenProf/idenprof/train/judge/judge-171.jpg	train_dataset/normal/judge/judge-171.jpg
judge	504163128e0f150a9fc674b3e47c2c7800c08131635408511dc7b911d886bc74	datasets/IdenProf/idenprof/train/judge/judge-760.jpg	train_dataset/normal/judge/judge-760.jpg
judge	508e3c67aabfd0fa26b3ab1bc35ba5a062d4f807539b313b0b152bcec9aafdb8	datasets/IdenProf/idenprof/train/judge/judge-650.jpg	train_dataset/normal/judge/judge-650.jpg
judge	50cc148458551835549483aebf1f533d6b801dfe6142451994149372b2f6f553	datasets/IdenProf/idenprof/train/judge/judge-639.jpg	train_dataset/normal/judge/judge-639.jpg
judge	50f0266f2400935c9bd347384a233c5d9142864cb0f7f573d78dce1d3fb02075	datasets/IdenProf/idenprof/train/judge/judge-79.jpg	train_dataset/normal/judge/judge-79.jpg
judge	51b376fad9f5bf071c870cd225042d13a33c16828c5ae2644dda3c21c0af27f3	datasets/IdenProf/idenprof/train/judge/judge-427.jpg	train_dataset/normal/judge/judge-427.jpg
judge	51c4a26c8bc72671b1126c3427eecf409f4f101c8349415d032f69ca4fd5df55	datasets/IdenProf/idenprof/train/judge/judge-551.jpg	train_dataset/normal/judge/judge-551.jpg
judge	520c5f2f579652a1fbe08cb4f77f3498ce39c3c4952c327670b76e5abe4fb885	datasets/IdenProf/idenprof/train/judge/judge-425.jpg	train_dataset/normal/judge/judge-425.jpg
judge	523a12a006d2889b5b50e89b3b4d0f2c74c33fcbac010e0dfa8a17160282831f	datasets/IdenProf/idenprof/train/judge/judge-142.jpg	train_dataset/normal/judge/judge-142.jpg
judge	52abddecf364695aa029513aad4404e38b0560954d9ee15fece4a5c1d7804964	datasets/IdenProf/idenprof/train/judge/judge-459.jpg	train_dataset/normal/judge/judge-459.jpg
judge	5321650d68daa2822bb417d17fc6112336cf7546418fc2fb1489f84bf459273a	datasets/IdenProf/idenprof/train/judge/judge-634.jpg	train_dataset/normal/judge/judge-634.jpg
judge	53725c1a726eed947792dc247f5a76b5e6476dc0a7600e23f2a34b5a0d40c173	datasets/IdenProf/idenprof/train/judge/judge-376.jpg	train_dataset/normal/judge/judge-376.jpg
judge	539592a68dc0e3b794cdea6c1a1da4b4c892ab6c9b7226a8887876215126d28d	datasets/IdenProf/idenprof/train/judge/judge-383.jpg	train_dataset/normal/judge/judge-383.jpg
judge	53b73df68109e39485188753bee8904d85c161a7b4136af0cd59ee2bfcca3cf5	datasets/IdenProf/idenprof/train/judge/judge-143.jpg	train_dataset/normal/judge/judge-143.jpg
judge	53f30ca6f5a1df529731900794a33dab3c53f4e97159ba77acf7d84ce52b15ea	datasets/IdenProf/idenprof/train/judge/judge-530.jpg	train_dataset/normal/judge/judge-530.jpg
judge	5412c89f41fa26d32b2a8f4d19e9c9aa1a771018ad9f6c7540bd3c9147f31c95	datasets/IdenProf/idenprof/train/judge/judge-773.jpg	train_dataset/normal/judge/judge-773.jpg
judge	541f61c661c6a0da3a13c634ad3c95a0bb37402490f4a9611515280bb60a41bb	datasets/IdenProf/idenprof/train/judge/judge-203.jpg	train_dataset/normal/judge/judge-203.jpg
judge	54728c16c9a12cbdfc688138e811cb16149fa4438293e6af68507eafc165a9d0	datasets/IdenProf/idenprof/train/judge/judge-37.jpg	train_dataset/normal/judge/judge-37.jpg
judge	54a8322e87d463d5c5aa626412b6ef85672291854bdb16eb5bae6828388af709	datasets/IdenProf/idenprof/train/judge/judge-813.jpg	train_dataset/normal/judge/judge-813.jpg
judge	54cdf3fa71ba86b1b44078a82baf75878c7d8e684ce6f93d58eb9015f8ea89c5	datasets/IdenProf/idenprof/train/judge/judge-83.jpg	train_dataset/normal/judge/judge-83.jpg
judge	555815f8480c10f0efdae21c57a737d97a9a0ac98eb1f94d2583a4b359693b9c	datasets/IdenProf/idenprof/train/judge/judge-322.jpg	train_dataset/normal/judge/judge-322.jpg
judge	569ca822de6b585ba1b4018b94848c859efc2986540ea03179b7b61b191a5015	datasets/IdenProf/idenprof/train/judge/judge-636.jpg	train_dataset/normal/judge/judge-636.jpg
judge	56b9ea892ff95c4fef6af571f612874d310577b343ee01caccb3629b1b30036e	datasets/IdenProf/idenprof/train/judge/judge-651.jpg	train_dataset/normal/judge/judge-651.jpg
judge	56f86ae9308ece431de03728a6351a1e3af8cc4cba3ea75ee612c7c41533fc75	datasets/IdenProf/idenprof/train/judge/judge-401.jpg	train_dataset/normal/judge/judge-401.jpg
judge	5805e358e0919aec5329d0affd2563c75f8c9eb290f2a5779b6d5ffe4d919874	datasets/IdenProf/idenprof/train/judge/judge-715.jpg	train_dataset/normal/judge/judge-715.jpg
judge	583ba59887cf5331cea637b6fd9fe5220093024c7e4c810a790f735220bab915	datasets/IdenProf/idenprof/train/judge/judge-754.jpg	train_dataset/normal/judge/judge-754.jpg
judge	58984e2291097934763ae181cb98d871386b6216d5355f938bee3ce9b409f26f	datasets/IdenProf/idenprof/train/judge/judge-107.jpg	train_dataset/normal/judge/judge-107.jpg
judge	58eb71fa8b1f1b875f84abd97151c588f9f0d6c960df48fa70dd3c2ed791d50d	datasets/IdenProf/idenprof/train/judge/judge-201.jpg	train_dataset/normal/judge/judge-201.jpg
judge	592cb86fdec4a642259df6d91a46b98f52584c4b0798ab00a6726e36f7f0232a	datasets/IdenProf/idenprof/train/judge/judge-35.jpg	train_dataset/normal/judge/judge-35.jpg
judge	5946b60e5e8fed4660f0c7d4f0f615ff45d920d8e36292dfb573fdb65560a9dd	datasets/IdenProf/idenprof/train/judge/judge-164.jpg	train_dataset/normal/judge/judge-164.jpg
judge	595fa685e92c3ba390360909ae948b57378b5e3c7d4412dfbc2d17b176fc3998	datasets/IdenProf/idenprof/train/judge/judge-187.jpg	train_dataset/normal/judge/judge-187.jpg
judge	59c7e496672bc2ccd0ead8b5d6e8b13f46fd416a3527e0b316457592818386a4	datasets/IdenProf/idenprof/train/judge/judge-587.jpg	train_dataset/normal/judge/judge-587.jpg
judge	59ec51093e781b019762287bf8a0f85e84bf9a8b429cc73e2ab2ab1f3be5c0cd	datasets/IdenProf/idenprof/train/judge/judge-402.jpg	train_dataset/normal/judge/judge-402.jpg
judge	5a1243cdefff9d2c9fe1e03e665d198b5cd96710df1066706eab263b19b62e6d	datasets/IdenProf/idenprof/train/judge/judge-243.jpg	train_dataset/normal/judge/judge-243.jpg
judge	5a4d5279317c6ea853bc780b7a5d786c4e131c0b5b858fb57bbc528e6929b1f1	datasets/IdenProf/idenprof/train/judge/judge-843.jpg	train_dataset/normal/judge/judge-843.jpg
judge	5ada8b52cb4d0bbbfd9dbde924525fad647c251b000b3f0ab9a19d1c7c0d154a	datasets/IdenProf/idenprof/train/judge/judge-364.jpg	train_dataset/normal/judge/judge-364.jpg
judge	5b41b0f97930d4a5d4639520c87b58b1f2e8d631578e0318901913d26f700e32	datasets/IdenProf/idenprof/train/judge/judge-259.jpg	train_dataset/normal/judge/judge-259.jpg
judge	5bcb7e449e5b3f18dbaecc7b58df20736c568c49f340b727fc920acfc9929532	datasets/IdenProf/idenprof/train/judge/judge-682.jpg	train_dataset/normal/judge/judge-682.jpg
judge	5c2cdfd3d15c982866061e5ca950c4295898505d6fc6c94e67fa6deb3cfb80f3	datasets/IdenProf/idenprof/train/judge/judge-767.jpg	train_dataset/normal/judge/judge-767.jpg
judge	5ccdb1ab412e9067191ba6d5e82da5defe6f5c68f01bf29b3a9281c4b9cd5a33	datasets/IdenProf/idenprof/train/judge/judge-308.jpg	train_dataset/normal/judge/judge-308.jpg
judge	5ccf74460f9545d6464098f024e81455f037dc5f63c92ae7512e94a439ba0b45	datasets/IdenProf/idenprof/train/judge/judge-304.jpg	train_dataset/normal/judge/judge-304.jpg
judge	5cf75a950c82e894b7a86e0e922dcafe80b7b9093f5d056812ec8cbdeec3b1c9	datasets/IdenProf/idenprof/train/judge/judge-62.jpg	train_dataset/normal/judge/judge-62.jpg
judge	5d12bf64f43ea4870dfe345a2bb37274d096a3676ea5993e3c67f2ca0dd478a2	datasets/IdenProf/idenprof/train/judge/judge-608.jpg	train_dataset/normal/judge/judge-608.jpg
judge	5d2a050bd3c92f98aac321d78d750a3c8c9137946a6eadec5ccf276dee44d922	datasets/IdenProf/idenprof/train/judge/judge-728.jpg	train_dataset/normal/judge/judge-728.jpg
judge	5d450e135bb6f596c09562d52fafca6ca0805e628919e98b79f23dcfc435ae29	datasets/IdenProf/idenprof/train/judge/judge-885.jpg	train_dataset/normal/judge/judge-885.jpg
judge	5dd1f5ef5a10415988e4b7b593ea259cdcf3ccaba04207688cb37ef504c2bd31	datasets/IdenProf/idenprof/train/judge/judge-231.jpg	train_dataset/normal/judge/judge-231.jpg
judge	5deabce710bde3fdc3eb85a30abf06d986e3210c4657cec8888650eae6b9c6be	datasets/IdenProf/idenprof/train/judge/judge-502.jpg	train_dataset/normal/judge/judge-502.jpg
judge	5e12d195a75f6f4a2b37ec5b4b955b02f1d6f36f67ca6f75774abdb56b007c3e	datasets/IdenProf/idenprof/train/judge/judge-871.jpg	train_dataset/normal/judge/judge-871.jpg
judge	5e22650b51e2f20b167d6b36cc220b99f98604192d3dceff311004d930a38f53	datasets/IdenProf/idenprof/train/judge/judge-212.jpg	train_dataset/normal/judge/judge-212.jpg
judge	5e3498dca80863f2e4d6f05a23cb20f2935abbdd127f0f5cc568f842ccf0dec5	datasets/IdenProf/idenprof/train/judge/judge-24.jpg	train_dataset/normal/judge/judge-24.jpg
judge	5e3ae7299aaa313482ca1e3f26b5b640b74468ca8de721c71177e47e017b30a3	datasets/IdenProf/idenprof/train/judge/judge-409.jpg	train_dataset/normal/judge/judge-409.jpg
judge	5e8929fda86b3bfa3b58effbf42bcf196f753744a998c603b5ec49784a2c449a	datasets/IdenProf/idenprof/train/judge/judge-716.jpg	train_dataset/normal/judge/judge-716.jpg
judge	5ee503a6ae4852639c97af6df0561c41489b5f783a5d9c99989a3c26ed7dbaab	datasets/IdenProf/idenprof/train/judge/judge-404.jpg	train_dataset/normal/judge/judge-404.jpg
judge	5f762310c73c19db040622c7d19f9b08b8a3d3aa977150eb554fc10fe3d9c4a2	datasets/IdenProf/idenprof/train/judge/judge-895.jpg	train_dataset/normal/judge/judge-895.jpg
judge	5f941016d135be6928d2483c17f4aae28480597c046d222c1ccbaca1e300d8e3	datasets/IdenProf/idenprof/train/judge/judge-112.jpg	train_dataset/normal/judge/judge-112.jpg
judge	60262c189b2bd56c3c1ae2c1901ab66f300b4b44d507cefe9c19736199fd9187	datasets/IdenProf/idenprof/train/judge/judge-13.jpg	train_dataset/normal/judge/judge-13.jpg
judge	6065adc28eef109cf9e3920647c8091ab4fb83c1fe3df731ff0080124c77e8ab	datasets/IdenProf/idenprof/train/judge/judge-488.jpg	train_dataset/normal/judge/judge-488.jpg
judge	6078b92e197ebf6759cbeac9c06bccfe68ec50d5abd659975ce172ee40fa55f9	datasets/IdenProf/idenprof/train/judge/judge-137.jpg	train_dataset/normal/judge/judge-137.jpg
judge	60e8ac1884bf49913d073a3ad76af9bcbfe42b0175136be3d0122738062a7d78	datasets/IdenProf/idenprof/train/judge/judge-98.jpg	train_dataset/normal/judge/judge-98.jpg
judge	60f8ac056af172d72e36603ec2f868c8604ba13516f8b550b6ca1476db66725d	datasets/IdenProf/idenprof/train/judge/judge-92.jpg	train_dataset/normal/judge/judge-92.jpg
judge	616c8880126968f66bf8c0fe34cc92a84f977bc33c84234df8b7045b5cfc3945	datasets/IdenProf/idenprof/train/judge/judge-707.jpg	train_dataset/normal/judge/judge-707.jpg
judge	618c712c27a95136893710741c54e26a9b41f9ffab2f9bc52c6c06b688680d08	datasets/IdenProf/idenprof/train/judge/judge-390.jpg	train_dataset/normal/judge/judge-390.jpg
judge	61bfde875788807ec6bf002209991ed58b313983b598051c6e654d5c8832940c	datasets/IdenProf/idenprof/train/judge/judge-358.jpg	train_dataset/normal/judge/judge-358.jpg
judge	61dbc26285aa1e24c0177406c7791668249063e1207f522e830d1cc53804bbf6	datasets/IdenProf/idenprof/train/judge/judge-876.jpg	train_dataset/normal/judge/judge-876.jpg
mechanic	00663a386df293e177855b969235c560bef0a18035d9a1217a9a92b7bceeb996	datasets/IdenProf/idenprof/train/mechanic/mechanic-112.jpg	train_dataset/normal/mechanic/mechanic-112.jpg
mechanic	00bed6bc0a5683a30b7077f62666787b1ad6bceb38490b299333852c584dc2dd	datasets/IdenProf/idenprof/train/mechanic/mechanic-769.jpg	train_dataset/normal/mechanic/mechanic-769.jpg
mechanic	0106c3d0191acac23c25f00dbb0bc13a047b399e89627d9e7f216182abdfdadb	datasets/IdenProf/idenprof/train/mechanic/mechanic-778.jpg	train_dataset/normal/mechanic/mechanic-778.jpg
mechanic	0110ecb4e2c60fe58dbdc652094c21d282740e14c512945e216e3f28a0debdfc	datasets/IdenProf/idenprof/train/mechanic/mechanic-362.jpg	train_dataset/normal/mechanic/mechanic-362.jpg
mechanic	01256a14c01a8c6207c4dbad9f2876269f89060ebe7f227e3ccdfe20a20b7225	datasets/IdenProf/idenprof/train/mechanic/mechanic-11.jpg	train_dataset/normal/mechanic/mechanic-11.jpg
mechanic	0141218df946a487c63feaa1029abdadfdb8bce8be171177323dbd206bd58d86	datasets/IdenProf/idenprof/train/mechanic/mechanic-537.jpg	train_dataset/normal/mechanic/mechanic-537.jpg
mechanic	01a89a77241fe3b00762e053faabadbf155c9d82e5c387238752ed7f7a656483	datasets/IdenProf/idenprof/train/mechanic/mechanic-686.jpg	train_dataset/normal/mechanic/mechanic-686.jpg
mechanic	023b27898dd2ed773c05993e1029d4c2dfb939b69f3ab49dfd49a4ca39420f73	datasets/IdenProf/idenprof/train/mechanic/mechanic-342.jpg	train_dataset/normal/mechanic/mechanic-342.jpg
mechanic	023fde2d1930995fd6e76668023ffc504ee74ea2c30506a6f8a3d8f768fd8d51	datasets/IdenProf/idenprof/train/mechanic/mechanic-328.jpg	train_dataset/normal/mechanic/mechanic-328.jpg
mechanic	027641c0e21de17bd2ec4bf21a514f6e39cf8990f52b787a6e570dd11f87cb4a	datasets/IdenProf/idenprof/train/mechanic/mechanic-656.jpg	train_dataset/normal/mechanic/mechanic-656.jpg
mechanic	03113f1b677497b27391894cfca8cc8b6303e13def10a4d10d00a6fb53ebebad	datasets/IdenProf/idenprof/train/mechanic/mechanic-665.jpg	train_dataset/normal/mechanic/mechanic-665.jpg
mechanic	0312bb85aa14f02c7b27561650fd3ccb9eee9103946ce85fd56c0e863ba6e8cd	datasets/IdenProf/idenprof/train/mechanic/mechanic-525.jpg	train_dataset/normal/mechanic/mechanic-525.jpg
mechanic	0357ea9669f252ab05fa041b6043d0997cab744807e440eab7ed5a9cac5ed2bf	datasets/IdenProf/idenprof/train/mechanic/mechanic-428.jpg	train_dataset/normal/mechanic/mechanic-428.jpg
mechanic	03fc2e67f3025a5729cec2ac91f71c32dd0e84a88fc54c6be5a1adeb3878677b	datasets/IdenProf/idenprof/train/mechanic/mechanic-757.jpg	train_dataset/normal/mechanic/mechanic-757.jpg
mechanic	0410e68baa13d73bd3061a99f1b779a8e4499abb67f29a7c9e2883bd86e288fc	datasets/IdenProf/idenprof/train/mechanic/mechanic-384.jpg	train_dataset/normal/mechanic/mechanic-384.jpg
mechanic	0441df89e5df6dd1c871e8cc726eaa28226c18d17de1ac828e511ac1e0695eca	datasets/IdenProf/idenprof/train/mechanic/mechanic-320.jpg	train_dataset/normal/mechanic/mechanic-320.jpg
mechanic	05b2892d83faa9a8c73ba61ce993e68fc17b45974c3e218ab5662852f9f54b2c	datasets/IdenProf/idenprof/train/mechanic/mechanic-807.jpg	train_dataset/normal/mechanic/mechanic-807.jpg
mechanic	06966018799f3986f2eda5c200f12ea430cf01608e8597ad2c1282a9ce140605	datasets/IdenProf/idenprof/train/mechanic/mechanic-94.jpg	train_dataset/normal/mechanic/mechanic-94.jpg
mechanic	06a1aa85553b9be904daa07e65decb3cf574cd8cd62c82b6c6b8103f3b8aff0c	datasets/IdenProf/idenprof/train/mechanic/mechanic-117.jpg	train_dataset/normal/mechanic/mechanic-117.jpg
mechanic	0719353575ff49731b2129b2445a1bd0d1a76c9e82e43de3a43e6b9fc037e971	datasets/IdenProf/idenprof/train/mechanic/mechanic-31.jpg	train_dataset/normal/mechanic/mechanic-31.jpg
mechanic	073d1a5fe401665db1906bbf984d0e9870aa8a11db0b4e9a149c10dca013f975	datasets/IdenProf/idenprof/train/mechanic/mechanic-652.jpg	train_dataset/normal/mechanic/mechanic-652.jpg
mechanic	07457b42e54e6c79c8d588e1bab79306a0b3ee8a419a579162adeee178113e85	datasets/IdenProf/idenprof/train/mechanic/mechanic-218.jpg	train_dataset/normal/mechanic/mechanic-218.jpg
mechanic	074a71b373000a3a1367004029247d2be64605b6a076fc31c28953cf814ebf0c	datasets/IdenProf/idenprof/train/mechanic/mechanic-74.jpg	train_dataset/normal/mechanic/mechanic-74.jpg
mechanic	075e427ed6579a829a56331eeb365863488de4436d9ca1b4f2e3e85fbc336a6b	datasets/IdenProf/idenprof/train/mechanic/mechanic-39.jpg	train_dataset/normal/mechanic/mechanic-39.jpg
mechanic	07738f1e0da813f4bfc0ecade73759dcdde0a32aacdccfed1ef37b1e434b6ac7	datasets/IdenProf/idenprof/train/mechanic/mechanic-562.jpg	train_dataset/normal/mechanic/mechanic-562.jpg
mechanic	0774353010d26c4bce0f4f2462911778d06101ebe5e57a8e4a929b2a499b842d	datasets/IdenProf/idenprof/train/mechanic/mechanic-171.jpg	train_dataset/normal/mechanic/mechanic-171.jpg
mechanic	0775c33a314fc0a9dbb534d3f566ea700f4729dc615b0cd424abea2c6b4c1e22	datasets/IdenProf/idenprof/train/mechanic/mechanic-671.jpg	train_dataset/normal/mechanic/mechanic-671.jpg
mechanic	07d70cc549e169bb3ca956b812c924d6b9b0f3edf30eba211efc221613c15cc7	datasets/IdenProf/idenprof/train/mechanic/mechanic-15.jpg	train_dataset/normal/mechanic/mechanic-15.jpg
mechanic	084d522e2d03424250148d2d6458656149a795e7ff2acf0548455545080c5e07	datasets/IdenProf/idenprof/train/mechanic/mechanic-243.jpg	train_dataset/normal/mechanic/mechanic-243.jpg
mechanic	0858e97b3bff15612c521311c15d0299d39a6ce378934437ceeb65fdb2ca2237	datasets/IdenProf/idenprof/train/mechanic/mechanic-646.jpg	train_dataset/normal/mechanic/mechanic-646.jpg
mechanic	089896a58f2ccf1988e8abb36ff19446ea4dc9962733078b2373d1a3d537fc43	datasets/IdenProf/idenprof/train/mechanic/mechanic-302.jpg	train_dataset/normal/mechanic/mechanic-302.jpg
mechanic	08a7479dddee6327579f2e37b514cc43accbea17b0df2a469b3282e68915bbad	datasets/IdenProf/idenprof/train/mechanic/mechanic-435.jpg	train_dataset/normal/mechanic/mechanic-435.jpg
mechanic	08c03e6942847fce420857f7d892f818ceffe0e2d7275181562b934ad5c53b32	datasets/IdenProf/idenprof/train/mechanic/mechanic-731.jpg	train_dataset/normal/mechanic/mechanic-731.jpg
mechanic	091c23ebe68a4687cf55d22080a5f6656a2dc4b53b1ac0f466d04b8cdc30fee0	datasets/IdenProf/idenprof/train/mechanic/mechanic-500.jpg	train_dataset/normal/mechanic/mechanic-500.jpg
mechanic	095401995b0f4d31519386a44ed5d681905c8856d35749fb02dfd4504c1518f8	datasets/IdenProf/idenprof/train/mechanic/mechanic-188.jpg	train_dataset/normal/mechanic/mechanic-188.jpg
mechanic	09a74abe866d67e0127c3f2f103bfc765b611a219ce4db243db7642d874f4bfd	datasets/IdenProf/idenprof/train/mechanic/mechanic-419.jpg	train_dataset/normal/mechanic/mechanic-419.jpg
mechanic	09d1c5154180e24d9cba5dd01db4b71755c54528977bbadc94c6709f1daa4be6	datasets/IdenProf/idenprof/train/mechanic/mechanic-413.jpg	train_dataset/normal/mechanic/mechanic-413.jpg
mechanic	0a1f982c74625d73907d3ee96e623078f104426927b5f9fa81b74d6b512b9bf3	datasets/IdenProf/idenprof/train/mechanic/mechanic-675.jpg	train_dataset/normal/mechanic/mechanic-675.jpg
mechanic	0a483207d97cda2f6cb87be798d0b74acce79de4699718b21dda259866049abf	datasets/IdenProf/idenprof/train/mechanic/mechanic-728.jpg	train_dataset/normal/mechanic/mechanic-728.jpg
mechanic	0a728f701d925a686246742ceec2047d61a822aded575c08ceb29b6d55c8213d	datasets/IdenProf/idenprof/train/mechanic/mechanic-36.jpg	train_dataset/normal/mechanic/mechanic-36.jpg
mechanic	0bc0a91b05eb646bfeb5f10930a3b80d8875f2a360b189b8308ac407c8d92762	datasets/IdenProf/idenprof/train/mechanic/mechanic-711.jpg	train_dataset/normal/mechanic/mechanic-711.jpg
mechanic	0bccb0ea168a38dc4a028f189d6236ec7ba6e0c515b2eb1301497dc465858704	datasets/IdenProf/idenprof/train/mechanic/mechanic-350.jpg	train_dataset/normal/mechanic/mechanic-350.jpg
mechanic	0bd4027fff3ff02be99cb189e992ab2b8896eb375d8bb38195e858d74d6b505a	datasets/IdenProf/idenprof/train/mechanic/mechanic-669.jpg	train_dataset/normal/mechanic/mechanic-669.jpg
mechanic	0bf51b33c31e736d26323bcbf1066db1509e785a827c9510861d2f27fc9ced59	datasets/IdenProf/idenprof/train/mechanic/mechanic-44.jpg	train_dataset/normal/mechanic/mechanic-44.jpg
mechanic	0c12ed728fff234414c00824349687c9a65b0144cbc3e30175f380589c786c13	datasets/IdenProf/idenprof/train/mechanic/mechanic-611.jpg	train_dataset/normal/mechanic/mechanic-611.jpg
mechanic	0c75a5ea160062afd9e28ade01c290266e4237dabdb588ac27bca38f6893c7ff	datasets/IdenProf/idenprof/train/mechanic/mechanic-513.jpg	train_dataset/normal/mechanic/mechanic-513.jpg
mechanic	0dde6b4e206a0a145d7df77c95342f802983a9457e4f6a8e124272fd753c4011	datasets/IdenProf/idenprof/train/mechanic/mechanic-819.jpg	train_dataset/normal/mechanic/mechanic-819.jpg
mechanic	0ec656e89bc631f2bd815f8d42c97dbfe1450d727679083ddf5ccfae1fc8891d	datasets/IdenProf/idenprof/train/mechanic/mechanic-797.jpg	train_dataset/normal/mechanic/mechanic-797.jpg
mechanic	0ec9ff66bb2d3a7c27e37bd30349d1a6de26d5cf9857c3e5922bbfd96806227d	datasets/IdenProf/idenprof/train/mechanic/mechanic-898.jpg	train_dataset/normal/mechanic/mechanic-898.jpg
mechanic	0ed104b484f29c727c4064ec58ff783e14f2837ed90fdf15703f15d3897b1e06	datasets/IdenProf/idenprof/train/mechanic/mechanic-455.jpg	train_dataset/normal/mechanic/mechanic-455.jpg
mechanic	103a3fe188c9eda6aee1575fea32f1a0eb85d1a72e3575442d82d184df8cc102	datasets/IdenProf/idenprof/train/mechanic/mechanic-135.jpg	train_dataset/normal/mechanic/mechanic-135.jpg
mechanic	106f7d65ca1dc3defb6aa5cb452341b69b20e0b97e121ac09ba3d83ec3d5fd4d	datasets/IdenProf/idenprof/train/mechanic/mechanic-240.jpg	train_dataset/normal/mechanic/mechanic-240.jpg
mechanic	107940da3a9f4ffa3fe99a01568fb51450a4b13d0535adddf7be856bb6b0775e	datasets/IdenProf/idenprof/train/mechanic/mechanic-400.jpg	train_dataset/normal/mechanic/mechanic-400.jpg
mechanic	10942d8c3ffb01e27e8125caf844c7594856c9701e4d388cfc16a5d0551239a4	datasets/IdenProf/idenprof/train/mechanic/mechanic-68.jpg	train_dataset/normal/mechanic/mechanic-68.jpg
mechanic	113967b415ffa3a2ee3aac68c5f7e6d76ad19f580b1a0379711ef17b3af07261	datasets/IdenProf/idenprof/train/mechanic/mechanic-219.jpg	train_dataset/normal/mechanic/mechanic-219.jpg
mechanic	113c761c280aca5f2416d3b039b984738a735434448bb01df22ff3726a69133f	datasets/IdenProf/idenprof/train/mechanic/mechanic-832.jpg	train_dataset/normal/mechanic/mechanic-832.jpg
mechanic	11a17d195d25274bfcab9b3a2c1f5811b249b333aa9c22a95cd775f043b2a49b	datasets/IdenProf/idenprof/train/mechanic/mechanic-729.jpg	train_dataset/normal/mechanic/mechanic-729.jpg
mechanic	11e80f70ddb139f5bf4485d1517add2c0e37afaf7b72681251476fcfe91907c8	datasets/IdenProf/idenprof/train/mechanic/mechanic-306.jpg	train_dataset/normal/mechanic/mechanic-306.jpg
mechanic	121b1e50f636bf467870a2559a666e7bf05569959af98c8dbbc081f772a5a00d	datasets/IdenProf/idenprof/train/mechanic/mechanic-804.jpg	train_dataset/normal/mechanic/mechanic-804.jpg
mechanic	1265aff0e318e9d8897e701cce5ecea2ceb5088064d9175125a7623388ece051	datasets/IdenProf/idenprof/train/mechanic/mechanic-587.jpg	train_dataset/normal/mechanic/mechanic-587.jpg
mechanic	131ba15a038fa914c95bb7ee670a765b81836b29265f98f58b200ef90c65c88e	datasets/IdenProf/idenprof/train/mechanic/mechanic-333.jpg	train_dataset/normal/mechanic/mechanic-333.jpg
mechanic	139c77b5458c431fb7b09f3031483af55dea07ff45dadd027c684ad611affbea	datasets/IdenProf/idenprof/train/mechanic/mechanic-51.jpg	train_dataset/normal/mechanic/mechanic-51.jpg
mechanic	13e148a4ce053da237fd3c6881871baf7af58570045491894e0a02584e9ea607	datasets/IdenProf/idenprof/train/mechanic/mechanic-527.jpg	train_dataset/normal/mechanic/mechanic-527.jpg
mechanic	142047340e6376350191e958fc2a2d70971625df7610d86fec7e761a57c28144	datasets/IdenProf/idenprof/train/mechanic/mechanic-890.jpg	train_dataset/normal/mechanic/mechanic-890.jpg
mechanic	1436d3d0530603e7372ddf2b9330be5480e36ad088a452b9292d9fdfd1cfc37e	datasets/IdenProf/idenprof/train/mechanic/mechanic-161.jpg	train_dataset/normal/mechanic/mechanic-161.jpg
mechanic	1501044f68c0a5e4e4c236dc437da0fb1be54509b2287b4b0db4c744735f39fe	datasets/IdenProf/idenprof/train/mechanic/mechanic-253.jpg	train_dataset/normal/mechanic/mechanic-253.jpg
mechanic	15df8cf3b5f925b61a2126c6d460bb5b1c111b51a7bfdcc26c5a4975137de975	datasets/IdenProf/idenprof/train/mechanic/mechanic-190.jpg	train_dataset/normal/mechanic/mechanic-190.jpg
mechanic	16b358d1a85a269c1b475e81ed75c964afa13c967b934e325f31bcbc9431b731	datasets/IdenProf/idenprof/train/mechanic/mechanic-403.jpg	train_dataset/normal/mechanic/mechanic-403.jpg
mechanic	16f28e118d2c7177a4b14d95aaf2182185d77a8f1e182fd334a756013987583e	datasets/IdenProf/idenprof/train/mechanic/mechanic-630.jpg	train_dataset/normal/mechanic/mechanic-630.jpg
mechanic	17165a94f45d2351069964d4f52ab9699135df92d6a5bfddae8cfdd3cd4b8e5a	datasets/IdenProf/idenprof/train/mechanic/mechanic-775.jpg	train_dataset/normal/mechanic/mechanic-775.jpg
mechanic	17eebfb10b2222117580433eaeb40e0e81c8de544a52ac6e3d111faef6aa2496	datasets/IdenProf/idenprof/train/mechanic/mechanic-684.jpg	train_dataset/normal/mechanic/mechanic-684.jpg
mechanic	1821a437478d8282a43ebb96b7dcc54a41b7f9446fdc58c53ed39f5bd320c3ef	datasets/IdenProf/idenprof/train/mechanic/mechanic-542.jpg	train_dataset/normal/mechanic/mechanic-542.jpg
mechanic	18f964458f40c59491165a0ed324e8c1f58919dd6bdbd155e638c3f9df664f1f	datasets/IdenProf/idenprof/train/mechanic/mechanic-128.jpg	train_dataset/normal/mechanic/mechanic-128.jpg
mechanic	19ed3479d5b8cbd7537584c291855a0c4ad2a0e6414397ad01ab11d76937678c	datasets/IdenProf/idenprof/train/mechanic/mechanic-26.jpg	train_dataset/normal/mechanic/mechanic-26.jpg
mechanic	1a227612741341320f3688631835178f6eafb4fde5a5f8cb6702b59df575a78f	datasets/IdenProf/idenprof/train/mechanic/mechanic-894.jpg	train_dataset/normal/mechanic/mechanic-894.jpg
mechanic	1a5fbac1f8e158c2465dfb0b9ea4563863474dfdbb89423494621a6508c927cc	datasets/IdenProf/idenprof/train/mechanic/mechanic-426.jpg	train_dataset/normal/mechanic/mechanic-426.jpg
mechanic	1a725d1f9ba632af6b8e081be55d588562656709240e5d27cdad72c9f6cec287	datasets/IdenProf/idenprof/train/mechanic/mechanic-351.jpg	train_dataset/normal/mechanic/mechanic-351.jpg
mechanic	1b044c768452bad1886931ae2fc4f77de73854ea5fc24ff51bb798e61ca0d164	datasets/IdenProf/idenprof/train/mechanic/mechanic-130.jpg	train_dataset/normal/mechanic/mechanic-130.jpg
mechanic	1b3efd99e290f53e5f09875d7c70ffce831c181cf6ee0ed1adaac80f340d3a1e	datasets/IdenProf/idenprof/train/mechanic/mechanic-532.jpg	train_dataset/normal/mechanic/mechanic-532.jpg
mechanic	1b5b4fe0c2478140add5d02f562b348cae7d67c72838852c460e81364a22ccc8	datasets/IdenProf/idenprof/train/mechanic/mechanic-376.jpg	train_dataset/normal/mechanic/mechanic-376.jpg
mechanic	1b73e60ff0c3028e1be2237ce44b1b299eabc37451479647b8cb690df42a8ebf	datasets/IdenProf/idenprof/train/mechanic/mechanic-723.jpg	train_dataset/normal/mechanic/mechanic-723.jpg
mechanic	1b7a186977124fe25269996cfefa7103087cd972703b17e172b2671a776de634	datasets/IdenProf/idenprof/train/mechanic/mechanic-745.jpg	train_dataset/normal/mechanic/mechanic-745.jpg
mechanic	1b8954053df6a4325e63c3d2d77c5f3de665b5e6bfbd2e4874a9536797470592	datasets/IdenProf/idenprof/train/mechanic/mechanic-374.jpg	train_dataset/normal/mechanic/mechanic-374.jpg
mechanic	1b902c82057770cca2a0fec58d7ed536e05da8b527d7af5c428866b98d3887d2	datasets/IdenProf/idenprof/train/mechanic/mechanic-410.jpg	train_dataset/normal/mechanic/mechanic-410.jpg
mechanic	1bc42da01edf9a07cbabe007abafb1d4f51051a0804a336ed1c3e38418233adf	datasets/IdenProf/idenprof/train/mechanic/mechanic-354.jpg	train_dataset/normal/mechanic/mechanic-354.jpg
mechanic	1be2e44cfa133a9e448a60ec0cdc2e6d03cf5342a2a6ef40e9e16c47aa8aadf6	datasets/IdenProf/idenprof/train/mechanic/mechanic-152.jpg	train_dataset/normal/mechanic/mechanic-152.jpg
mechanic	1bfeb0c0d0af1a3e8e5c3a25ae6ca6bf1a74297e04acf8a30ea1b92827398879	datasets/IdenProf/idenprof/train/mechanic/mechanic-484.jpg	train_dataset/normal/mechanic/mechanic-484.jpg
mechanic	1bff816eeebeff29d9e18a633e0dd6053110407fa6afd4fe1caecb8e51fbf430	datasets/IdenProf/idenprof/train/mechanic/mechanic-389.jpg	train_dataset/normal/mechanic/mechanic-389.jpg
mechanic	1c0e842a80cd31ee3a1a4f795aa857dbc133825eb3f9d258bdb9be98cb74a96c	datasets/IdenProf/idenprof/train/mechanic/mechanic-721.jpg	train_dataset/normal/mechanic/mechanic-721.jpg
mechanic	1c1b79a69a323a06b0938e87074e6acbd9c4e47c2e3f11e279e8635c06021a60	datasets/IdenProf/idenprof/train/mechanic/mechanic-810.jpg	train_dataset/normal/mechanic/mechanic-810.jpg
mechanic	1c4103d3f43d071f9008af8e9faea11c881797107fd51c7eeb9f2afe51099792	datasets/IdenProf/idenprof/train/mechanic/mechanic-185.jpg	train_dataset/normal/mechanic/mechanic-185.jpg
mechanic	1c6c2bd3b1d4ce6d3ef2db03bfc2c4730594c152c6e4842219b72d2a5e32099d	datasets/IdenProf/idenprof/train/mechanic/mechanic-800.jpg	train_dataset/normal/mechanic/mechanic-800.jpg
mechanic	1c8a56ad5b7637494a853c11ff522fd19462f4f7bd6f64086b41d885b1399e0d	datasets/IdenProf/idenprof/train/mechanic/mechanic-180.jpg	train_dataset/normal/mechanic/mechanic-180.jpg
mechanic	1ca2cc92b0b7fac0f240e3f234d592ca149c36a89130e40e4ae4c79a4aa757db	datasets/IdenProf/idenprof/train/mechanic/mechanic-226.jpg	train_dataset/normal/mechanic/mechanic-226.jpg
mechanic	1cbd88e51951121b7579f3919c7018ca7f90186eb29560dfcfd618cfdfdc1da9	datasets/IdenProf/idenprof/train/mechanic/mechanic-567.jpg	train_dataset/normal/mechanic/mechanic-567.jpg
mechanic	1d1db3876a269be509d57f99079db9ce937745df7c64ff2657e0a6cf7262e5e3	datasets/IdenProf/idenprof/train/mechanic/mechanic-866.jpg	train_dataset/normal/mechanic/mechanic-866.jpg
mechanic	1d6c8eaccf208fdd230f79b6929583838f86fe91bd0f27a0a9a9227e8259afab	datasets/IdenProf/idenprof/train/mechanic/mechanic-260.jpg	train_dataset/normal/mechanic/mechanic-260.jpg
mechanic	1e445c5fd68b13b2e58f91972c9b72c62c9cf856785c55d0dd6ed7e896d541a8	datasets/IdenProf/idenprof/train/mechanic/mechanic-264.jpg	train_dataset/normal/mechanic/mechanic-264.jpg
mechanic	1e4f8b4abd65f8f1d81ca9eab6de1cfe7020b9df704111c4b5f077ceda2a9161	datasets/IdenProf/idenprof/train/mechanic/mechanic-353.jpg	train_dataset/normal/mechanic/mechanic-353.jpg
mechanic	1e78142b8980f0cad08f96f100f39698c189c38dcd032d9a318b1c66e49e3156	datasets/IdenProf/idenprof/train/mechanic/mechanic-206.jpg	train_dataset/normal/mechanic/mechanic-206.jpg
mechanic	1ee4ff74a8d989524ba6cc112856003709dcfcd385fbb694fcd890ca29e34a64	datasets/IdenProf/idenprof/train/mechanic/mechanic-843.jpg	train_dataset/normal/mechanic/mechanic-843.jpg
mechanic	1ef04b7ba562ba560938cf5b7a9a54069e25c27abb8c247e15d5eed3b93df1f0	datasets/IdenProf/idenprof/train/mechanic/mechanic-10.jpg	train_dataset/normal/mechanic/mechanic-10.jpg
mechanic	1ef3b61c0ca6afbca4d65d2787a1b55785a7a0d8a10ecdea1d91a63a5bd71205	datasets/IdenProf/idenprof/train/mechanic/mechanic-682.jpg	train_dataset/normal/mechanic/mechanic-682.jpg
mechanic	1f12fea0a33c6e1f6dd778531776839da9006595431a09e83234d10e033d4462	datasets/IdenProf/idenprof/train/mechanic/mechanic-100.jpg	train_dataset/normal/mechanic/mechanic-100.jpg
mechanic	1f2fc84fd32fafc3c5b0f683f134a7edab06e766db3d5380522e7be13ed2e1df	datasets/IdenProf/idenprof/train/mechanic/mechanic-261.jpg	train_dataset/normal/mechanic/mechanic-261.jpg
mechanic	1fe0d4b48b4469827b894ede61b53d664b3cca43d3fb7dcd4bf2fa55d368e6a6	datasets/IdenProf/idenprof/train/mechanic/mechanic-621.jpg	train_dataset/normal/mechanic/mechanic-621.jpg
mechanic	20020f23be5b7c1cf5ca7d0c729748b27da7c66968d250753bf650be52f7a486	datasets/IdenProf/idenprof/train/mechanic/mechanic-60.jpg	train_dataset/normal/mechanic/mechanic-60.jpg
mechanic	201330e65e2d6f35418c7f70ee506e7e98f42f768ba9a5b3d3c338cc7125518b	datasets/IdenProf/idenprof/train/mechanic/mechanic-811.jpg	train_dataset/normal/mechanic/mechanic-811.jpg
mechanic	20d21936d3803021f95fca3207c3d699c289e3d981e419cdbdcf339d8977af6a	datasets/IdenProf/idenprof/train/mechanic/mechanic-382.jpg	train_dataset/normal/mechanic/mechanic-382.jpg
mechanic	2126f28cca22110a6b6182c298368d597a80dd55bb42d3ac76860a4db97f8a76	datasets/IdenProf/idenprof/train/mechanic/mechanic-838.jpg	train_dataset/normal/mechanic/mechanic-838.jpg
mechanic	213c9aefc6c96ce0e36b4bacc4211bbc383ebe627f3e86e41a3154872c96b562	datasets/IdenProf/idenprof/train/mechanic/mechanic-98.jpg	train_dataset/normal/mechanic/mechanic-98.jpg
mechanic	21f52befe1f4af4fef813502f42a6b160d3c2931e4d1bcc7fbaa6ccec6673923	datasets/IdenProf/idenprof/train/mechanic/mechanic-681.jpg	train_dataset/normal/mechanic/mechanic-681.jpg
mechanic	2222dda14a07d118040d57b657174d91e6e3a9dfe5284c6b52d4fde72d6f5603	datasets/IdenProf/idenprof/train/mechanic/mechanic-437.jpg	train_dataset/normal/mechanic/mechanic-437.jpg
mechanic	22fa0bb1c2db5c2e6a8db77793912ae854fc003f466739c4cbaca41e9e24961f	datasets/IdenProf/idenprof/train/mechanic/mechanic-469.jpg	train_dataset/normal/mechanic/mechanic-469.jpg
mechanic	23246b0cfd8cbfadd5e644b41500ac0d02ead9948df61529951784cfdc9710f1	datasets/IdenProf/idenprof/train/mechanic/mechanic-244.jpg	train_dataset/normal/mechanic/mechanic-244.jpg
mechanic	23c5476006bb5e63560576f7484b7066e90cdbc43a2ba7ef166f3ea19317e424	datasets/IdenProf/idenprof/train/mechanic/mechanic-712.jpg	train_dataset/normal/mechanic/mechanic-712.jpg
mechanic	23d1f551a7f36205bc9c476c6fa27c10d0ad2a25ae39b3b66adc0f7d9fae28e6	datasets/IdenProf/idenprof/train/mechanic/mechanic-796.jpg	train_dataset/normal/mechanic/mechanic-796.jpg
mechanic	242074b40bef8cd325a9ffb11127b58de70ebe7de3a6db5423b7eba6d4ba4373	datasets/IdenProf/idenprof/train/mechanic/mechanic-405.jpg	train_dataset/normal/mechanic/mechanic-405.jpg
mechanic	2436fc878303d290b5beabe891461ba5d625f5277f8b269783c9d0baf3f56c13	datasets/IdenProf/idenprof/train/mechanic/mechanic-576.jpg	train_dataset/normal/mechanic/mechanic-576.jpg
mechanic	243f39d3bd6575db4fba152d61e845dee744a6b4e669f9b6c27cc2d6bddb57e8	datasets/IdenProf/idenprof/train/mechanic/mechanic-236.jpg	train_dataset/normal/mechanic/mechanic-236.jpg
mechanic	247be76176c4a82ad00d8b975095cfc87f918d1895f7a063eb3b8bf93118009f	datasets/IdenProf/idenprof/train/mechanic/mechanic-160.jpg	train_dataset/normal/mechanic/mechanic-160.jpg
mechanic	24cdd0a9b8af17332526105ae1bab3b208e54417338298bf780683a4e3f4cb46	datasets/IdenProf/idenprof/train/mechanic/mechanic-165.jpg	train_dataset/normal/mechanic/mechanic-165.jpg
mechanic	24edb9468ebbbbfa4e82cad33b467a9da30f27f96b61215b618fee5e5d379c22	datasets/IdenProf/idenprof/train/mechanic/mechanic-740.jpg	train_dataset/normal/mechanic/mechanic-740.jpg
mechanic	2548c1d43166b3025accfcb676ba395199cbe7edcce2bd677f2288d85ceb2b4b	datasets/IdenProf/idenprof/train/mechanic/mechanic-233.jpg	train_dataset/normal/mechanic/mechanic-233.jpg
mechanic	25514e519bc1dfb5e4b157842bc0c3fd490e244fee9be02d9c8720893e2ee9a6	datasets/IdenProf/idenprof/train/mechanic/mechanic-593.jpg	train_dataset/normal/mechanic/mechanic-593.jpg
mechanic	25681922a3bd61a6175555fa32e7ef73cb099dacc7746d6d5bb65eb568d82c1f	datasets/IdenProf/idenprof/train/mechanic/mechanic-642.jpg	train_dataset/normal/mechanic/mechanic-642.jpg
mechanic	25d9d692fe32d0a10cccf622e816819eefefbc22d2b97d7222eb6d6ba7d0ec50	datasets/IdenProf/idenprof/train/mechanic/mechanic-790.jpg	train_dataset/normal/mechanic/mechanic-790.jpg
mechanic	26b29a2373c15b21f2c935e34408cd4eea451f39e98ddf0d6d9d508b1f51a90d	datasets/IdenProf/idenprof/train/mechanic/mechanic-817.jpg	train_dataset/normal/mechanic/mechanic-817.jpg
mechanic	26d22b1c4fd79100e2c658374053aac901f5850b0597d10f912bff178976b32c	datasets/IdenProf/idenprof/train/mechanic/mechanic-697.jpg	train_dataset/normal/mechanic/mechanic-697.jpg
mechanic	26df162b79791e922bb4e75a8ae392ff423f18d609cf064f140d882c0303d8db	datasets/IdenProf/idenprof/train/mechanic/mechanic-378.jpg	train_dataset/normal/mechanic/mechanic-378.jpg
mechanic	2750e67ba11d43fbf981d4ffa9d0b977455d41e38628f2b485db9248f5e8735d	datasets/IdenProf/idenprof/train/mechanic/mechanic-420.jpg	train_dataset/normal/mechanic/mechanic-420.jpg
mechanic	275f2bc02d13e14356bfda3be22517d6dc2e68c73aaca3dd5398fd6d5bc02a13	datasets/IdenProf/idenprof/train/mechanic/mechanic-241.jpg	train_dataset/normal/mechanic/mechanic-241.jpg
mechanic	278de1e28adc6018d8a96db9dbe3357149cf8938efe073027d9318916b06f237	datasets/IdenProf/idenprof/train/mechanic/mechanic-61.jpg	train_dataset/normal/mechanic/mechanic-61.jpg
mechanic	2810912bb8d4cc24449854b974729333721e6ef170e2d6abb81f0109ead6ae01	datasets/IdenProf/idenprof/train/mechanic/mechanic-132.jpg	train_dataset/normal/mechanic/mechanic-132.jpg
mechanic	286397d1a57d6d9f102ac50baeb97d36ca0a19d4c19b168a3cc481ae9f0d9b2a	datasets/IdenProf/idenprof/train/mechanic/mechanic-893.jpg	train_dataset/normal/mechanic/mechanic-893.jpg
mechanic	28671d98cbb6fcfeba7b4e3030ac99abc688c05f6b2b429fa4a30767fef73e52	datasets/IdenProf/idenprof/train/mechanic/mechanic-220.jpg	train_dataset/normal/mechanic/mechanic-220.jpg
mechanic	28cea3b1506932eb84ba9d837691e51b42ae8852290721c6343473c279ae48ec	datasets/IdenProf/idenprof/train/mechanic/mechanic-847.jpg	train_dataset/normal/mechanic/mechanic-847.jpg
mechanic	2913977bd5a38a02d485ace8cb0deb4192310ad64e92d9985ff61b5866f306d0	datasets/IdenProf/idenprof/train/mechanic/mechanic-874.jpg	train_dataset/normal/mechanic/mechanic-874.jpg
mechanic	294dcdffdb62a8fa8096f641730a35ff55db27f02d434dcf30c024f6fa86960e	datasets/IdenProf/idenprof/train/mechanic/mechanic-598.jpg	train_dataset/normal/mechanic/mechanic-598.jpg
mechanic	29834a7bec60d99d15d90661720eccb7e3a55cf16827fd8b8d9782718150d467	datasets/IdenProf/idenprof/train/mechanic/mechanic-703.jpg	train_dataset/normal/mechanic/mechanic-703.jpg
mechanic	29eb35a45f08eef2a7f137d1581b804474a59faa9b432cc37b2a742aa7485bd4	datasets/IdenProf/idenprof/train/mechanic/mechanic-251.jpg	train_dataset/normal/mechanic/mechanic-251.jpg
mechanic	29ee9b16331d7463ec4c1d9f90ff2e4227c0bf2cdd1c6054540d5e69a1173ff2	datasets/IdenProf/idenprof/train/mechanic/mechanic-569.jpg	train_dataset/normal/mechanic/mechanic-569.jpg
mechanic	2a278d2d9293c10a8db10c571d612734f91c37f0346afe0d9340c2b5e9058b50	datasets/IdenProf/idenprof/train/mechanic/mechanic-678.jpg	train_dataset/normal/mechanic/mechanic-678.jpg
mechanic	2a499500acdc0965da717560232bb996c516661880a7cab2c68b1222ff1a27c0	datasets/IdenProf/idenprof/train/mechanic/mechanic-59.jpg	train_dataset/normal/mechanic/mechanic-59.jpg
mechanic	2b609fd292415e99a676221e69332bbfecc805d4c22fc73f3460b874563e08fb	datasets/IdenProf/idenprof/train/mechanic/mechanic-597.jpg	train_dataset/normal/mechanic/mechanic-597.jpg
mechanic	2b9dc0d18a2b67ae51d503150be5928a77513f5d9fe3c581c63210b2c8d6dbed	datasets/IdenProf/idenprof/train/mechanic/mechanic-305.jpg	train_dataset/normal/mechanic/mechanic-305.jpg
mechanic	2bb99a324ad3f83d17d0c2db0000e3e1d40fe1bb079fed3c8edd42b7c4f974c0	datasets/IdenProf/idenprof/train/mechanic/mechanic-222.jpg	train_dataset/normal/mechanic/mechanic-222.jpg
mechanic	2c930a0da7dd561c78c9ecdd12abd5d3da18d52948194d88afd72e46610e208f	datasets/IdenProf/idenprof/train/mechanic/mechanic-503.jpg	train_dataset/normal/mechanic/mechanic-503.jpg
mechanic	2d30f5a942b5850cb8ff38145e47ef26226aa2f10afa30ceb4c3a62a065c5774	datasets/IdenProf/idenprof/train/mechanic/mechanic-564.jpg	train_dataset/normal/mechanic/mechanic-564.jpg
mechanic	2d7ad5173699e494d55091a636ba197ada8f5767a1a99300850d9b77d8c49c7e	datasets/IdenProf/idenprof/train/mechanic/mechanic-617.jpg	train_dataset/normal/mechanic/mechanic-617.jpg
mechanic	2d8c25b87a266b0d7f4f62e84459ff946f88d054ae5fe116edb14255c17f8775	datasets/IdenProf/idenprof/train/mechanic/mechanic-55.jpg	train_dataset/normal/mechanic/mechanic-55.jpg
mechanic	2ddc4afee92df360de6216de44f2ef545507cbda56a57999e09f761523ddb21c	datasets/IdenProf/idenprof/train/mechanic/mechanic-818.jpg	train_dataset/normal/mechanic/mechanic-818.jpg
mechanic	2e0acd09d41e298fb65c0a4500a67efe1787f38891abff808e8fa0eb292830f4	datasets/IdenProf/idenprof/train/mechanic/mechanic-296.jpg	train_dataset/normal/mechanic/mechanic-296.jpg
mechanic	2e1a401abdd4e37582d4683a595b7e1668d8315e97c5563bd1a9f342c0c0946a	datasets/IdenProf/idenprof/train/mechanic/mechanic-23.jpg	train_dataset/normal/mechanic/mechanic-23.jpg
mechanic	2e1e80dc6a9c838ba926602331b6f8a7196b607200594747f5385a5e101b4418	datasets/IdenProf/idenprof/train/mechanic/mechanic-651.jpg	train_dataset/normal/mechanic/mechanic-651.jpg
mechanic	2e6399232087b9a2fb48e7d2f9b664f4a71eb1111c7bf1b22793dfe2955b2d55	datasets/IdenProf/idenprof/train/mechanic/mechanic-480.jpg	train_dataset/normal/mechanic/mechanic-480.jpg
mechanic	2e7b1fb813dd352964997f5fc0570c93379a2e3b5ea518078c4b518e2579758f	datasets/IdenProf/idenprof/train/mechanic/mechanic-30.jpg	train_dataset/normal/mechanic/mechanic-30.jpg
mechanic	2e86528a73958a82cad053305a3e7fbb9a3d94e442b355a477bbfac21d2440cc	datasets/IdenProf/idenprof/train/mechanic/mechanic-677.jpg	train_dataset/normal/mechanic/mechanic-677.jpg
mechanic	2f0a7aa7e708ada5d6180d57e56bbb64736cb9fde7ea4726b1e63a72037e43a6	datasets/IdenProf/idenprof/train/mechanic/mechanic-685.jpg	train_dataset/normal/mechanic/mechanic-685.jpg
mechanic	2f43bd4f2937ac2767ae50ddcf32772057371bf190ea6fc0aa49d6d22e64ec22	datasets/IdenProf/idenprof/train/mechanic/mechanic-783.jpg	train_dataset/normal/mechanic/mechanic-783.jpg
mechanic	2fbc9305318dd3c96e46e5d5861fa48af16fa54e13bbd50eb6749aa2fa767582	datasets/IdenProf/idenprof/train/mechanic/mechanic-272.jpg	train_dataset/normal/mechanic/mechanic-272.jpg
mechanic	2fdd375de8ef62edc3796fefed601323be57612334462685d1cffe47cf4cf05d	datasets/IdenProf/idenprof/train/mechanic/mechanic-649.jpg	train_dataset/normal/mechanic/mechanic-649.jpg
mechanic	301ca2dad4d6d5b5a6833cc6c55907592f03414c9ea0c7c8f27550218c3eec1b	datasets/IdenProf/idenprof/train/mechanic/mechanic-3.jpg	train_dataset/normal/mechanic/mechanic-3.jpg
mechanic	3025c648f55a04c88ae06214fdee2db972d85922e1a38e6a25757ded062c248e	datasets/IdenProf/idenprof/train/mechanic/mechanic-856.jpg	train_dataset/normal/mechanic/mechanic-856.jpg
mechanic	3053ef435fd7abafde17bb688a432db4310f501cf29bfefa09920d0947c8e0dc	datasets/IdenProf/idenprof/train/mechanic/mechanic-150.jpg	train_dataset/normal/mechanic/mechanic-150.jpg
mechanic	309099127999897e705cd6b04d62dd2f7163b8aa2866b1d6dde2725434fc9ece	datasets/IdenProf/idenprof/train/mechanic/mechanic-436.jpg	train_dataset/normal/mechanic/mechanic-436.jpg
mechanic	30b0d76de22a0798ed5a096d480ee294cc34ec2754cdb3268ffbb992dadbd845	datasets/IdenProf/idenprof/train/mechanic/mechanic-114.jpg	train_dataset/normal/mechanic/mechanic-114.jpg
mechanic	30ff9b7c6f5e7506d82cd5222e672014cd34be8c52d00161befeda44f7f4fe9a	datasets/IdenProf/idenprof/train/mechanic/mechanic-560.jpg	train_dataset/normal/mechanic/mechanic-560.jpg
mechanic	310552c24fc94d423d1afdef4192321fd7890165cfb01298f0ba51d52708620e	datasets/IdenProf/idenprof/train/mechanic/mechanic-172.jpg	train_dataset/normal/mechanic/mechanic-172.jpg
mechanic	316d1e8234429603f08687252b22254d0ec0a374711cca63a0ace2e6bd0e8035	datasets/IdenProf/idenprof/train/mechanic/mechanic-347.jpg	train_dataset/normal/mechanic/mechanic-347.jpg
mechanic	3172c7c642069b9a9d203146b6b3c2055e650b09ccf564fd4358112069e809d6	datasets/IdenProf/idenprof/train/mechanic/mechanic-459.jpg	train_dataset/normal/mechanic/mechanic-459.jpg
mechanic	31cabace1c34eaf3db5eba0f1a292f7bdd6ea3015d7be37d381626e2c05fffaf	datasets/IdenProf/idenprof/train/mechanic/mechanic-743.jpg	train_dataset/normal/mechanic/mechanic-743.jpg
mechanic	31d38e027efe9e8bb069caa56da14dd482e5457f96863591167d212805fb46c9	datasets/IdenProf/idenprof/train/mechanic/mechanic-485.jpg	train_dataset/normal/mechanic/mechanic-485.jpg
mechanic	31d9b98557b834870ab3f8c9b840e689b42b917299539e96d2d0aafca1ed9472	datasets/IdenProf/idenprof/train/mechanic/mechanic-724.jpg	train_dataset/normal/mechanic/mechanic-724.jpg
mechanic	3235481e4c861c9e6fbf88295fd3112726dd9c6735098a8193bf45bafbb7d252	datasets/IdenProf/idenprof/train/mechanic/mechanic-526.jpg	train_dataset/normal/mechanic/mechanic-526.jpg
mechanic	326cdb34fd01f0888ed40920f0158b5083623e8639c6dc0ca11e51578e434e4c	datasets/IdenProf/idenprof/train/mechanic/mechanic-725.jpg	train_dataset/normal/mechanic/mechanic-725.jpg
mechanic	328c25d8495fd565fd0945ad76196d72dbeb0120fa46e4d6d93df1a5e719dd0b	datasets/IdenProf/idenprof/train/mechanic/mechanic-814.jpg	train_dataset/normal/mechanic/mechanic-814.jpg
mechanic	32eea1c315890807fde5ee965521e331feb0d74d15f91bd02595f87af7445cf4	datasets/IdenProf/idenprof/train/mechanic/mechanic-795.jpg	train_dataset/normal/mechanic/mechanic-795.jpg
mechanic	3353702113bb4e38c3dea7509ccad1d9bee63e8428c6e70cf3583f86547a9947	datasets/IdenProf/idenprof/train/mechanic/mechanic-891.jpg	train_dataset/normal/mechanic/mechanic-891.jpg
mechanic	337ad2f709f33a3c2d8219da2504783d76e4ecedbb47082b21968bcd1ab56fc3	datasets/IdenProf/idenprof/train/mechanic/mechanic-337.jpg	train_dataset/normal/mechanic/mechanic-337.jpg
mechanic	3437e66ba1102c6cd8c297ed06aa8e2f0f9777b25ff6f0f69e13e188f4109c45	datasets/IdenProf/idenprof/train/mechanic/mechanic-900.jpg	train_dataset/normal/mechanic/mechanic-900.jpg
mechanic	3479937627e4e2eab672329533ad733106521ffd5491d22a999e05f7e17866d8	datasets/IdenProf/idenprof/train/mechanic/mechanic-679.jpg	train_dataset/normal/mechanic/mechanic-679.jpg
mechanic	34f56a6d9dfab96675524e224e4cd80a745c163139a0a577db74e94ad749ab78	datasets/IdenProf/idenprof/train/mechanic/mechanic-854.jpg	train_dataset/normal/mechanic/mechanic-854.jpg
mechanic	3514a0068b8eee2e7e667820a5132a6a9b679a77ecd785c44df04650cdfe5328	datasets/IdenProf/idenprof/train/mechanic/mechanic-216.jpg	train_dataset/normal/mechanic/mechanic-216.jpg
mechanic	356934c1ea64ae91eaa1a363ebe50d30e3c38ccf28366cc56dc139c244e3a740	datasets/IdenProf/idenprof/train/mechanic/mechanic-237.jpg	train_dataset/normal/mechanic/mechanic-237.jpg
mechanic	35b26ebafba06e97435273247cc8b7649ac8a160db8a8511892d97deb97b7803	datasets/IdenProf/idenprof/train/mechanic/mechanic-316.jpg	train_dataset/normal/mechanic/mechanic-316.jpg
mechanic	35e87136ad3d5c8333b17c74a8e9bc9ef12be97001b90be49c554073b3ecf95e	datasets/IdenProf/idenprof/train/mechanic/mechanic-232.jpg	train_dataset/normal/mechanic/mechanic-232.jpg
mechanic	3609b9eb61a53ae67056fcf065650426a5a663e864d43e5918a608a520b75e45	datasets/IdenProf/idenprof/train/mechanic/mechanic-879.jpg	train_dataset/normal/mechanic/mechanic-879.jpg
mechanic	361a8fc874ef6097f18d82bf3a66524c76bb5007306827ea4aa4da69f4f76921	datasets/IdenProf/idenprof/train/mechanic/mechanic-79.jpg	train_dataset/normal/mechanic/mechanic-79.jpg
mechanic	36cfedfb9c1f845428ac805d08d21c1775ab11d37e60251085eba8586a8a2932	datasets/IdenProf/idenprof/train/mechanic/mechanic-70.jpg	train_dataset/normal/mechanic/mechanic-70.jpg
mechanic	36f5e646179c67cedd865d1842e5046b28f7d281d72bbef8978edb0a3867fcd7	datasets/IdenProf/idenprof/train/mechanic/mechanic-217.jpg	train_dataset/normal/mechanic/mechanic-217.jpg
mechanic	3704acb34208ef6cfedeeddcad51c6a22e59f0a9c13fabc0c14d8db1862e0c9c	datasets/IdenProf/idenprof/train/mechanic/mechanic-897.jpg	train_dataset/normal/mechanic/mechanic-897.jpg
mechanic	3741e27eae99016d9051c21ef29dcc2f9885c7fa32a707e110a469dc855d3748	datasets/IdenProf/idenprof/train/mechanic/mechanic-664.jpg	train_dataset/normal/mechanic/mechanic-664.jpg
mechanic	37bd2cca65f1f5d34d923d6e66c56287c87c64501f65c473703993ff0393217d	datasets/IdenProf/idenprof/train/mechanic/mechanic-6.jpg	train_dataset/normal/mechanic/mechanic-6.jpg
mechanic	37f2879cce43c639dd5c161b4b5621e9f3994e770bfce828ebd9eacdd898afad	datasets/IdenProf/idenprof/train/mechanic/mechanic-8.jpg	train_dataset/normal/mechanic/mechanic-8.jpg
mechanic	3845716f5338e4cd22b51585e73d6c27cdc4692b1b47a467fe0be18971bd2d45	datasets/IdenProf/idenprof/train/mechanic/mechanic-839.jpg	train_dataset/normal/mechanic/mechanic-839.jpg
mechanic	38540b0c92571c48e960ed07a4f1a7361430411dd38ac874a915c118b7f4f5b8	datasets/IdenProf/idenprof/train/mechanic/mechanic-205.jpg	train_dataset/normal/mechanic/mechanic-205.jpg
mechanic	38651bde028ce3bf1fb55b137552c89ec5ad555add537db982db7085c1a8a81e	datasets/IdenProf/idenprof/train/mechanic/mechanic-109.jpg	train_dataset/normal/mechanic/mechanic-109.jpg
mechanic	38aff2276ce0a1422ae4ee586d91cb989a1ce57fea0543654503c54c223181ad	datasets/IdenProf/idenprof/train/mechanic/mechanic-256.jpg	train_dataset/normal/mechanic/mechanic-256.jpg
mechanic	38e145fbc4978d3f9f53f6df53f222a4cda9de9ddd3ae4e91f0754f0f03697cd	datasets/IdenProf/idenprof/train/mechanic/mechanic-1.jpg	train_dataset/normal/mechanic/mechanic-1.jpg
mechanic	394267526dd5821cc07b7d68dc3a926248a880babee6bd1587f822897eb7ba6b	datasets/IdenProf/idenprof/train/mechanic/mechanic-193.jpg	train_dataset/normal/mechanic/mechanic-193.jpg
mechanic	39fbd4f9757231d4e89e294a25aa426806b624a9bda7e82d8f2cbf07ce024c65	datasets/IdenProf/idenprof/train/mechanic/mechanic-760.jpg	train_dataset/normal/mechanic/mechanic-760.jpg
mechanic	3a19108b4120c5e80a32eafcf273c5cafca82f91ac2651f8934833aba9b14c77	datasets/IdenProf/idenprof/train/mechanic/mechanic-312.jpg	train_dataset/normal/mechanic/mechanic-312.jpg
mechanic	3a1dfd7942608bdab935b677f77d31256fb71e6593a60c9100acced43f8ec51e	datasets/IdenProf/idenprof/train/mechanic/mechanic-693.jpg	train_dataset/normal/mechanic/mechanic-693.jpg
mechanic	3a6557523d8914e8abaa21d2904474787f34a6da31cf5c33ef83e79a989c66f4	datasets/IdenProf/idenprof/train/mechanic/mechanic-472.jpg	train_dataset/normal/mechanic/mechanic-472.jpg
mechanic	3a8933e9a839834bf84cbd4f6d32721928196dcf67cdcdc388b5c1eb0044d518	datasets/IdenProf/idenprof/train/mechanic/mechanic-113.jpg	train_dataset/normal/mechanic/mechanic-113.jpg
mechanic	3b23411ccaa7b1108267678ca2882a5c835d320629cb8692deb903033d7bff6e	datasets/IdenProf/idenprof/train/mechanic/mechanic-370.jpg	train_dataset/normal/mechanic/mechanic-370.jpg
mechanic	3b4e8b5de979a50e9f6d97c4b3f1b71342b3fedeb98c7521a9a5a2d77acaae7f	datasets/IdenProf/idenprof/train/mechanic/mechanic-86.jpg	train_dataset/normal/mechanic/mechanic-86.jpg
mechanic	3b4f993914a61c5a094f97c3aa1b4ab7d573c67d24c6c29cc6a02c3cfc19fcb0	datasets/IdenProf/idenprof/train/mechanic/mechanic-812.jpg	train_dataset/normal/mechanic/mechanic-812.jpg
mechanic	3bbd1737682840018df8a49cc04eb77fc35e4af80b08dfdfa4ad71f24a0a9298	datasets/IdenProf/idenprof/train/mechanic/mechanic-780.jpg	train_dataset/normal/mechanic/mechanic-780.jpg
mechanic	3bd3376c5f5251290411c72fc13e31adb466946ac91bbfef803941e5ec330b81	datasets/IdenProf/idenprof/train/mechanic/mechanic-635.jpg	train_dataset/normal/mechanic/mechanic-635.jpg
mechanic	3c3c917d3590a334116e7b4ba6c4b2452f36e925fc9f9c043a7e1f173b8dacc1	datasets/IdenProf/idenprof/train/mechanic/mechanic-381.jpg	train_dataset/normal/mechanic/mechanic-381.jpg
mechanic	3c417d932d263b4e9b8688b82568eeaf2783deb6aa976dfd21aae4284734a978	datasets/IdenProf/idenprof/train/mechanic/mechanic-820.jpg	train_dataset/normal/mechanic/mechanic-820.jpg
mechanic	3ca4c6a66f1c58091b8b0e44a651504946983119dc0eab6191e25da1094e8977	datasets/IdenProf/idenprof/train/mechanic/mechanic-433.jpg	train_dataset/normal/mechanic/mechanic-433.jpg
mechanic	3ceb0da23ec8922766a0cda298d33600d7496ab9280b037638df433a452419ae	datasets/IdenProf/idenprof/train/mechanic/mechanic-715.jpg	train_dataset/normal/mechanic/mechanic-715.jpg
mechanic	3d2c6f19b4493e0f33862ea4df7e3c62336906a22b38487ef1c992e8ab54c048	datasets/IdenProf/idenprof/train/mechanic/mechanic-452.jpg	train_dataset/normal/mechanic/mechanic-452.jpg
mechanic	3d321cf19779f342b67220115072516ae24ca3fe2e2f79d7a6aebb688635aa73	datasets/IdenProf/idenprof/train/mechanic/mechanic-546.jpg	train_dataset/normal/mechanic/mechanic-546.jpg
mechanic	3d733ce6e0255e43ef6679b6cbe0de2654b52782a52a975475700f03cdc9cf9c	datasets/IdenProf/idenprof/train/mechanic/mechanic-591.jpg	train_dataset/normal/mechanic/mechanic-591.jpg
mechanic	3db44c3f6b1959dcf427615bc3e958537f762c88d47fde842702e8a1847baceb	datasets/IdenProf/idenprof/train/mechanic/mechanic-699.jpg	train_dataset/normal/mechanic/mechanic-699.jpg
mechanic	3df364e58083f91138b2b49d80ba7b6ea75d75e61d05d8a10c0d5f2a30b80f52	datasets/IdenProf/idenprof/train/mechanic/mechanic-750.jpg	train_dataset/normal/mechanic/mechanic-750.jpg
mechanic	3e368b966a7cbba95414fa244f89fb097c4e073373040a29124b09c15d4ca7f0	datasets/IdenProf/idenprof/train/mechanic/mechanic-137.jpg	train_dataset/normal/mechanic/mechanic-137.jpg
mechanic	3e3c1d8c180c20a90b6af80a8b8d91949e0712dd4424c375075e2812fe3ec39d	datasets/IdenProf/idenprof/train/mechanic/mechanic-387.jpg	train_dataset/normal/mechanic/mechanic-387.jpg
mechanic	3e736d499cf33c66557d01259e0fcf0d78bbfbdd9a96e53edfedbfd128fd34fa	datasets/IdenProf/idenprof/train/mechanic/mechanic-805.jpg	train_dataset/normal/mechanic/mechanic-805.jpg
mechanic	3ef8135ae9433180d63be4a0d2371fb90c3b7378504dfc5ecbbee96431c9a56e	datasets/IdenProf/idenprof/train/mechanic/mechanic-508.jpg	train_dataset/normal/mechanic/mechanic-508.jpg
mechanic	3f289bb7ea6c93bb186d1309d0dacc520ca1c2adb31a11786533d057ef2b5e72	datasets/IdenProf/idenprof/train/mechanic/mechanic-467.jpg	train_dataset/normal/mechanic/mechanic-467.jpg
mechanic	3f63d661caa2d8304fc11a7da9936e897f9f3d93d4b30569a065bc3fadad8442	datasets/IdenProf/idenprof/train/mechanic/mechanic-255.jpg	train_dataset/normal/mechanic/mechanic-255.jpg
mechanic	3f747b6041020d6fd3f4d4496f99eeae153acec2a3b0496cb01a3cd6ccbacb5b	datasets/IdenProf/idenprof/train/mechanic/mechanic-584.jpg	train_dataset/normal/mechanic/mechanic-584.jpg
mechanic	3fb80afca6d9bb7b256a9bce546d47cd34d2218aaa3572eb722357654e804d32	datasets/IdenProf/idenprof/train/mechanic/mechanic-618.jpg	train_dataset/normal/mechanic/mechanic-618.jpg
mechanic	3fb8ea002d75f43b03578eabd53bb6eec9ca98bde23126559604e239f5076372	datasets/IdenProf/idenprof/train/mechanic/mechanic-518.jpg	train_dataset/normal/mechanic/mechanic-518.jpg
mechanic	3fd0ad88190acc0d80ddfa1fefdded58ca753c123eb7b2c3b621da008d3daa3c	datasets/IdenProf/idenprof/train/mechanic/mechanic-360.jpg	train_dataset/normal/mechanic/mechanic-360.jpg
mechanic	400d7f51ae6402161e47c1c827df1d601be0f2d1a7fc8d0311027cf650b8c4f2	datasets/IdenProf/idenprof/train/mechanic/mechanic-600.jpg	train_dataset/normal/mechanic/mechanic-600.jpg
mechanic	403a283d21436e2d904c7667e4f2cbd67579587d97c7363d06877ed6aef1ee67	datasets/IdenProf/idenprof/train/mechanic/mechanic-717.jpg	train_dataset/normal/mechanic/mechanic-717.jpg
mechanic	40ff9f9284360eb15c59bad218969c395d4b41af2d20cc01781a3e5d150e7ada	datasets/IdenProf/idenprof/train/mechanic/mechanic-158.jpg	train_dataset/normal/mechanic/mechanic-158.jpg
mechanic	412c3afa90cef206e28046cbba78304cd09a3333235cde7cd906fc782ff34909	datasets/IdenProf/idenprof/train/mechanic/mechanic-149.jpg	train_dataset/normal/mechanic/mechanic-149.jpg
mechanic	4140a016ce29f785dedb88662a3195f9ea393ea3f55b3e1344ce0a0518722c98	datasets/IdenProf/idenprof/train/mechanic/mechanic-53.jpg	train_dataset/normal/mechanic/mechanic-53.jpg
mechanic	415881ffe572cb6adb371f603775e36c13c3a6742a5967a82e121b291f90893c	datasets/IdenProf/idenprof/train/mechanic/mechanic-872.jpg	train_dataset/normal/mechanic/mechanic-872.jpg
mechanic	4191a0da63d8b5b102294cce098e7bc8823b9dc2f839c35570ae28fb81137bb3	datasets/IdenProf/idenprof/train/mechanic/mechanic-393.jpg	train_dataset/normal/mechanic/mechanic-393.jpg
mechanic	4196d4301c3e55f6ddd3b43dea18de63217a9c566931edf9c8730ea6c688b77e	datasets/IdenProf/idenprof/train/mechanic/mechanic-568.jpg	train_dataset/normal/mechanic/mechanic-568.jpg
mechanic	4203b634aacf3b69eac7aee648b901873c8ddf9547936f54024593acaaa57962	datasets/IdenProf/idenprof/train/mechanic/mechanic-118.jpg	train_dataset/normal/mechanic/mechanic-118.jpg
mechanic	424637fd248590d6e88542cfb529bd64dfefad9f32187db77c0534cd9e5afa69	datasets/IdenProf/idenprof/train/mechanic/mechanic-89.jpg	train_dataset/normal/mechanic/mechanic-89.jpg
mechanic	42b4bf0e20a6757ed0f7833445397692c6de5a61d717cb4e11420f20b5b187e2	datasets/IdenProf/idenprof/train/mechanic/mechanic-332.jpg	train_dataset/normal/mechanic/mechanic-332.jpg
mechanic	42ea21a684a7a6d8dd5506584b073409a1055f664b990504be3c7f49b71d1c9e	datasets/IdenProf/idenprof/train/mechanic/mechanic-878.jpg	train_dataset/normal/mechanic/mechanic-878.jpg
mechanic	433d5099d894e9027544e6b164139fde74c069eca7ed9a592e07caddb3376893	datasets/IdenProf/idenprof/train/mechanic/mechanic-268.jpg	train_dataset/normal/mechanic/mechanic-268.jpg
mechanic	435cb4d08f4f1b912f4682f8f36b9ff79d3ea60538eeafe7e146bef17c12872c	datasets/IdenProf/idenprof/train/mechanic/mechanic-385.jpg	train_dataset/normal/mechanic/mechanic-385.jpg
mechanic	4397d627f0511e7ae735cb396333ca8542f46bde46a3bb340387518730718e3c	datasets/IdenProf/idenprof/train/mechanic/mechanic-595.jpg	train_dataset/normal/mechanic/mechanic-595.jpg
mechanic	43b71538ce31df020075ceb6fe0cd3c505b01ce1e64cb3a39f4a5c410e0201ea	datasets/IdenProf/idenprof/train/mechanic/mechanic-592.jpg	train_dataset/normal/mechanic/mechanic-592.jpg
mechanic	43ebe89a06adb83fd80035178ca2e7103f6a28d7bdb2fd769251457643ec8e7c	datasets/IdenProf/idenprof/train/mechanic/mechanic-210.jpg	train_dataset/normal/mechanic/mechanic-210.jpg
mechanic	4448ffa78f2c028fc7ba4b5676b2828b7cc454158f3437cf9263b56f0513bbb4	datasets/IdenProf/idenprof/train/mechanic/mechanic-727.jpg	train_dataset/normal/mechanic/mechanic-727.jpg
mechanic	445645f5c769b71e5b69e0dbc556493ad31fb62a03984f616dec5be4661de063	datasets/IdenProf/idenprof/train/mechanic/mechanic-491.jpg	train_dataset/normal/mechanic/mechanic-491.jpg
mechanic	44913784d6edac5b909d14add5e68bf83e9980dfaffe6935320759d7b4b5201b	datasets/IdenProf/idenprof/train/mechanic/mechanic-764.jpg	train_dataset/normal/mechanic/mechanic-764.jpg
mechanic	452ec85c57a25e0d84f77bf283148c70ba5e11f096c5ae2c30eaddc5b2f5d8e4	datasets/IdenProf/idenprof/train/mechanic/mechanic-851.jpg	train_dataset/normal/mechanic/mechanic-851.jpg
mechanic	456efd908f2d911ecf43086afa41a53b4c1e64087e83733034fafc865f06fc32	datasets/IdenProf/idenprof/train/mechanic/mechanic-95.jpg	train_dataset/normal/mechanic/mechanic-95.jpg
mechanic	45bbfabfea71954596ac7507e0182194d6abf4374de60aaff0b35e2a8a4f39f3	datasets/IdenProf/idenprof/train/mechanic/mechanic-356.jpg	train_dataset/normal/mechanic/mechanic-356.jpg
mechanic	46635639dceac6d92ef45012327812b3b104641c9273d0c25dacd90514b4d54d	datasets/IdenProf/idenprof/train/mechanic/mechanic-9.jpg	train_dataset/normal/mechanic/mechanic-9.jpg
mechanic	467c0894d79ac272208991c0efd6194b59b4e6cd3a629fcb50236050300d93e0	datasets/IdenProf/idenprof/train/mechanic/mechanic-746.jpg	train_dataset/normal/mechanic/mechanic-746.jpg
mechanic	468030b622eb5e1ad7ea15cf3d6727499fe65de2e5445467b316561ecf6a9f3d	datasets/IdenProf/idenprof/train/mechanic/mechanic-536.jpg	train_dataset/normal/mechanic/mechanic-536.jpg
mechanic	47438e54ed904d9abcdc7752a7eec277050c5409e2fd094750bb72af6f0c5371	datasets/IdenProf/idenprof/train/mechanic/mechanic-561.jpg	train_dataset/normal/mechanic/mechanic-561.jpg
mechanic	47e16f4bdd05cf476578d074172ddaeb849948358c77a3877367c9100bde235b	datasets/IdenProf/idenprof/train/mechanic/mechanic-352.jpg	train_dataset/normal/mechanic/mechanic-352.jpg
mechanic	47e253731b68f9cdf758f5828ff196af78f32ee2647296fde39151cc32b0cdf4	datasets/IdenProf/idenprof/train/mechanic/mechanic-157.jpg	train_dataset/normal/mechanic/mechanic-157.jpg
mechanic	48341a44d5194661a0bc2261bf746dcfa03e260a82b26957034f545a337024d5	datasets/IdenProf/idenprof/train/mechanic/mechanic-66.jpg	train_dataset/normal/mechanic/mechanic-66.jpg
mechanic	485ea2a15cd4fc6e40cb1c7a1314ba76d5d4c37ac795c436550b49f430e25b82	datasets/IdenProf/idenprof/train/mechanic/mechanic-427.jpg	train_dataset/normal/mechanic/mechanic-427.jpg
mechanic	486045a6e1045a78773125bb07d689935bf399709a955984503987c94983b83a	datasets/IdenProf/idenprof/train/mechanic/mechanic-888.jpg	train_dataset/normal/mechanic/mechanic-888.jpg
mechanic	48906a28ef1c46c538c5cc324cf35b3d9e35ec7a4f200e9c5a3e8a929e9e9e86	datasets/IdenProf/idenprof/train/mechanic/mechanic-204.jpg	train_dataset/normal/mechanic/mechanic-204.jpg
mechanic	48ad66bfff1fb32bd0ffe854d17430ca9cebfdbd55b55dde19eb61755688d016	datasets/IdenProf/idenprof/train/mechanic/mechanic-859.jpg	train_dataset/normal/mechanic/mechanic-859.jpg
mechanic	48f8ab94c54ca4270f473285c22248a5fbb97f91757ffa15aa212fc9da43a6ee	datasets/IdenProf/idenprof/train/mechanic/mechanic-17.jpg	train_dataset/normal/mechanic/mechanic-17.jpg
mechanic	48fa6064548a8d8ee1e9ba1cada66da1378a199dad5e4dce7eb0d69da64f5175	datasets/IdenProf/idenprof/train/mechanic/mechanic-343.jpg	train_dataset/normal/mechanic/mechanic-343.jpg
mechanic	495589c7d31b0c285955eced2b165b2d6af37e50198714cb6d8ff6a02cfffaa6	datasets/IdenProf/idenprof/train/mechanic/mechanic-619.jpg	train_dataset/normal/mechanic/mechanic-619.jpg
mechanic	49d0851c780f3c75431da6c320e02783d30eadf3feda5c194aad2e116a0f521e	datasets/IdenProf/idenprof/train/mechanic/mechanic-441.jpg	train_dataset/normal/mechanic/mechanic-441.jpg
mechanic	49eefec4d1256f49825becfeab34a94bd5bf25ef7097b3cfbbbfba4de5e4af4f	datasets/IdenProf/idenprof/train/mechanic/mechanic-269.jpg	train_dataset/normal/mechanic/mechanic-269.jpg
mechanic	4a10258dde9debea7805e986efdb96837717aeac3528a29115b5c158a1ae1da9	datasets/IdenProf/idenprof/train/mechanic/mechanic-13.jpg	train_dataset/normal/mechanic/mechanic-13.jpg
mechanic	4a2ddc647dfe632519bc9c76c670af1c8265a1631f91e70ebc5999db2c2db2fb	datasets/IdenProf/idenprof/train/mechanic/mechanic-155.jpg	train_dataset/normal/mechanic/mechanic-155.jpg
mechanic	4a6b21df3a0237ecb7d8854f0e0387ff25571c9087d6655ba4e7e8190681e5bd	datasets/IdenProf/idenprof/train/mechanic/mechanic-794.jpg	train_dataset/normal/mechanic/mechanic-794.jpg
mechanic	4b99a29b355ee27301ff303fa7e2ec4b7a44fb7581e216072c3b26ee93142f20	datasets/IdenProf/idenprof/train/mechanic/mechanic-380.jpg	train_dataset/normal/mechanic/mechanic-380.jpg
mechanic	4be0465dd9bcf98fe1b9ef86837b9d33054e5caa38e8ed8edfea112112e26898	datasets/IdenProf/idenprof/train/mechanic/mechanic-688.jpg	train_dataset/normal/mechanic/mechanic-688.jpg
mechanic	4beb4c24038fbd522730c17a3e94ac481313bc76456eb2be7e12c316f7b53383	datasets/IdenProf/idenprof/train/mechanic/mechanic-722.jpg	train_dataset/normal/mechanic/mechanic-722.jpg
mechanic	4c5ff63e0e884189b7eaea59be0b3b090cccdb927592758a227101efaf6c0c90	datasets/IdenProf/idenprof/train/mechanic/mechanic-32.jpg	train_dataset/normal/mechanic/mechanic-32.jpg
mechanic	4c9def716ca5166cc97869fbdb113e186d40abc063b51784717764d86924d134	datasets/IdenProf/idenprof/train/mechanic/mechanic-517.jpg	train_dataset/normal/mechanic/mechanic-517.jpg
mechanic	4d0d4798f081f34ed5b7d60f5194963947ef995534f84c3a78cbef5e9e541ed7	datasets/IdenProf/idenprof/train/mechanic/mechanic-477.jpg	train_dataset/normal/mechanic/mechanic-477.jpg
mechanic	4d2f663c074c9024c773d4f4bd2e1e31a05337fffbb94b7fd6552056fd769197	datasets/IdenProf/idenprof/train/mechanic/mechanic-174.jpg	train_dataset/normal/mechanic/mechanic-174.jpg
mechanic	4d30343ff35dc09713b0c2df9341eaf60431f29d3832965dad3fc041cce58fe9	datasets/IdenProf/idenprof/train/mechanic/mechanic-468.jpg	train_dataset/normal/mechanic/mechanic-468.jpg
mechanic	4d914b6adbaa62c71706f192e959a62e8494f6433213d6798188316037bf348a	datasets/IdenProf/idenprof/train/mechanic/mechanic-367.jpg	train_dataset/normal/mechanic/mechanic-367.jpg
mechanic	4e5f65ec3518836b0da392bc3941dfd48894dcd55135a692c1c89ba8660e0705	datasets/IdenProf/idenprof/train/mechanic/mechanic-594.jpg	train_dataset/normal/mechanic/mechanic-594.jpg
mechanic	4ebc6ce7ba7e328993428f2c86214973315850fd5d85e70d432b7a2440d1c934	datasets/IdenProf/idenprof/train/mechanic/mechanic-793.jpg	train_dataset/normal/mechanic/mechanic-793.jpg
mechanic	4f52de880fbd887f17827ebd3c2aad7933b345c11de715fe6b4266ca8d04812f	datasets/IdenProf/idenprof/train/mechanic/mechanic-702.jpg	train_dataset/normal/mechanic/mechanic-702.jpg
mechanic	4f7cf562a9a09eba1d39dd795af894e1d95ae2c0169da711f34435f95350c08a	datasets/IdenProf/idenprof/train/mechanic/mechanic-782.jpg	train_dataset/normal/mechanic/mechanic-782.jpg
mechanic	4f840ce00cea96c20c9a410fc69989b29873011fcea0e87c0d39f99f1a44b936	datasets/IdenProf/idenprof/train/mechanic/mechanic-344.jpg	train_dataset/normal/mechanic/mechanic-344.jpg
mechanic	4fdede769c55616678520adb98279f07ee5514690077d1314d9863c913f85996	datasets/IdenProf/idenprof/train/mechanic/mechanic-235.jpg	train_dataset/normal/mechanic/mechanic-235.jpg
mechanic	4fe6b57f860db9dd58936e9ee7e037fb18a18bd0fec6e8ee6b3ca9d4f39b0d91	datasets/IdenProf/idenprof/train/mechanic/mechanic-753.jpg	train_dataset/normal/mechanic/mechanic-753.jpg
mechanic	5035fc7634bb5dd5f01e56a982419850347bff72d13ba0e1b6341c8049e49df7	datasets/IdenProf/idenprof/train/mechanic/mechanic-67.jpg	train_dataset/normal/mechanic/mechanic-67.jpg
mechanic	50838c4ffa10003f4d6dd0695393110cc7250d6b1698946f28b51808af3bdaae	datasets/IdenProf/idenprof/train/mechanic/mechanic-201.jpg	train_dataset/normal/mechanic/mechanic-201.jpg
mechanic	51921c6a467a063629a39ce1c990435839655d1bf7fb6d8e0e53278af32b04be	datasets/IdenProf/idenprof/train/mechanic/mechanic-605.jpg	train_dataset/normal/mechanic/mechanic-605.jpg
mechanic	51f6a9d7f40fdb8ddc5026e45ac8dc7fff8c30802254b4eaf15d9a3fa51f27d4	datasets/IdenProf/idenprof/train/mechanic/mechanic-829.jpg	train_dataset/normal/mechanic/mechanic-829.jpg
mechanic	523f3d301f422d9064c7f66347d06aecd9e0f968309ecd5e8ae2d8136036b46a	datasets/IdenProf/idenprof/train/mechanic/mechanic-221.jpg	train_dataset/normal/mechanic/mechanic-221.jpg
mechanic	5257edacfff2168b066b16ee5a475204f880423ebe6e77d55fdcdc4adea56847	datasets/IdenProf/idenprof/train/mechanic/mechanic-450.jpg	train_dataset/normal/mechanic/mechanic-450.jpg
mechanic	526012c874321b183b7b3f293a9648e11608d9be74796e3c9b4d5fec5c620092	datasets/IdenProf/idenprof/train/mechanic/mechanic-96.jpg	train_dataset/normal/mechanic/mechanic-96.jpg
mechanic	52724ea676a2cd7643011396783d77ccf55f70eb5c335e0fb7cf0e897bf0a2d3	datasets/IdenProf/idenprof/train/mechanic/mechanic-16.jpg	train_dataset/normal/mechanic/mechanic-16.jpg
mechanic	52e52af1471a7ad06bce03515e06f8bc667607461781ff672f2a4c001817ad42	datasets/IdenProf/idenprof/train/mechanic/mechanic-529.jpg	train_dataset/normal/mechanic/mechanic-529.jpg
mechanic	52f482c5b21443819c905a6b9a1665befc4acd8f6db96fe5ef0be767b239fe22	datasets/IdenProf/idenprof/train/mechanic/mechanic-831.jpg	train_dataset/normal/mechanic/mechanic-831.jpg
mechanic	5340677307cc908a1596f26ff147f7e08abf7db05dc1857a9ac0ea5e889a0dd2	datasets/IdenProf/idenprof/train/mechanic/mechanic-136.jpg	train_dataset/normal/mechanic/mechanic-136.jpg
mechanic	535c9d3a5dfbe265f4cde3a075182cd1ab0cf939be851fb4ed817920ee7b1b7c	datasets/IdenProf/idenprof/train/mechanic/mechanic-858.jpg	train_dataset/normal/mechanic/mechanic-858.jpg
mechanic	537adbde8ed7d0d0a020fe35a7010625b8d4f281cd53393d4c87c90bb47a9a5f	datasets/IdenProf/idenprof/train/mechanic/mechanic-366.jpg	train_dataset/normal/mechanic/mechanic-366.jpg
mechanic	53b6a70716bc019d03278310a9bc86e31781df1a8c731bf33f46b161368b8c89	datasets/IdenProf/idenprof/train/mechanic/mechanic-141.jpg	train_dataset/normal/mechanic/mechanic-141.jpg
mechanic	53f6446a20766c95928a561eda1b2fe82913f5294f3950cbbf84958e7040d1f1	datasets/IdenProf/idenprof/train/mechanic/mechanic-616.jpg	train_dataset/normal/mechanic/mechanic-616.jpg
mechanic	54231cc6da165f1f70705db6572b49793e579f0fcee7c6a67c69c19cb8395150	datasets/IdenProf/idenprof/train/mechanic/mechanic-246.jpg	train_dataset/normal/mechanic/mechanic-246.jpg
mechanic	547290ccc23cdc84fa798bcb3ce1dfc54bdf051ae103e0cdbb9e21740e61bbd2	datasets/IdenProf/idenprof/train/mechanic/mechanic-454.jpg	train_dataset/normal/mechanic/mechanic-454.jpg
mechanic	54aca5dbf3a265b8991072d2d9c2066743194f5b7ebe39db7e6f8e298cd4e3ab	datasets/IdenProf/idenprof/train/mechanic/mechanic-620.jpg	train_dataset/normal/mechanic/mechanic-620.jpg
mechanic	55d0cfbedd4db44be66144f7254dc86bd97b1d5bcad0b857f1bd4fc33b9ac785	datasets/IdenProf/idenprof/train/mechanic/mechanic-168.jpg	train_dataset/normal/mechanic/mechanic-168.jpg
mechanic	560c71caf33def76ffe29ac807e86c2979413d5809f336e6e784f55173c62961	datasets/IdenProf/idenprof/train/mechanic/mechanic-29.jpg	train_dataset/normal/mechanic/mechanic-29.jpg
mechanic	563fc31bf5c97e3d9ffaa3d445d68fce8da64308fe3edf7610584c1df49d33ad	datasets/IdenProf/idenprof/train/mechanic/mechanic-557.jpg	train_dataset/normal/mechanic/mechanic-557.jpg
mechanic	56cb205efa79a2dd450d16bb1d47dbad8d9693e37b181b8a550487d431aa6624	datasets/IdenProf/idenprof/train/mechanic/mechanic-875.jpg	train_dataset/normal/mechanic/mechanic-875.jpg
mechanic	56cf4c5059287c1ea6f5504106ef31fb86b4437c99194f81e3baeb46b3cf5648	datasets/IdenProf/idenprof/train/mechanic/mechanic-788.jpg	train_dataset/normal/mechanic/mechanic-788.jpg
mechanic	56dfe606d87294b1898cdf18b4e22a12d70674dd74cd0c620408c9c7d574f60f	datasets/IdenProf/idenprof/train/mechanic/mechanic-250.jpg	train_dataset/normal/mechanic/mechanic-250.jpg
mechanic	574b97ed0b62750759581531f25577777275bd2601b1c5c01cbb585f172a8270	datasets/IdenProf/idenprof/train/mechanic/mechanic-471.jpg	train_dataset/normal/mechanic/mechanic-471.jpg
mechanic	57538e0d30f71e75fea45ce4b7ced275b9220aadb3a6ac417d4f961030c2f7ff	datasets/IdenProf/idenprof/train/mechanic/mechanic-106.jpg	train_dataset/normal/mechanic/mechanic-106.jpg
mechanic	579d2a763033fbccb1d2e191b77e694f3133381040c1dcb933e5a7be78c83199	datasets/IdenProf/idenprof/train/mechanic/mechanic-107.jpg	train_dataset/normal/mechanic/mechanic-107.jpg
mechanic	57c7db90300bfe6d033c0f9203dcd5adb626e61ba409e6254420053e996cdeea	datasets/IdenProf/idenprof/train/mechanic/mechanic-479.jpg	train_dataset/normal/mechanic/mechanic-479.jpg
mechanic	57e5f559c5c5e9ee4c5a0efac8e6eefb2de83e9a0e728806e8752abd5b332185	datasets/IdenProf/idenprof/train/mechanic/mechanic-211.jpg	train_dataset/normal/mechanic/mechanic-211.jpg
mechanic	5868042504f003005dc4c717a8c89d643916f10c9ecc1c696ca5d604cccdec76	datasets/IdenProf/idenprof/train/mechanic/mechanic-481.jpg	train_dataset/normal/mechanic/mechanic-481.jpg
mechanic	589f23a1fc350b637d21bb482fb43295853631b169087ea3df48c0fc44784a65	datasets/IdenProf/idenprof/train/mechanic/mechanic-196.jpg	train_dataset/normal/mechanic/mechanic-196.jpg
mechanic	58a2af70f0dabaa20f38b3ee38a323c52ffb3ce5ede82e27509de48ddcb3d6d8	datasets/IdenProf/idenprof/train/mechanic/mechanic-82.jpg	train_dataset/normal/mechanic/mechanic-82.jpg
mechanic	58e1c16779a788825233c1502b34b27807d95c76a4bc5499c4349bdac45edb88	datasets/IdenProf/idenprof/train/mechanic/mechanic-19.jpg	train_dataset/normal/mechanic/mechanic-19.jpg
mechanic	58fa3b6f0afdf1f131bb3795f6a7cdf2ef5d91ccc3aa2604798b2ac42d7fe88a	datasets/IdenProf/idenprof/train/mechanic/mechanic-852.jpg	train_dataset/normal/mechanic/mechanic-852.jpg
mechanic	597ab5732eb95b5cf282f14d720ee954c91d989554703078e774af3d0f24d858	datasets/IdenProf/idenprof/train/mechanic/mechanic-867.jpg	train_dataset/normal/mechanic/mechanic-867.jpg
mechanic	59ead6605e4a4f55b13f24408f87b549f8ced83f61bdd76cae125c5de004c979	datasets/IdenProf/idenprof/train/mechanic/mechanic-146.jpg	train_dataset/normal/mechanic/mechanic-146.jpg
mechanic	59ee5437fd75297f8a6932ee46d8b819b02394c6c069192bfac693f0e6f6cb9b	datasets/IdenProf/idenprof/train/mechanic/mechanic-846.jpg	train_dataset/normal/mechanic/mechanic-846.jpg
mechanic	5b021a8f23c90073bfe7741e6754b246554856c1dca67cca08ecd09fa47dd82e	datasets/IdenProf/idenprof/train/mechanic/mechanic-81.jpg	train_dataset/normal/mechanic/mechanic-81.jpg
mechanic	5b7c3ed2dccb4ccd9ff8f754ea18f4bbec0fe5ada6a0dff77ef17b3b85e2a0a0	datasets/IdenProf/idenprof/train/mechanic/mechanic-690.jpg	train_dataset/normal/mechanic/mechanic-690.jpg
mechanic	5bb9cb9e9ca53a36e59d3db19a9b2b490e695169542189a47823aed228ca5842	datasets/IdenProf/idenprof/train/mechanic/mechanic-634.jpg	train_dataset/normal/mechanic/mechanic-634.jpg
mechanic	5bea2516bdba1e76a4c813a39dae3800b5ab76d5e032dfe19bb3174ce2874ddb	datasets/IdenProf/idenprof/train/mechanic/mechanic-121.jpg	train_dataset/normal/mechanic/mechanic-121.jpg
mechanic	5c279c71cb15907d457cfe6d77f70e127c2b523a12182a33f8fedbb4a0c20355	datasets/IdenProf/idenprof/train/mechanic/mechanic-458.jpg	train_dataset/normal/mechanic/mechanic-458.jpg
mechanic	5c5cc0bee572cfc4bfaff44eb38f1a5c7dd0276484f81f40852793b568176d58	datasets/IdenProf/idenprof/train/mechanic/mechanic-56.jpg	train_dataset/normal/mechanic/mechanic-56.jpg
mechanic	5c9c881da9116055f6dc946378dba3af85a51cc2215fe44caa3b2bee36568ba9	datasets/IdenProf/idenprof/train/mechanic/mechanic-837.jpg	train_dataset/normal/mechanic/mechanic-837.jpg
mechanic	5cc69ca380ee70ad928b15c6efa82dfa5c3323958ef0cecfc78cbbced7f79496	datasets/IdenProf/idenprof/train/mechanic/mechanic-553.jpg	train_dataset/normal/mechanic/mechanic-553.jpg
pilot	00405bb877410758fad86127a2d98362bdd597ecbfa9aba23348e7bee07c140f	datasets/IdenProf/idenprof/train/pilot/pilot-301.jpg	train_dataset/normal/pilot/pilot-301.jpg
pilot	006832d6ebebf82a34ec58b2612c41c945feefe0ab20954e5719414494d004c8	datasets/IdenProf/idenprof/train/pilot/pilot-827.jpg	train_dataset/normal/pilot/pilot-827.jpg
pilot	00de09898b996eabf292352593032ee109b35449f2414691afaea83220a0e91c	datasets/IdenProf/idenprof/train/pilot/pilot-795.jpg	train_dataset/normal/pilot/pilot-795.jpg
pilot	00ff46df32c1234157af920f846999de87808146c7d6896013830829d9401af5	datasets/IdenProf/idenprof/train/pilot/pilot-200.jpg	train_dataset/normal/pilot/pilot-200.jpg
pilot	0196caf1bac865837a3c5f995ace151387fa11c559b01f54b933f32973cd9c52	datasets/IdenProf/idenprof/train/pilot/pilot-461.jpg	train_dataset/normal/pilot/pilot-461.jpg
pilot	01de4705c0eb9786e88614840d596644fb3fecb5f8c8737153e55d5c48152c3d	datasets/IdenProf/idenprof/train/pilot/pilot-48.jpg	train_dataset/normal/pilot/pilot-48.jpg
pilot	036645004b0a02ac74be2a84f250ab1f228aab9b7f60465a273b01688b8f31e9	datasets/IdenProf/idenprof/train/pilot/pilot-119.jpg	train_dataset/normal/pilot/pilot-119.jpg
pilot	0370233813da98d414b835dc2ca46e17126f88ef454f90c99e732c2bcdf83c54	datasets/IdenProf/idenprof/train/pilot/pilot-245.jpg	train_dataset/normal/pilot/pilot-245.jpg
pilot	03f516eaf536cd839fe0e8ae80bbd9129d11c0c512daa00a305a9d2ab5bc541d	datasets/IdenProf/idenprof/train/pilot/pilot-323.jpg	train_dataset/normal/pilot/pilot-323.jpg
pilot	0438a7c139e085e0949e14e670843249c4046fdbefdd055622dcf065567ca4d1	datasets/IdenProf/idenprof/train/pilot/pilot-524.jpg	train_dataset/normal/pilot/pilot-524.jpg
pilot	04b4eee48edd84e3d0b72b2384665e6aa4c7e4cdc677f914d53911626b3fc4da	datasets/IdenProf/idenprof/train/pilot/pilot-160.jpg	train_dataset/normal/pilot/pilot-160.jpg
pilot	0557cb928e0437f831ce1314e8d8d26261c92e2d4337990f771582000e36b5fb	datasets/IdenProf/idenprof/train/pilot/pilot-658.jpg	train_dataset/normal/pilot/pilot-658.jpg
pilot	05e68ad3e745df50c8b9fd01446c9c317721fdbf1c02034771b54c8a58d98024	datasets/IdenProf/idenprof/train/pilot/pilot-327.jpg	train_dataset/normal/pilot/pilot-327.jpg
pilot	06635e96b96e13eb5c6b0716c0bd5c0e5d6b1877deb8f6eab410f4b24e899a90	datasets/IdenProf/idenprof/train/pilot/pilot-17.jpg	train_dataset/normal/pilot/pilot-17.jpg
pilot	06778fd2458159d5c07d796461c696acebf4105027d397e312e1aae66bd5f3ce	datasets/IdenProf/idenprof/train/pilot/pilot-178.jpg	train_dataset/normal/pilot/pilot-178.jpg
pilot	072b4a7c8f96d02fcdfa30e73190db3c50b6196d100feaa8f4c20b96e66f6a7e	datasets/IdenProf/idenprof/train/pilot/pilot-590.jpg	train_dataset/normal/pilot/pilot-590.jpg
pilot	0730126f9aa95822c4042927f79f7c7fed081091828314daabb0316cae73c2b8	datasets/IdenProf/idenprof/train/pilot/pilot-408.jpg	train_dataset/normal/pilot/pilot-408.jpg
pilot	073ca1dc91739c165b1797347be7f57344bb1362caa777005f74e0c541dd5f58	datasets/IdenProf/idenprof/train/pilot/pilot-511.jpg	train_dataset/normal/pilot/pilot-511.jpg
pilot	0779522c00d0654024d5c907f45b9bbaec3a467bd977a0a7e4aa388116c24c71	datasets/IdenProf/idenprof/train/pilot/pilot-239.jpg	train_dataset/normal/pilot/pilot-239.jpg
pilot	07873cef12bb55ef698aa4706db7e0a5f51c0108975685c4906834f8b5b01c3d	datasets/IdenProf/idenprof/train/pilot/pilot-88.jpg	train_dataset/normal/pilot/pilot-88.jpg
pilot	0816ae6bc01f9225ceff90629f11dc1e3d74b548bc9af35d15c56ed5dea4e808	datasets/IdenProf/idenprof/train/pilot/pilot-605.jpg	train_dataset/normal/pilot/pilot-605.jpg
pilot	0825eeb44ed52e6b6fb6cac3e15795ca6d2c6194c014fbcec41e5060408afdf9	datasets/IdenProf/idenprof/train/pilot/pilot-366.jpg	train_dataset/normal/pilot/pilot-366.jpg
pilot	087e736e45cf493fd2668d011634cbfaed503aa71c23f8551163e426165796f8	datasets/IdenProf/idenprof/train/pilot/pilot-872.jpg	train_dataset/normal/pilot/pilot-872.jpg
pilot	088f26ee153a395d95afbc883595569521b0a4edde211fc2dace6f5c98898059	datasets/IdenProf/idenprof/train/pilot/pilot-806.jpg	train_dataset/normal/pilot/pilot-806.jpg
pilot	08981ec8e7e05f8fe61dd8d9435233350fa4670e267ef4494f209e95bc21503f	datasets/IdenProf/idenprof/train/pilot/pilot-340.jpg	train_dataset/normal/pilot/pilot-340.jpg
pilot	0961a7486bbefc9d11a83e6d500c87400a18fcc6230f814cf5ef1735113951ee	datasets/IdenProf/idenprof/train/pilot/pilot-748.jpg	train_dataset/normal/pilot/pilot-748.jpg
pilot	0a72479087ed4d19ab381b8644c81c07ce3d9a8bf9a5fe9f0673e028433fb9e0	datasets/IdenProf/idenprof/train/pilot/pilot-534.jpg	train_dataset/normal/pilot/pilot-534.jpg
pilot	0ac8243d4262b741ecb84c791bde1f48790af4f33728b838a534b1474fe13eb4	datasets/IdenProf/idenprof/train/pilot/pilot-770.jpg	train_dataset/normal/pilot/pilot-770.jpg
pilot	0b01da547d4aa16ea6241a0b561717470b262c0b6313fda88fea099bc478d782	datasets/IdenProf/idenprof/train/pilot/pilot-140.jpg	train_dataset/normal/pilot/pilot-140.jpg
pilot	0b0bb33e846ea4ac07fe61c3e4a0482b1fcd9c126d6ec4cb93333bd0fde8c526	datasets/IdenProf/idenprof/train/pilot/pilot-735.jpg	train_dataset/normal/pilot/pilot-735.jpg
pilot	0b62211c3b14ee395bf6ac8da8c938e85852ed89cd8d22880b8907b02a35abe3	datasets/IdenProf/idenprof/train/pilot/pilot-97.jpg	train_dataset/normal/pilot/pilot-97.jpg
pilot	0b8ff0dec73750e514854081ba475d7eed0e51878e69caf2e10dd636829e2c34	datasets/IdenProf/idenprof/train/pilot/pilot-885.jpg	train_dataset/normal/pilot/pilot-885.jpg
pilot	0b9b7540f8cbd09158cfa17cf9d12da38888051d34189666aaa85691801df186	datasets/IdenProf/idenprof/train/pilot/pilot-752.jpg	train_dataset/normal/pilot/pilot-752.jpg
pilot	0bc0c94f4679db8f4b2bc7ed9aa30da59425b9cf77a0e2351dbfe571251d270b	datasets/IdenProf/idenprof/train/pilot/pilot-489.jpg	train_dataset/normal/pilot/pilot-489.jpg
pilot	0c17fc5550528a75b59255d869a1dd0636a9ae798f08afcaf8a03600c734ec50	datasets/IdenProf/idenprof/train/pilot/pilot-105.jpg	train_dataset/normal/pilot/pilot-105.jpg
pilot	0c51fd7fcd45d3aef3ce72ff327d5d6fb983a19ddfce67a3b898956fa73ec35a	datasets/IdenProf/idenprof/train/pilot/pilot-579.jpg	train_dataset/normal/pilot/pilot-579.jpg
pilot	0c5d40496df3582fde63cf9dfb80349ca37722a74f5cf63faf2ccd7044301ce2	datasets/IdenProf/idenprof/train/pilot/pilot-27.jpg	train_dataset/normal/pilot/pilot-27.jpg
pilot	0c95e0ec7ed552ecd757100b5ea46453664ca8d55730458ff268f09d2c6beecc	datasets/IdenProf/idenprof/train/pilot/pilot-14.jpg	train_dataset/normal/pilot/pilot-14.jpg
pilot	0d025cc239fb9c0b387a5bb8c20776b530dea3b3fc7b90c5477673fc93053776	datasets/IdenProf/idenprof/train/pilot/pilot-745.jpg	train_dataset/normal/pilot/pilot-745.jpg
pilot	0d0b2aed6008ba8aa906e2977074301e785c3ce02216f3f1b8f597e413d934e2	datasets/IdenProf/idenprof/train/pilot/pilot-531.jpg	train_dataset/normal/pilot/pilot-531.jpg
pilot	0d9658620546a348d790af16f0344ca23f4d12f767dfb6460c872b2d30970198	datasets/IdenProf/idenprof/train/pilot/pilot-573.jpg	train_dataset/normal/pilot/pilot-573.jpg
pilot	0d9bd7653308e7eca0b74375fc28bbb57ff2d63ed24f01f3b788b4f1cc8bb802	datasets/IdenProf/idenprof/train/pilot/pilot-777.jpg	train_dataset/normal/pilot/pilot-777.jpg
pilot	0da976365bc7172836d8026550c5ece8506143bd55c52779141759b776f9a7cb	datasets/IdenProf/idenprof/train/pilot/pilot-641.jpg	train_dataset/normal/pilot/pilot-641.jpg
pilot	0dd00a5b53311363e4acb6da65e1416fb7e301a41eb371bacb22709c53401e77	datasets/IdenProf/idenprof/train/pilot/pilot-799.jpg	train_dataset/normal/pilot/pilot-799.jpg
pilot	0dfd5ba510d73d7435832388986b833f9e18a655702a059e8173699bde9fa6ba	datasets/IdenProf/idenprof/train/pilot/pilot-328.jpg	train_dataset/normal/pilot/pilot-328.jpg
pilot	0e1874727cdde844b7abbba1e8136c48539058dd2bc0b268d0c139b6fe7159cf	datasets/IdenProf/idenprof/train/pilot/pilot-99.jpg	train_dataset/normal/pilot/pilot-99.jpg
pilot	0e51c1a0f357409c73aacd37f74284a7b9324e08c8d5b973d6970a1d80c80da9	datasets/IdenProf/idenprof/train/pilot/pilot-615.jpg	train_dataset/normal/pilot/pilot-615.jpg
pilot	0f39d3fe3bb0694b59ded31a6db119f8f4571322cc8a28744caf11925e743dbc	datasets/IdenProf/idenprof/train/pilot/pilot-187.jpg	train_dataset/normal/pilot/pilot-187.jpg
pilot	101c4e19f6b49e0d0e15b6618793631b23bcbf39bf8766865a46ff1ffcb0f7aa	datasets/IdenProf/idenprof/train/pilot/pilot-553.jpg	train_dataset/normal/pilot/pilot-553.jpg
pilot	1033f2e8bc41aee603f1e1e01c242a9bdd3322a70471ff4d6fbf30dcf4100386	datasets/IdenProf/idenprof/train/pilot/pilot-171.jpg	train_dataset/normal/pilot/pilot-171.jpg
pilot	105c1dc238355f04f2e2d5e82d7710782aa37beb335bf7967c03f54e2c8e7fe4	datasets/IdenProf/idenprof/train/pilot/pilot-818.jpg	train_dataset/normal/pilot/pilot-818.jpg
pilot	10604c2533eb13ed49447e51686d71177b60484e41ff4b1ba39ff981c517f3d7	datasets/IdenProf/idenprof/train/pilot/pilot-653.jpg	train_dataset/normal/pilot/pilot-653.jpg
pilot	10614681798e665440189b6ed5479b0f99dc1931f4ea2d970dd18e1056e53c88	datasets/IdenProf/idenprof/train/pilot/pilot-665.jpg	train_dataset/normal/pilot/pilot-665.jpg
pilot	108992bd7d6527d3f2f01cbf3b8d657de8a1cb5d22aeeda5b40894b3cccd8022	datasets/IdenProf/idenprof/train/pilot/pilot-672.jpg	train_dataset/normal/pilot/pilot-672.jpg
pilot	10d17dca1c9839af59649c30ea6ea9896f4b4a8e973cba5e6eb6b8f455ec7399	datasets/IdenProf/idenprof/train/pilot/pilot-345.jpg	train_dataset/normal/pilot/pilot-345.jpg
pilot	10e6069225c61182b5f3c240e1ce7ccf8e81448f1e4168bf4525bf4150699b52	datasets/IdenProf/idenprof/train/pilot/pilot-499.jpg	train_dataset/normal/pilot/pilot-499.jpg
pilot	11238678e608dafa4553601aa1fa27657bd13880d4efeff1517ac761e5e39445	datasets/IdenProf/idenprof/train/pilot/pilot-492.jpg	train_dataset/normal/pilot/pilot-492.jpg
pilot	11384c549d42f8dedd99e3966f1d25684cdfcb3d37986a4321f3459c1735fc82	datasets/IdenProf/idenprof/train/pilot/pilot-135.jpg	train_dataset/normal/pilot/pilot-135.jpg
pilot	116dbe822ffb04895840c9175b049edcefb100f11bc66857fd2b82c203baefbb	datasets/IdenProf/idenprof/train/pilot/pilot-654.jpg	train_dataset/normal/pilot/pilot-654.jpg
pilot	1185df92cb773ba436862b84e453fd961bb3e22acc1642b9cec669a5a232ee64	datasets/IdenProf/idenprof/train/pilot/pilot-832.jpg	train_dataset/normal/pilot/pilot-832.jpg
pilot	11ce60727c8ce1f10eaf97102987d9db15609d54f20770424972aa2f7040dda4	datasets/IdenProf/idenprof/train/pilot/pilot-235.jpg	train_dataset/normal/pilot/pilot-235.jpg
pilot	11fe874660dfa48640e9213f45a4de87f26da44bc71b145bace49044c3254c4c	datasets/IdenProf/idenprof/train/pilot/pilot-613.jpg	train_dataset/normal/pilot/pilot-613.jpg
pilot	127f932f17281ffe0e1293c7ce31f97eb59f2bf8c5add7185d0332ee72b9d1e5	datasets/IdenProf/idenprof/train/pilot/pilot-233.jpg	train_dataset/normal/pilot/pilot-233.jpg
pilot	12b1ae15fdc90baca1487880a7b505b2526fa9870121fa7a6805d7909f8a65f0	datasets/IdenProf/idenprof/train/pilot/pilot-508.jpg	train_dataset/normal/pilot/pilot-508.jpg
pilot	12c2ba5d4cb7412e07a0077d56df3a8c71f0604ed8c239b0c89bddeb29364d4e	datasets/IdenProf/idenprof/train/pilot/pilot-126.jpg	train_dataset/normal/pilot/pilot-126.jpg
pilot	130ae288463b0ae36fac4626f3b0cec281330d1a0fd011235d1fa7c603ecd52f	datasets/IdenProf/idenprof/train/pilot/pilot-844.jpg	train_dataset/normal/pilot/pilot-844.jpg
pilot	1316ae8ccb0a358dc01f78d1198ddc26bd4c2f51673d262cf4ba20c5b2e4570c	datasets/IdenProf/idenprof/train/pilot/pilot-710.jpg	train_dataset/normal/pilot/pilot-710.jpg
pilot	134f6e45ac9e9d4a926dff55e588fab6b0439e8fb1f2babd6fdc22882cad8b5a	datasets/IdenProf/idenprof/train/pilot/pilot-556.jpg	train_dataset/normal/pilot/pilot-556.jpg
pilot	13935fafc47a0281c84b22997bcba65176ac4264672abef945b35e9229aea20e	datasets/IdenProf/idenprof/train/pilot/pilot-304.jpg	train_dataset/normal/pilot/pilot-304.jpg
pilot	13b733a85982603ecdcc9d3078cc41d14cf96b152d25200be65f5b22261e74d3	datasets/IdenProf/idenprof/train/pilot/pilot-228.jpg	train_dataset/normal/pilot/pilot-228.jpg
pilot	13c821087e29c474ea370c2b664d8bd017e80a8700ff95e311ab5882ee3e3966	datasets/IdenProf/idenprof/train/pilot/pilot-315.jpg	train_dataset/normal/pilot/pilot-315.jpg
pilot	13d9ff987d1898186206b7b0b1fd53b2b80f18746af61d1c1083812a81670226	datasets/IdenProf/idenprof/train/pilot/pilot-314.jpg	train_dataset/normal/pilot/pilot-314.jpg
pilot	148587d05b7508799268480d378fe98abf9b3a150f157414f7ed187cab069158	datasets/IdenProf/idenprof/train/pilot/pilot-707.jpg	train_dataset/normal/pilot/pilot-707.jpg
pilot	14d109d4e83aa55a311b9d19725b7abf806c45b2122de490e5ea902e4dd68e53	datasets/IdenProf/idenprof/train/pilot/pilot-500.jpg	train_dataset/normal/pilot/pilot-500.jpg
pilot	15757dea3cf4aab6dbca1aab6caeb71b40c224cac57cd39a6efc0f99a87bcda2	datasets/IdenProf/idenprof/train/pilot/pilot-232.jpg	train_dataset/normal/pilot/pilot-232.jpg
pilot	15a02e490114c4ae001f7a303fd15d5df9ea1f76c4996d0758a1473323396def	datasets/IdenProf/idenprof/train/pilot/pilot-873.jpg	train_dataset/normal/pilot/pilot-873.jpg
pilot	1642caff9258673f27d4fa74a9e6a06ed500997fd5f874002fcadc5153b62213	datasets/IdenProf/idenprof/train/pilot/pilot-532.jpg	train_dataset/normal/pilot/pilot-532.jpg
pilot	165b30924ce44f39e15b7b83a6867a37d99fd68dbd61d4b87a8267232f621aed	datasets/IdenProf/idenprof/train/pilot/pilot-310.jpg	train_dataset/normal/pilot/pilot-310.jpg
pilot	169debacb1efe628ed0c0c12d371753b2189731b940a69e353bee288d8da215f	datasets/IdenProf/idenprof/train/pilot/pilot-116.jpg	train_dataset/normal/pilot/pilot-116.jpg
pilot	16a35e35fafec445a948dc4031be474c8726fd4fa1d3b543e05369f455d54cce	datasets/IdenProf/idenprof/train/pilot/pilot-809.jpg	train_dataset/normal/pilot/pilot-809.jpg
pilot	16dec078e8e7bb6a88316c73654df7653782706d264f01d90e44ff415034bed9	datasets/IdenProf/idenprof/train/pilot/pilot-566.jpg	train_dataset/normal/pilot/pilot-566.jpg
pilot	16e1c1cadc8f5e26bc3671a7db149f21613f618c061bb43d81e0ebbca5cbc741	datasets/IdenProf/idenprof/train/pilot/pilot-758.jpg	train_dataset/normal/pilot/pilot-758.jpg
pilot	16ece97d9a48f8cfe6e77b0e87f5726abd1aefb99f06f1ed1b6c997b355d82e5	datasets/IdenProf/idenprof/train/pilot/pilot-541.jpg	train_dataset/normal/pilot/pilot-541.jpg
pilot	180cae020e7f53210269718e22bd0848c60ec401c0dee71396834b8cfbeac54f	datasets/IdenProf/idenprof/train/pilot/pilot-646.jpg	train_dataset/normal/pilot/pilot-646.jpg
pilot	1827a67dd54f22153931e06e6442ea2b814d8909c0ab806b97f66b726b3e48b1	datasets/IdenProf/idenprof/train/pilot/pilot-740.jpg	train_dataset/normal/pilot/pilot-740.jpg
pilot	186422791ed53fcb1854f2dac1250e16e27bef0340f10672be1d3dcd040e27b0	datasets/IdenProf/idenprof/train/pilot/pilot-769.jpg	train_dataset/normal/pilot/pilot-769.jpg
pilot	190aef3864ac0dcde9a42ef59a5bbb1392bac50fd8b0286244a3e1e1716085c0	datasets/IdenProf/idenprof/train/pilot/pilot-127.jpg	train_dataset/normal/pilot/pilot-127.jpg
pilot	1916480efc77757c87540c6a8ea34ae43c3cf6db9d0d7143e64ea624de1a880b	datasets/IdenProf/idenprof/train/pilot/pilot-563.jpg	train_dataset/normal/pilot/pilot-563.jpg
pilot	193a9a7fbbb6b4910027435543f4bbcdfe2ff39f2a590cf6c8d1bc9ff3de1bbe	datasets/IdenProf/idenprof/train/pilot/pilot-360.jpg	train_dataset/normal/pilot/pilot-360.jpg
pilot	196427c7c2cde3749d5147dbdf86ab36ecaf044092ee1087de471e8ddbb6cff4	datasets/IdenProf/idenprof/train/pilot/pilot-106.jpg	train_dataset/normal/pilot/pilot-106.jpg
pilot	197e1e3ee975a61bb0144c67cd57ce9ef727559156207d4db5b642f6b6286c8b	datasets/IdenProf/idenprof/train/pilot/pilot-443.jpg	train_dataset/normal/pilot/pilot-443.jpg
pilot	1a019e32bc5b6d612ea05b174e9228a3b2e059505ecadb192430666cadc31170	datasets/IdenProf/idenprof/train/pilot/pilot-596.jpg	train_dataset/normal/pilot/pilot-596.jpg
pilot	1ad14c30cff141cb8e3a2e0d14f75161b19b03581d1cf8fbf257ce1b7c0e22b7	datasets/IdenProf/idenprof/train/pilot/pilot-699.jpg	train_dataset/normal/pilot/pilot-699.jpg
pilot	1ad9c51ee7d048899f5b1255426b95527ef2ee3149782bc35ec3fab911ac2424	datasets/IdenProf/idenprof/train/pilot/pilot-417.jpg	train_dataset/normal/pilot/pilot-417.jpg
pilot	1adfc1c5b2d5df54e1fb05e573771490ed2eb4345b210107e9abc6d6f6b7a6e5	datasets/IdenProf/idenprof/train/pilot/pilot-557.jpg	train_dataset/normal/pilot/pilot-557.jpg
pilot	1b3a3c967db96537808ca91e347d853553563c649ebb2de01c9c426486eaf07d	datasets/IdenProf/idenprof/train/pilot/pilot-429.jpg	train_dataset/normal/pilot/pilot-429.jpg
pilot	1b63d5d4a1d8c82081853b8a963cbd90b25a8b3bf640977bce96773021216581	datasets/IdenProf/idenprof/train/pilot/pilot-389.jpg	train_dataset/normal/pilot/pilot-389.jpg
pilot	1b778f0767fe99993576e8bfe1841ff5493734873ff895d14c125deaaaf30156	datasets/IdenProf/idenprof/train/pilot/pilot-591.jpg	train_dataset/normal/pilot/pilot-591.jpg
pilot	1bb0dbf1cb5c1cfa04389d51df62385c8c806223c82516ed95da79b8b562f887	datasets/IdenProf/idenprof/train/pilot/pilot-137.jpg	train_dataset/normal/pilot/pilot-137.jpg
pilot	1c2db4d539f04b79af376ec4142e6962e24826fb8b5d4db43f6c9b1b5c7cef90	datasets/IdenProf/idenprof/train/pilot/pilot-238.jpg	train_dataset/normal/pilot/pilot-238.jpg
pilot	1c86a3eb43104fc49ef730f32f1fe5c074f35d47896ef9e89eda9fc18d0be149	datasets/IdenProf/idenprof/train/pilot/pilot-709.jpg	train_dataset/normal/pilot/pilot-709.jpg
pilot	1ca9ff88c422000bc2e5afea36464d0e6b1b8a3b7a8e2f9c19fdbf4ff360e893	datasets/IdenProf/idenprof/train/pilot/pilot-829.jpg	train_dataset/normal/pilot/pilot-829.jpg
pilot	1db84fa4e35e93ab8132388c148967f558c8d6ee6645347047c55d125f55da89	datasets/IdenProf/idenprof/train/pilot/pilot-421.jpg	train_dataset/normal/pilot/pilot-421.jpg
pilot	1dba49f65a1853d7414ad0b87c667449eaa8ec8de9a252245901d6af2d04d6e1	datasets/IdenProf/idenprof/train/pilot/pilot-813.jpg	train_dataset/normal/pilot/pilot-813.jpg
pilot	1dbe3a4ca5fa6f3e69e4620f5ba173c014b0a867cb1aa70d132ebca19f1750f7	datasets/IdenProf/idenprof/train/pilot/pilot-209.jpg	train_dataset/normal/pilot/pilot-209.jpg
pilot	1de16d44dbf0d4a613a550e43bb524b6ccec4cdd8457a0701c14a55fc18dd143	datasets/IdenProf/idenprof/train/pilot/pilot-831.jpg	train_dataset/normal/pilot/pilot-831.jpg
pilot	1e094c3e32d18fb326a858e5689c903e61bb27c1a1d467cdfdefedab05d8a29c	datasets/IdenProf/idenprof/train/pilot/pilot-361.jpg	train_dataset/normal/pilot/pilot-361.jpg
pilot	1e8c0994fb10190eb77e21ebec6bc0e815c7ad11a5477d1413c09daa28c6fd3c	datasets/IdenProf/idenprof/train/pilot/pilot-134.jpg	train_dataset/normal/pilot/pilot-134.jpg
pilot	1ec9d4f63f6cf47a597eb725db5e2fa61197c400620746c8657a51bb21dd35c0	datasets/IdenProf/idenprof/train/pilot/pilot-427.jpg	train_dataset/normal/pilot/pilot-427.jpg
pilot	1f7d932205bb17a93d0b285df8bbf71efa940bb8d706a811332bc7e586418261	datasets/IdenProf/idenprof/train/pilot/pilot-659.jpg	train_dataset/normal/pilot/pilot-659.jpg
pilot	1fd52281c9d0cb53d13417cb1c773b13dd01d14b594c1e8fe09b21861f015795	datasets/IdenProf/idenprof/train/pilot/pilot-263.jpg	train_dataset/normal/pilot/pilot-263.jpg
pilot	1fdd13fb40a334dd1dcd355a678769ec72773803808251bf905a547b14a6274e	datasets/IdenProf/idenprof/train/pilot/pilot-279.jpg	train_dataset/normal/pilot/pilot-279.jpg
pilot	20018d86b0b420a2dcf1a55df56fe2eead73135f75fb87eafb32c92f2ab2365b	datasets/IdenProf/idenprof/train/pilot/pilot-624.jpg	train_dataset/normal/pilot/pilot-624.jpg
pilot	200f72d00174fccdba1f4098f8c0050fe298fc2c5cae1aaff309dd236cd63afb	datasets/IdenProf/idenprof/train/pilot/pilot-341.jpg	train_dataset/normal/pilot/pilot-341.jpg
pilot	2017cc48a8034bc956f622a6fd16e3c6851357a87d9fc4ca83d2c537e210d84f	datasets/IdenProf/idenprof/train/pilot/pilot-451.jpg	train_dataset/normal/pilot/pilot-451.jpg
pilot	204e3a15dc5de59c874ccce784287038860f1612c2b44bc9090202d291866619	datasets/IdenProf/idenprof/train/pilot/pilot-83.jpg	train_dataset/normal/pilot/pilot-83.jpg
pilot	207e11ac22e0069be5fcc61fb68ed86e4ad16c3a33814e92e59ac45ed36d5ac9	datasets/IdenProf/idenprof/train/pilot/pilot-299.jpg	train_dataset/normal/pilot/pilot-299.jpg
pilot	208a5bfa3892f2276ebe9c5d460ec192c0ada63d60e815f8dd4670af83534e23	datasets/IdenProf/idenprof/train/pilot/pilot-630.jpg	train_dataset/normal/pilot/pilot-630.jpg
pilot	208e4ee1e7b04723c91483360d1dd71f2294dd299da42f57d1812b11d9ddbfc9	datasets/IdenProf/idenprof/train/pilot/pilot-512.jpg	train_dataset/normal/pilot/pilot-512.jpg
pilot	20d4538ea5824f849b33b12ed52edf4e1cfd0100311352093054f8cd5454abb3	datasets/IdenProf/idenprof/train/pilot/pilot-778.jpg	train_dataset/normal/pilot/pilot-778.jpg
pilot	2101389c548f9fc0d8c890bef77a304f6afe606239ae7f5668d398ab0aa2dc5e	datasets/IdenProf/idenprof/train/pilot/pilot-254.jpg	train_dataset/normal/pilot/pilot-254.jpg
pilot	2105bec29fa1c9066af90dfd2ea7957968b8276b203867d341d6f080a6296d98	datasets/IdenProf/idenprof/train/pilot/pilot-520.jpg	train_dataset/normal/pilot/pilot-520.jpg
pilot	214771e3a1ad53352c631f400c69292d6558687d68704dd3c29ed8cc727ac393	datasets/IdenProf/idenprof/train/pilot/pilot-760.jpg	train_dataset/normal/pilot/pilot-760.jpg
pilot	218a6856799abc1c5f203540be5c1709d21e20109bb6db3048c6d98f2971b306	datasets/IdenProf/idenprof/train/pilot/pilot-550.jpg	train_dataset/normal/pilot/pilot-550.jpg
pilot	21a72ad23b50282bc24c85d3a089ccece63107fbdb78e862212a62ff6a7558e2	datasets/IdenProf/idenprof/train/pilot/pilot-121.jpg	train_dataset/normal/pilot/pilot-121.jpg
pilot	21c972605dc8965083edf2947c4694c1da898e6b661df6567fbed8c1ca39dfc7	datasets/IdenProf/idenprof/train/pilot/pilot-92.jpg	train_dataset/normal/pilot/pilot-92.jpg
pilot	2214b051aed48dadd688ec3519b3dd8fcfc2fca929e2c6414c2e50ba74ff6065	datasets/IdenProf/idenprof/train/pilot/pilot-701.jpg	train_dataset/normal/pilot/pilot-701.jpg
pilot	22c54722dbcee94144fcd372922fc431c634f3aaa992c4c6a79a616343965d5e	datasets/IdenProf/idenprof/train/pilot/pilot-413.jpg	train_dataset/normal/pilot/pilot-413.jpg
pilot	22da946d114bcbee7183b3a355bb04e7f8a38aaa4e64d1a31bdfccb3999b57d1	datasets/IdenProf/idenprof/train/pilot/pilot-51.jpg	train_dataset/normal/pilot/pilot-51.jpg
pilot	236aec5fa77a6975b830ad0b9d601adcfbd3af4ddcc69a216eade4a888e4c264	datasets/IdenProf/idenprof/train/pilot/pilot-457.jpg	train_dataset/normal/pilot/pilot-457.jpg
pilot	239feedc41a0b157013ba61123b3dfafcfb3393cdf5d005cd284b1b0f93e3f69	datasets/IdenProf/idenprof/train/pilot/pilot-478.jpg	train_dataset/normal/pilot/pilot-478.jpg
pilot	23be956a755e9cf5039123a70957a2be8c7c72176d8259ab124fced23b543c8d	datasets/IdenProf/idenprof/train/pilot/pilot-21.jpg	train_dataset/normal/pilot/pilot-21.jpg
pilot	23e693b449a7431f37f85698adcb5944a23eea8e0e78d6fa1c6142eaa8a0a1eb	datasets/IdenProf/idenprof/train/pilot/pilot-355.jpg	train_dataset/normal/pilot/pilot-355.jpg
pilot	246a6d20400e4404f01eedb3c560a5c0df295eea6b1f25dd36ca6d48a0c7123c	datasets/IdenProf/idenprof/train/pilot/pilot-68.jpg	train_dataset/normal/pilot/pilot-68.jpg
pilot	24a2d9ab657e1991175b04887430a7f2230d6346ff8d791e286a70bedb7f0ef3	datasets/IdenProf/idenprof/train/pilot/pilot-536.jpg	train_dataset/normal/pilot/pilot-536.jpg
pilot	25410632eccc8cb88cd8e5fd96098da8de6729a89760459e1bf98721bceb7486	datasets/IdenProf/idenprof/train/pilot/pilot-694.jpg	train_dataset/normal/pilot/pilot-694.jpg
pilot	2548db8cf56612e02018555056368d361d026707bb02510a170bae592670deae	datasets/IdenProf/idenprof/train/pilot/pilot-398.jpg	train_dataset/normal/pilot/pilot-398.jpg
pilot	262ae6cfab4712ffeb441979825762a38f8590a4397d55144088f6bf12fdc87d	datasets/IdenProf/idenprof/train/pilot/pilot-637.jpg	train_dataset/normal/pilot/pilot-637.jpg
pilot	269aa29c2723289c1bbb443059011f373751ea0a55a2ee557f2cc6ac5e0c48f6	datasets/IdenProf/idenprof/train/pilot/pilot-650.jpg	train_dataset/normal/pilot/pilot-650.jpg
pilot	2765dc37965b7b026b9a06e11fecf24f98787ee38239d6bd5be93088a36f81f9	datasets/IdenProf/idenprof/train/pilot/pilot-549.jpg	train_dataset/normal/pilot/pilot-549.jpg
pilot	27b63b5a1fdbc157cfa2761b6f7d7d7c3ea51b9b0591c8e74d80fada6c31d0d7	datasets/IdenProf/idenprof/train/pilot/pilot-785.jpg	train_dataset/normal/pilot/pilot-785.jpg
pilot	27d8c624e51f0fb3582bea6a65364e31c512ca0810410e112f1f04df09c7a84e	datasets/IdenProf/idenprof/train/pilot/pilot-276.jpg	train_dataset/normal/pilot/pilot-276.jpg
pilot	27dd3ae41fb8013d835ec9bbdae61dc6e69572818796ba7c950a97cc38927e6a	datasets/IdenProf/idenprof/train/pilot/pilot-379.jpg	train_dataset/normal/pilot/pilot-379.jpg
pilot	27dfaa0a035cdc890c5cbf78d682766992fa573848b2059751eccc38daad19b1	datasets/IdenProf/idenprof/train/pilot/pilot-695.jpg	train_dataset/normal/pilot/pilot-695.jpg
pilot	28235583bbf34c743e2a22382957fdbdbe9c676c3427e5777f006371c33d5b5a	datasets/IdenProf/idenprof/train/pilot/pilot-686.jpg	train_dataset/normal/pilot/pilot-686.jpg
pilot	2886281fd4b503cb1d615438c62f20ef8a90afe95f65e6333b7bc97f7bdde505	datasets/IdenProf/idenprof/train/pilot/pilot-493.jpg	train_dataset/normal/pilot/pilot-493.jpg
pilot	289c0368d4ce5c6723e4fe40f7ec85c65679eb09e8cde545e661f02bea99a353	datasets/IdenProf/idenprof/train/pilot/pilot-277.jpg	train_dataset/normal/pilot/pilot-277.jpg
pilot	28fe47d1f0c7e693122f93fd5fbbf03daf0387eef63de6a086b25b5220b464bd	datasets/IdenProf/idenprof/train/pilot/pilot-300.jpg	train_dataset/normal/pilot/pilot-300.jpg
pilot	292f9c67a0c9becf18c833c5462081c3bb3e030c11cc86d810279139da7a4add	datasets/IdenProf/idenprof/train/pilot/pilot-28.jpg	train_dataset/normal/pilot/pilot-28.jpg
pilot	29e4e17f311abed00f075f63ef78db1920d3817143a949ef2723d1eea6fe9b8f	datasets/IdenProf/idenprof/train/pilot/pilot-346.jpg	train_dataset/normal/pilot/pilot-346.jpg
pilot	2a1beb4e61606423d6b3a3f17351e33393a4d81323a7839390f403dcd183bf7b	datasets/IdenProf/idenprof/train/pilot/pilot-574.jpg	train_dataset/normal/pilot/pilot-574.jpg
pilot	2a2ca6bc85f6b5a2611b91a99664f3e3ba5decd3c7370a3107608b8c1dc4689c	datasets/IdenProf/idenprof/train/pilot/pilot-50.jpg	train_dataset/normal/pilot/pilot-50.jpg
pilot	2a43621169b76a65c933d9c8cb3a4fee3478dcda8f6dd329f5c44afd38e3b218	datasets/IdenProf/idenprof/train/pilot/pilot-285.jpg	train_dataset/normal/pilot/pilot-285.jpg
pilot	2bf5a13eb9610afe8f936b801163520486afc851abbc9008dd0accbe1a200fea	datasets/IdenProf/idenprof/train/pilot/pilot-487.jpg	train_dataset/normal/pilot/pilot-487.jpg
pilot	2c3f0c2de4a8f7c355df57cd86b2de763ff6ef87e6630225a24cda17d8f9ff0b	datasets/IdenProf/idenprof/train/pilot/pilot-722.jpg	train_dataset/normal/pilot/pilot-722.jpg
pilot	2c6950122fae0a4e1bf63784ae6228e3798f1ebc1641166e80e8332d648ecd2c	datasets/IdenProf/idenprof/train/pilot/pilot-464.jpg	train_dataset/normal/pilot/pilot-464.jpg
pilot	2c7e2bc3b2805f5f33b3b420582c2771f20a997f43bdd503776d7f508709e4ff	datasets/IdenProf/idenprof/train/pilot/pilot-634.jpg	train_dataset/normal/pilot/pilot-634.jpg
pilot	2d7873a77d395887dd37eaf7c9aa19a297aeab6dae8f34d679787912fb925a5f	datasets/IdenProf/idenprof/train/pilot/pilot-1.jpg	train_dataset/normal/pilot/pilot-1.jpg
pilot	2d8dd97e39cd8df474ec7450bbbd92443a469263de561d9978db4596a9039757	datasets/IdenProf/idenprof/train/pilot/pilot-85.jpg	train_dataset/normal/pilot/pilot-85.jpg
pilot	2d95afa8d8b3fb8b44a9ae7c9a337b58189006c6bbdc4b1bf1221588bd366ac0	datasets/IdenProf/idenprof/train/pilot/pilot-131.jpg	train_dataset/normal/pilot/pilot-131.jpg
pilot	2e4c42678accb7e4e085bc88b351338656e5d5faa5472eb4e331957855ad025d	datasets/IdenProf/idenprof/train/pilot/pilot-533.jpg	train_dataset/normal/pilot/pilot-533.jpg
pilot	2eb2b6f5a8997257bdb407ba1d6a407de20c313c8e6d7da36beac250ef122527	datasets/IdenProf/idenprof/train/pilot/pilot-333.jpg	train_dataset/normal/pilot/pilot-333.jpg
pilot	2eeb1766b71fd08bf905b7922e48d852aef22652daa6c765994c32e2c56b08a2	datasets/IdenProf/idenprof/train/pilot/pilot-33.jpg	train_dataset/normal/pilot/pilot-33.jpg
pilot	2efb65b78fd5b01151441b99ec8c7b558ebd6b3b4bc1b2e3e145b33779e3ae97	datasets/IdenProf/idenprof/train/pilot/pilot-358.jpg	train_dataset/normal/pilot/pilot-358.jpg
pilot	2f13a99fe2401f0b09928f79525bb82f5fe6df5a86d4e8bd7624d8e02aa7fac6	datasets/IdenProf/idenprof/train/pilot/pilot-896.jpg	train_dataset/normal/pilot/pilot-896.jpg
pilot	2f5e3938a919dd96279b30300fb8e04301962449f3e800d253bad9c81410cd77	datasets/IdenProf/idenprof/train/pilot/pilot-660.jpg	train_dataset/normal/pilot/pilot-660.jpg
pilot	2f79e12398ca045c8a03bb5945fb6808cee8e9728164623f990ade9c190a8f23	datasets/IdenProf/idenprof/train/pilot/pilot-900.jpg	train_dataset/normal/pilot/pilot-900.jpg
pilot	2f845deec55324995a09523c4dc845264cc73197890ade921182d23979874928	datasets/IdenProf/idenprof/train/pilot/pilot-786.jpg	train_dataset/normal/pilot/pilot-786.jpg
pilot	2faba9cacc5b9b2d0536e7ed866f10d125721283ab277fea097336137adfd23e	datasets/IdenProf/idenprof/train/pilot/pilot-59.jpg	train_dataset/normal/pilot/pilot-59.jpg
pilot	3044d1b0af2c6f4582c674055351b3107c7bfc257c2600116a8158f8bdc897e3	datasets/IdenProf/idenprof/train/pilot/pilot-18.jpg	train_dataset/normal/pilot/pilot-18.jpg
pilot	305694525f3f0a654f139ac12d60e1b3fb429fe16518a4bbc8418c28a505e368	datasets/IdenProf/idenprof/train/pilot/pilot-123.jpg	train_dataset/normal/pilot/pilot-123.jpg
pilot	306c2c5bcb60254e509b04da1da2406883a424f2c3bd9744c9582cd9d276ef52	datasets/IdenProf/idenprof/train/pilot/pilot-399.jpg	train_dataset/normal/pilot/pilot-399.jpg
pilot	306d07c488d2499452c486249cd9d7240de722b0373fde5a717dd3f6e43fa629	datasets/IdenProf/idenprof/train/pilot/pilot-732.jpg	train_dataset/normal/pilot/pilot-732.jpg
pilot	30da994b02e811c5f45a14d8a1114d043c68610bee95642ffb8d1568619e2c11	datasets/IdenProf/idenprof/train/pilot/pilot-78.jpg	train_dataset/normal/pilot/pilot-78.jpg
pilot	311144e1de3446b2d26b58242c78b245973ac1a3f7bab8f8466f4bb7f5de6ab5	datasets/IdenProf/idenprof/train/pilot/pilot-860.jpg	train_dataset/normal/pilot/pilot-860.jpg
pilot	320a6b876b388a426ded4e9fdb24ee3ea6c42e7eff56d2a552aacdaf0940f0ff	datasets/IdenProf/idenprof/train/pilot/pilot-380.jpg	train_dataset/normal/pilot/pilot-380.jpg
pilot	32b5b7c12857ce40f0fbc523a5444ef62915386f8a9c34587ab93ab3ada89239	datasets/IdenProf/idenprof/train/pilot/pilot-428.jpg	train_dataset/normal/pilot/pilot-428.jpg
pilot	32cd43ef291198c80c3fee252264ba5ee067313da3108900188c201276a72c2b	datasets/IdenProf/idenprof/train/pilot/pilot-779.jpg	train_dataset/normal/pilot/pilot-779.jpg
pilot	333c333cc0e3187c3f15f726c1f361e2d793eabe5ba37e31563fdebfec87666b	datasets/IdenProf/idenprof/train/pilot/pilot-697.jpg	train_dataset/normal/pilot/pilot-697.jpg
pilot	33937ca2b313b3b8a3adb6c4c8f0919a9f6bc35abc2e9b25b7adf13121c03392	datasets/IdenProf/idenprof/train/pilot/pilot-817.jpg	train_dataset/normal/pilot/pilot-817.jpg
pilot	33db9ee1dd76de9d2eb57b511d3ac4817080b0fd0b9035c81a91a23025093059	datasets/IdenProf/idenprof/train/pilot/pilot-743.jpg	train_dataset/normal/pilot/pilot-743.jpg
pilot	344f13fe38cf50564025605d5ab93d7ab8963aba62172c875a0c0ccaccdedb01	datasets/IdenProf/idenprof/train/pilot/pilot-592.jpg	train_dataset/normal/pilot/pilot-592.jpg
pilot	35afa2a2446b398e9e553182fcab49ce88c319bcf9a3188d4130992b1e3c7bf3	datasets/IdenProf/idenprof/train/pilot/pilot-667.jpg	train_dataset/normal/pilot/pilot-667.jpg
pilot	35c0aca03ad0b50812bc8e6357f594733fe535172b9d41bf35c7b7dff1c2a492	datasets/IdenProf/idenprof/train/pilot/pilot-633.jpg	train_dataset/normal/pilot/pilot-633.jpg
pilot	35d6d5b89dcfb307b1a8236812dc60a1a5a00a67cb914db3d380593c215e61e9	datasets/IdenProf/idenprof/train/pilot/pilot-526.jpg	train_dataset/normal/pilot/pilot-526.jpg
pilot	367cd8124a7f55eee98f1e5bd5fe34f11ff25222b15492f30bcdcedc3b6445dc	datasets/IdenProf/idenprof/train/pilot/pilot-182.jpg	train_dataset/normal/pilot/pilot-182.jpg
pilot	3705333fe2ffe2bf689812ec91182f0350512a6508626b61f821d114a3f81358	datasets/IdenProf/idenprof/train/pilot/pilot-381.jpg	train_dataset/normal/pilot/pilot-381.jpg
pilot	37302aa988e29e669e64aa9778294fe0e7af18a671823e25a027cf52d0c35255	datasets/IdenProf/idenprof/train/pilot/pilot-41.jpg	train_dataset/normal/pilot/pilot-41.jpg
pilot	373acfcd9cd46ac59f5c09dc4348eddc71347b0fa1001d76d696edc84ac17786	datasets/IdenProf/idenprof/train/pilot/pilot-369.jpg	train_dataset/normal/pilot/pilot-369.jpg
pilot	385f084ad844456ef4b32bd25b88004ef6831c6e6bbf5c107d63021643b6b579	datasets/IdenProf/idenprof/train/pilot/pilot-835.jpg	train_dataset/normal/pilot/pilot-835.jpg
pilot	387fb2d8a8987e8de8da7056edf8760a3f58ade62694b7c67018e0d4b82e3a3c	datasets/IdenProf/idenprof/train/pilot/pilot-237.jpg	train_dataset/normal/pilot/pilot-237.jpg
pilot	38e16abde20939c8734b92db3371c8c0e9b1066e9db0469d7a475fb32261e4fd	datasets/IdenProf/idenprof/train/pilot/pilot-601.jpg	train_dataset/normal/pilot/pilot-601.jpg
pilot	38faf0083b6ced813bc29bf00b7a140ed9ab19c5301a7f6bb6669bd1b90c7311	datasets/IdenProf/idenprof/train/pilot/pilot-146.jpg	train_dataset/normal/pilot/pilot-146.jpg
pilot	394aa12ab0f1e38bd6f1ea7a9872fb86958cae17f4436f068fe89dd3bc79aca5	datasets/IdenProf/idenprof/train/pilot/pilot-269.jpg	train_dataset/normal/pilot/pilot-269.jpg
pilot	396ad847bd3a2cc73a6f30155c6fe24a970ac6dbab77c0504cc7c0a3bce80230	datasets/IdenProf/idenprof/train/pilot/pilot-898.jpg	train_dataset/normal/pilot/pilot-898.jpg
pilot	397f602bf351215efbaf822283e12faa7a3772c76e09ee56ee6b8b737753d59e	datasets/IdenProf/idenprof/train/pilot/pilot-166.jpg	train_dataset/normal/pilot/pilot-166.jpg
pilot	39f0d83de754d833d82b7118ee8c3a6fc87809df39e7b46d2e1a84364ca51b3b	datasets/IdenProf/idenprof/train/pilot/pilot-306.jpg	train_dataset/normal/pilot/pilot-306.jpg
pilot	39f65319ef3763790442c47599a5f339fc58d9bd24e46bdb5bc16b60dadfce5d	datasets/IdenProf/idenprof/train/pilot/pilot-267.jpg	train_dataset/normal/pilot/pilot-267.jpg
pilot	3a0f4e625d7d8b59949e6f66ed3c37fae721b6a262b441c80f9c9682f7b6b800	datasets/IdenProf/idenprof/train/pilot/pilot-879.jpg	train_dataset/normal/pilot/pilot-879.jpg
pilot	3a92bc9280801504d72f2b10c772468029dc93f8dde1af395d868c23eb0bd777	datasets/IdenProf/idenprof/train/pilot/pilot-294.jpg	train_dataset/normal/pilot/pilot-294.jpg
pilot	3ae8bb59a2c8b3c245ae4ba672a270d344d87ed3938e0d14b377c32a5d265be3	datasets/IdenProf/idenprof/train/pilot/pilot-368.jpg	train_dataset/normal/pilot/pilot-368.jpg
pilot	3b10aefb0f1b3e0dbb7160a4980a84e3bbada828b2e98caaa9923f7cc5fc85b9	datasets/IdenProf/idenprof/train/pilot/pilot-172.jpg	train_dataset/normal/pilot/pilot-172.jpg
pilot	3b1cef511097d03ce1773bef2af15d8d4ded1d706936155cab91216c80c4e259	datasets/IdenProf/idenprof/train/pilot/pilot-255.jpg	train_dataset/normal/pilot/pilot-255.jpg
pilot	3bbb9113cd799d92c372eb376c48d8ded2a80a893f9236a687a3fb09c09d4976	datasets/IdenProf/idenprof/train/pilot/pilot-569.jpg	train_dataset/normal/pilot/pilot-569.jpg
pilot	3d0f611aa72671845399fca1fead2e20eea376604a1013ddb42d72e0c3e8c291	datasets/IdenProf/idenprof/train/pilot/pilot-482.jpg	train_dataset/normal/pilot/pilot-482.jpg
pilot	3d2fb2206f2ef2eae5fae0fbe123ac147354b2616564b741ad0d60d45a703328	datasets/IdenProf/idenprof/train/pilot/pilot-781.jpg	train_dataset/normal/pilot/pilot-781.jpg
pilot	3d87e412999a8da2c85038dcd9a9639ec0870ce3a13525d6e4094a6b2c68a3bd	datasets/IdenProf/idenprof/train/pilot/pilot-894.jpg	train_dataset/normal/pilot/pilot-894.jpg
pilot	3df2506014eefc5e77ca1aaf12b7a00ef226a90d223e37fe833a5bc56c4c8233	datasets/IdenProf/idenprof/train/pilot/pilot-609.jpg	train_dataset/normal/pilot/pilot-609.jpg
pilot	3e7daf4ef89a5d35bbb8119ce5f69fad4bb5f16504cc52d142a0f97f8b58e6b9	datasets/IdenProf/idenprof/train/pilot/pilot-878.jpg	train_dataset/normal/pilot/pilot-878.jpg
pilot	3ed3f85adba6179af7fff35673bbb489eeba52464af343f7fa0625ac8cba32b3	datasets/IdenProf/idenprof/train/pilot/pilot-584.jpg	train_dataset/normal/pilot/pilot-584.jpg
pilot	3fbe0d1520272b936178a5bc8aa4a492fb05d5a2229622a2ffde85947812d2bd	datasets/IdenProf/idenprof/train/pilot/pilot-578.jpg	train_dataset/normal/pilot/pilot-578.jpg
pilot	3fc879d364444a7b862699879ca11c2b0440eccac85e5f623aefe4ca34a11b5c	datasets/IdenProf/idenprof/train/pilot/pilot-676.jpg	train_dataset/normal/pilot/pilot-676.jpg
pilot	40263cdfc5d838a53b320a06ecbf7043d132993fad478dc66186eaa0b1dfe648	datasets/IdenProf/idenprof/train/pilot/pilot-805.jpg	train_dataset/normal/pilot/pilot-805.jpg
pilot	4058fbb501afe8eb9ccb1195211db06f949ce71192ec4548c82256f51e3c2450	datasets/IdenProf/idenprof/train/pilot/pilot-828.jpg	train_dataset/normal/pilot/pilot-828.jpg
pilot	4067684b731ebb5e2c0303cd2bd1a14c1e6e9897a426bb127adab3bb56959587	datasets/IdenProf/idenprof/train/pilot/pilot-636.jpg	train_dataset/normal/pilot/pilot-636.jpg
pilot	40a759977670983015357ea4af98f3b4d9ceb248fc781cc0a44a2a8a36995c5f	datasets/IdenProf/idenprof/train/pilot/pilot-351.jpg	train_dataset/normal/pilot/pilot-351.jpg
pilot	41ee6348f48af67482c6446f78f2e063a129426faecf78d6d54e731c987ebd4d	datasets/IdenProf/idenprof/train/pilot/pilot-212.jpg	train_dataset/normal/pilot/pilot-212.jpg
pilot	41f616acad508a9a18b1abc5c52f5b2050fbbd40034f7482c11bdd86af6f5cef	datasets/IdenProf/idenprof/train/pilot/pilot-337.jpg	train_dataset/normal/pilot/pilot-337.jpg
pilot	420accad2968715d66e578f45ba73f0fabfbaa455ea8418610a4c2caa2be7cbe	datasets/IdenProf/idenprof/train/pilot/pilot-325.jpg	train_dataset/normal/pilot/pilot-325.jpg
pilot	42116acf6b3b6c1db782ee4960b3062c2d257cea894ce1d40b8b4d2e87d665f8	datasets/IdenProf/idenprof/train/pilot/pilot-696.jpg	train_dataset/normal/pilot/pilot-696.jpg
pilot	42c31474f2847e28e6488766d28ba6944094b6eaf2f9d0db5b3e1f542cb8e16f	datasets/IdenProf/idenprof/train/pilot/pilot-329.jpg	train_dataset/normal/pilot/pilot-329.jpg
pilot	42fdf37146fa94d1f1a7cd8cc185e991b03d58483f5449f4768d605432fbe73b	datasets/IdenProf/idenprof/train/pilot/pilot-362.jpg	train_dataset/normal/pilot/pilot-362.jpg
pilot	43ba2af267c09b44b90fd88753ac6a05db0477e930f9b971eaca58bd5670ba2b	datasets/IdenProf/idenprof/train/pilot/pilot-733.jpg	train_dataset/normal/pilot/pilot-733.jpg
pilot	43e54fecfbb3b8ac0b21339de33fb46d8c5536b0026d02561e62797a8c050081	datasets/IdenProf/idenprof/train/pilot/pilot-603.jpg	train_dataset/normal/pilot/pilot-603.jpg
pilot	442f9458b3eadca44e47844e6521932b8275487cb7bcffe83432ac8f14a3a4db	datasets/IdenProf/idenprof/train/pilot/pilot-657.jpg	train_dataset/normal/pilot/pilot-657.jpg
pilot	44b523e15571871263e5a1e054dfc41d485b2a3ee3070f86fc7c720cfe4ac2aa	datasets/IdenProf/idenprof/train/pilot/pilot-503.jpg	train_dataset/normal/pilot/pilot-503.jpg
pilot	44d05ac990f2fcafcfbed7fe1c94ea02d5211dc7d21d668ff43cec7fda66e429	datasets/IdenProf/idenprof/train/pilot/pilot-74.jpg	train_dataset/normal/pilot/pilot-74.jpg
pilot	4501f59e55c85db21d0e96b85d97cf626bf729f40ace15fe89fa71af30897c5d	datasets/IdenProf/idenprof/train/pilot/pilot-253.jpg	train_dataset/normal/pilot/pilot-253.jpg
pilot	4624403b05e5e60e15ae7c49301a24aac8d5028f0efdfc28668dad98bf4c4d48	datasets/IdenProf/idenprof/train/pilot/pilot-798.jpg	train_dataset/normal/pilot/pilot-798.jpg
pilot	47295633ddd3363a7f6940696333f884d99f26f8da196613b040e1dbfb5d1ef7	datasets/IdenProf/idenprof/train/pilot/pilot-240.jpg	train_dataset/normal/pilot/pilot-240.jpg
pilot	47bebf330cdad9083522d84321bed0c03f0721622a95aacdd2907aa7cb1487df	datasets/IdenProf/idenprof/train/pilot/pilot-248.jpg	train_dataset/normal/pilot/pilot-248.jpg
pilot	47cb0134ab99fd65c6218121aaeab8390256da014eb2601390c2d301407bd538	datasets/IdenProf/idenprof/train/pilot/pilot-866.jpg	train_dataset/normal/pilot/pilot-866.jpg
pilot	48108a1f2db543dd2c0e13a03e9f627e2e98cd89a44e3bdfeda0d5b3897a4c17	datasets/IdenProf/idenprof/train/pilot/pilot-213.jpg	train_dataset/normal/pilot/pilot-213.jpg
pilot	482cd9b06f4b6046560a1dd7e350d87782534cad7fdc277589a78b9e6ec5658f	datasets/IdenProf/idenprof/train/pilot/pilot-880.jpg	train_dataset/normal/pilot/pilot-880.jpg
pilot	4831cb70921e22b8f58ef6a65b3b2342aad370ba8be9fda21e6105e040ac6afe	datasets/IdenProf/idenprof/train/pilot/pilot-754.jpg	train_dataset/normal/pilot/pilot-754.jpg
pilot	48a3d6257cb53e6d6655ba4631ad052edc5cb850f0e65f8f4f91913c87174128	datasets/IdenProf/idenprof/train/pilot/pilot-876.jpg	train_dataset/normal/pilot/pilot-876.jpg
pilot	48d9596f5ab55d7be1c2c897f399818336cd49b18083a9d586b90d3e4af8ed67	datasets/IdenProf/idenprof/train/pilot/pilot-225.jpg	train_dataset/normal/pilot/pilot-225.jpg
pilot	49296c449a179740cce200e6e5b29d5ffdb9ca246253dd80261217aa61b626d5	datasets/IdenProf/idenprof/train/pilot/pilot-794.jpg	train_dataset/normal/pilot/pilot-794.jpg
pilot	4938e64865cb01e91c9aeab96d6769041338df0b30f76fb1209e1de90a3dab02	datasets/IdenProf/idenprof/train/pilot/pilot-372.jpg	train_dataset/normal/pilot/pilot-372.jpg
pilot	49716e43197cc20ee5251e0a425d3f62e21b7cd8b43aa65455a3bacbb08c012d	datasets/IdenProf/idenprof/train/pilot/pilot-685.jpg	train_dataset/normal/pilot/pilot-685.jpg
pilot	49d36a7116197be06cf0e31c418338879b5107bc989dc88b0957a1f7071de84e	datasets/IdenProf/idenprof/train/pilot/pilot-583.jpg	train_dataset/normal/pilot/pilot-583.jpg
pilot	4a39b184e0bf7ab89cea96c73dde968ab8ab7fafb25188e200d4f34814e9a7ab	datasets/IdenProf/idenprof/train/pilot/pilot-189.jpg	train_dataset/normal/pilot/pilot-189.jpg
pilot	4b620b786004654916a537001d9588a21156fe927f940b384f05bd341fdef5ba	datasets/IdenProf/idenprof/train/pilot/pilot-562.jpg	train_dataset/normal/pilot/pilot-562.jpg
pilot	4b6833875a3406bfeff219c2a17c42077044b64114e8de02900c4c43cd874dca	datasets/IdenProf/idenprof/train/pilot/pilot-631.jpg	train_dataset/normal/pilot/pilot-631.jpg
pilot	4b6b0eb4683b6d1a4ca49d4cb6485211f04fcb5cf67980d86dc0d752ce48aa4a	datasets/IdenProf/idenprof/train/pilot/pilot-244.jpg	train_dataset/normal/pilot/pilot-244.jpg
pilot	4b8deffc615d8dc9bd29bd0ce1f0ed247ec2945b533ab5709b4b8007e015b57f	datasets/IdenProf/idenprof/train/pilot/pilot-775.jpg	train_dataset/normal/pilot/pilot-775.jpg
pilot	4baf98bb7adfd1aba46fa594728dc7db7baffc7cf2507653a73ed4d2d8baa050	datasets/IdenProf/idenprof/train/pilot/pilot-626.jpg	train_dataset/normal/pilot/pilot-626.jpg
pilot	4c0357882f4b8ec3a35a39c2dcb1d8ec85341e1dec1e69f414046e60b49c0362	datasets/IdenProf/idenprof/train/pilot/pilot-46.jpg	train_dataset/normal/pilot/pilot-46.jpg
pilot	4ccd5004cfdd55c0e9c957640a30066f6a6e30d2d8db402dc8f4452326d9c029	datasets/IdenProf/idenprof/train/pilot/pilot-111.jpg	train_dataset/normal/pilot/pilot-111.jpg
pilot	4d3dc260c9f3b43ce2201416a8e28ba204d2bc0ffbe598456158c440bbcc1614	datasets/IdenProf/idenprof/train/pilot/pilot-761.jpg	train_dataset/normal/pilot/pilot-761.jpg
pilot	4d591e475ff76f682609a24ef27167cd22f36731e425ef164bd9a747ad1c4729	datasets/IdenProf/idenprof/train/pilot/pilot-855.jpg	train_dataset/normal/pilot/pilot-855.jpg
pilot	4dccc877af46c52f11a31926b43fd93d2ab5b9b6a1bd63717f6ec4e5ce153952	datasets/IdenProf/idenprof/train/pilot/pilot-20.jpg	train_dataset/normal/pilot/pilot-20.jpg
pilot	4e4de6ff602a904570954351854d48152b79f0a3dafe860fb15316bf283d3d7e	datasets/IdenProf/idenprof/train/pilot/pilot-174.jpg	train_dataset/normal/pilot/pilot-174.jpg
pilot	4e770c82c3e8fb22e0d1bc25a1b5f2912e302fdd2fd8d67892539441224c380b	datasets/IdenProf/idenprof/train/pilot/pilot-472.jpg	train_dataset/normal/pilot/pilot-472.jpg
pilot	4e878c44a4450ab02de018ebfde4c68830feb77593e8d591b532675419d05566	datasets/IdenProf/idenprof/train/pilot/pilot-322.jpg	train_dataset/normal/pilot/pilot-322.jpg
pilot	4e96eeca0549bfb79f2c9d4e8603bf40ac819989c07d635a5a3a8c0bf641270a	datasets/IdenProf/idenprof/train/pilot/pilot-243.jpg	train_dataset/normal/pilot/pilot-243.jpg
pilot	4eb1f4aecfcd7707b0bd1053dfafeb38abd13a1faa6bc3c3006b5d2fd7b6de7a	datasets/IdenProf/idenprof/train/pilot/pilot-250.jpg	train_dataset/normal/pilot/pilot-250.jpg
pilot	4f001c4ff89703bb8503d227395958abaa24ac4ef05fd3d913a5bd5794567c0b	datasets/IdenProf/idenprof/train/pilot/pilot-289.jpg	train_dataset/normal/pilot/pilot-289.jpg
pilot	4f0229ab669554bff714fc7abc3a5d9997bab5485c22e9d6ef868c68b57f4a8f	datasets/IdenProf/idenprof/train/pilot/pilot-561.jpg	train_dataset/normal/pilot/pilot-561.jpg
pilot	4f2e5e60f30962d974fe645e4c28bbc8e0c9ff7cbd6b05f5b08f758ec1a03019	datasets/IdenProf/idenprof/train/pilot/pilot-55.jpg	train_dataset/normal/pilot/pilot-55.jpg
pilot	4fa7b5baf81ea25ee9aba52e01f1bf11a78f7ea9c0513a7b4392bf5f6f04cbff	datasets/IdenProf/idenprof/train/pilot/pilot-498.jpg	train_dataset/normal/pilot/pilot-498.jpg
pilot	4fc0c7b202860f77f468174d73e6ccac6b1d330c8b30eb28459f14bec2137c0f	datasets/IdenProf/idenprof/train/pilot/pilot-73.jpg	train_dataset/normal/pilot/pilot-73.jpg
pilot	501ed40c87985fb4bd35018e43cab4f8f19686c966026215b9abdd69fc39bc4f	datasets/IdenProf/idenprof/train/pilot/pilot-431.jpg	train_dataset/normal/pilot/pilot-431.jpg
pilot	50410908c5e54f9f75c068823ee5c881314db60d79a267180e4662e6ac34c02c	datasets/IdenProf/idenprof/train/pilot/pilot-256.jpg	train_dataset/normal/pilot/pilot-256.jpg
pilot	5094f8a97b54391a5d2102e3fd77b5eb6d6362574f75d082cf136ebdcf454f64	datasets/IdenProf/idenprof/train/pilot/pilot-802.jpg	train_dataset/normal/pilot/pilot-802.jpg
pilot	51011aa88869f4e168ecb5ebf3749afea155fb3509bd7b79c7a8200a3c8f3a89	datasets/IdenProf/idenprof/train/pilot/pilot-84.jpg	train_dataset/normal/pilot/pilot-84.jpg
pilot	512b6771cb97e9f810ed17ed289024d87fc06b9ea934f63d4f290bf946673870	datasets/IdenProf/idenprof/train/pilot/pilot-528.jpg	train_dataset/normal/pilot/pilot-528.jpg
pilot	513474473a3048e39b7ef091bda4727cfa259d7c069d53164437af4963bd4fb0	datasets/IdenProf/idenprof/train/pilot/pilot-673.jpg	train_dataset/normal/pilot/pilot-673.jpg
pilot	51b36db2bc5006272a91b2b08b4e70fd5f7d878e6facb9d4307a48bd7ccb1dc3	datasets/IdenProf/idenprof/train/pilot/pilot-69.jpg	train_dataset/normal/pilot/pilot-69.jpg
pilot	51b7307b63cc725db94a34aed840aa6223c3a58340abaefd36cb0c281157f024	datasets/IdenProf/idenprof/train/pilot/pilot-470.jpg	train_dataset/normal/pilot/pilot-470.jpg
pilot	51eef94f3d0cbbd4d2ae29dcf55020e9683dd5a569d37414666039502f8dc902	datasets/IdenProf/idenprof/train/pilot/pilot-502.jpg	train_dataset/normal/pilot/pilot-502.jpg
pilot	528dd0ca7a23fc0860ed98492eeab8ae757d3b0bdd3b8dad32e5eadeab4e36e3	datasets/IdenProf/idenprof/train/pilot/pilot-3.jpg	train_dataset/normal/pilot/pilot-3.jpg
pilot	5340d94cb2fe1fa0e7d1f738aba8c7efd6786884dbb662e3981770c86e6405d1	datasets/IdenProf/idenprof/train/pilot/pilot-678.jpg	train_dataset/normal/pilot/pilot-678.jpg
pilot	534d0511a229c38f4364c96d064aa232636859e98dc8d2feda83fc860873e292	datasets/IdenProf/idenprof/train/pilot/pilot-862.jpg	train_dataset/normal/pilot/pilot-862.jpg
pilot	53dfa4ddd764d408fe09ded2b4def033103c31cbfa3a3a5a727c84ba4c6cd71d	datasets/IdenProf/idenprof/train/pilot/pilot-382.jpg	train_dataset/normal/pilot/pilot-382.jpg
pilot	53e7081ab81793d4f06ae912b5ee3132f65e8f067b429c4416aef97f5b6d419e	datasets/IdenProf/idenprof/train/pilot/pilot-671.jpg	train_dataset/normal/pilot/pilot-671.jpg
pilot	540f218e0dc4b9eb338912dc02341bf5e27599246f504c71a552ab1710b26ea3	datasets/IdenProf/idenprof/train/pilot/pilot-309.jpg	train_dataset/normal/pilot/pilot-309.jpg
pilot	5455ca24a68b871e267ad2a9c83d2486bb22f40c491c82e50dd7898f1586dac4	datasets/IdenProf/idenprof/train/pilot/pilot-72.jpg	train_dataset/normal/pilot/pilot-72.jpg
pilot	54b34edfb04636e9b8ba47206d92114b5ac39d694de38bf3272f31d155bd5684	datasets/IdenProf/idenprof/train/pilot/pilot-726.jpg	train_dataset/normal/pilot/pilot-726.jpg
pilot	54d3474c962496de99d7b321e41d0b054e4eb842495d61505539df7f729a3053	datasets/IdenProf/idenprof/train/pilot/pilot-837.jpg	train_dataset/normal/pilot/pilot-837.jpg
pilot	54f0bbcf01a47e40d84a8b8ac0e4721643f7e65d98243efd73c97822ef3001d3	datasets/IdenProf/idenprof/train/pilot/pilot-518.jpg	train_dataset/normal/pilot/pilot-518.jpg
pilot	55694f25851ea49ed4116ea6078df22dc767dcc4de621fd62d7f2492a75b4bf5	datasets/IdenProf/idenprof/train/pilot/pilot-840.jpg	train_dataset/normal/pilot/pilot-840.jpg
pilot	556ff1fa30a86bdec736c64b0a9fc54b321ff0f499c1517e9f83e948db7f225b	datasets/IdenProf/idenprof/train/pilot/pilot-319.jpg	train_dataset/normal/pilot/pilot-319.jpg
pilot	5590b88434886b5303d1ba08e9c951079aa7596b0d4ccd8102da5b4b5c1e8a95	datasets/IdenProf/idenprof/train/pilot/pilot-130.jpg	train_dataset/normal/pilot/pilot-130.jpg
pilot	55c5b8f40a6522151272c43c2819bb51f055a701c74049a0a2d1115e15423ba6	datasets/IdenProf/idenprof/train/pilot/pilot-884.jpg	train_dataset/normal/pilot/pilot-884.jpg
pilot	55c678ea6e11f172b57d73e14ec72f41be7d6e51b4e4ef71a93f100bb8777e27	datasets/IdenProf/idenprof/train/pilot/pilot-881.jpg	train_dataset/normal/pilot/pilot-881.jpg
pilot	55ef7db40e15748dae8041b132513bb5c770cd4f3414dedb24608b173223a165	datasets/IdenProf/idenprof/train/pilot/pilot-725.jpg	train_dataset/normal/pilot/pilot-725.jpg
pilot	561546947185d17a1492cadde9bf4b14c8d3f7b3dfe02a18eb1aeb1e35969e58	datasets/IdenProf/idenprof/train/pilot/pilot-112.jpg	train_dataset/normal/pilot/pilot-112.jpg
pilot	5621d28c14ac6073b944396e796352c4f7280e52a64dd43029650eb023cb667c	datasets/IdenProf/idenprof/train/pilot/pilot-251.jpg	train_dataset/normal/pilot/pilot-251.jpg
pilot	566fb6a6492b1606103f5bf27576be872d7eef95d0db3a4500903ae2af53ca9e	datasets/IdenProf/idenprof/train/pilot/pilot-568.jpg	train_dataset/normal/pilot/pilot-568.jpg
pilot	56b7579c0e7943d76cbb2ee1d77f409da5a10ba58f9f40808a883855e86a3ecf	datasets/IdenProf/idenprof/train/pilot/pilot-150.jpg	train_dataset/normal/pilot/pilot-150.jpg
pilot	56cebfffaa440e91cd5aa8baf45bc5543c015deae48359cab7aa6d7dd1970063	datasets/IdenProf/idenprof/train/pilot/pilot-742.jpg	train_dataset/normal/pilot/pilot-742.jpg
pilot	571bca48df5a9d530a6b38e7f40357dd06351e5015d9b527eed426314f077e30	datasets/IdenProf/idenprof/train/pilot/pilot-800.jpg	train_dataset/normal/pilot/pilot-800.jpg
pilot	57696ad55df5fc2d324c08111518ef576ffef6698afdd3fcd340349bb466befd	datasets/IdenProf/idenprof/train/pilot/pilot-539.jpg	train_dataset/normal/pilot/pilot-539.jpg
pilot	58512bd66165a9db753f8d385f02067dc49ec38cc59e1bb7c54c2740bf967830	datasets/IdenProf/idenprof/train/pilot/pilot-820.jpg	train_dataset/normal/pilot/pilot-820.jpg
pilot	58521d33ff0f148912a1991d9dea314703d2c4600e7c56cf20666fb7f3afbe16	datasets/IdenProf/idenprof/train/pilot/pilot-386.jpg	train_dataset/normal/pilot/pilot-386.jpg
pilot	58a49a67bbfec1687a0ad2855efa13dda9d803aa031a9c065d68144fd9ba0455	datasets/IdenProf/idenprof/train/pilot/pilot-426.jpg	train_dataset/normal/pilot/pilot-426.jpg
pilot	58ca1ce9432fb7494b5e82459893645fec01264c346df10ef9a94fd0e5c01a25	datasets/IdenProf/idenprof/train/pilot/pilot-834.jpg	train_dataset/normal/pilot/pilot-834.jpg
pilot	595f95ab49908e12c6315045584b42ec43e08495f0d06e999859e50c047a141e	datasets/IdenProf/idenprof/train/pilot/pilot-241.jpg	train_dataset/normal/pilot/pilot-241.jpg
pilot	597812c1b11cbf215cd7e63f2238629231c6ca9fcbf79667f40716432d8c937a	datasets/IdenProf/idenprof/train/pilot/pilot-54.jpg	train_dataset/normal/pilot/pilot-54.jpg
pilot	598024adeb7a31f4832767f0f7c549cf24de89ee449e6bc69654a739cc66b2e0	datasets/IdenProf/idenprof/train/pilot/pilot-483.jpg	train_dataset/normal/pilot/pilot-483.jpg
pilot	598370acf4e5a197a1091c28488a4202d7ed7daa7d826f14445d879891a845bb	datasets/IdenProf/idenprof/train/pilot/pilot-16.jpg	train_dataset/normal/pilot/pilot-16.jpg
pilot	59a2b9b90dbd2919a86c7b27f6b3b73b82c52ef0b77e41f49df51fa980ee7922	datasets/IdenProf/idenprof/train/pilot/pilot-352.jpg	train_dataset/normal/pilot/pilot-352.jpg
pilot	59c6fcbd03eb3302248ffc9e29f2cd75fa8a3fcd7579f3392ecdaed616651a85	datasets/IdenProf/idenprof/train/pilot/pilot-891.jpg	train_dataset/normal/pilot/pilot-891.jpg
pilot	5a0d0c420a90a53e064b22812c8b46a46cd5c26bd393c987ef2967dcd35bc4fc	datasets/IdenProf/idenprof/train/pilot/pilot-787.jpg	train_dataset/normal/pilot/pilot-787.jpg
pilot	5a7013c864813981e680f78f187eb8e057e812cfd4000ab385bb49ad75a562fb	datasets/IdenProf/idenprof/train/pilot/pilot-859.jpg	train_dataset/normal/pilot/pilot-859.jpg
pilot	5a91795a0ff056b0a875d368ff58509809a80dcf607d71cb1fbc5dd155af741c	datasets/IdenProf/idenprof/train/pilot/pilot-80.jpg	train_dataset/normal/pilot/pilot-80.jpg
pilot	5ab52e41ea421fbe960d8d93dddf3e4c7ce14640eb623bf54084332f227ede75	datasets/IdenProf/idenprof/train/pilot/pilot-491.jpg	train_dataset/normal/pilot/pilot-491.jpg
pilot	5b49d4afd765f2443c4222cdc374e7da40576133f109efdc059f4a0469af7a8d	datasets/IdenProf/idenprof/train/pilot/pilot-515.jpg	train_dataset/normal/pilot/pilot-515.jpg
pilot	5b550488ad5515104de77a59e27e3253c2e03be3c81e955458b653f7dfa9a237	datasets/IdenProf/idenprof/train/pilot/pilot-480.jpg	train_dataset/normal/pilot/pilot-480.jpg
pilot	5bbd6bff585faf6b80cf45b0104b2fc3cb57fa28ca94e9f718a2bb8a717d9bc4	datasets/IdenProf/idenprof/train/pilot/pilot-811.jpg	train_dataset/normal/pilot/pilot-811.jpg
pilot	5bc4598011a43e48faf8a0d3ed875570d7eb0a078a9c1c25e78ea05e6a4dee51	datasets/IdenProf/idenprof/train/pilot/pilot-298.jpg	train_dataset/normal/pilot/pilot-298.jpg
pilot	5c4c30e900fd5aa6cf934aeb05394a0285cbbd255952691e0318eee69ef5fc12	datasets/IdenProf/idenprof/train/pilot/pilot-400.jpg	train_dataset/normal/pilot/pilot-400.jpg
pilot	5d29d5f4558b27d2eda848ae0c4e7585d331ff25f87e69203cd2a3e40a21f289	datasets/IdenProf/idenprof/train/pilot/pilot-897.jpg	train_dataset/normal/pilot/pilot-897.jpg
pilot	5d2cd7a57c9fab37c76d125d9f5263eda24c0f6d86295568d642aabd142833c0	datasets/IdenProf/idenprof/train/pilot/pilot-307.jpg	train_dataset/normal/pilot/pilot-307.jpg
pilot	5dc482d18010cceba268be20945976fe18753ced005d536b541452397ff75a5e	datasets/IdenProf/idenprof/train/pilot/pilot-692.jpg	train_dataset/normal/pilot/pilot-692.jpg
pilot	5eacb356a8b58839b31e0e92beded0a50fd803dd4b571042763dadada7a9e2d3	datasets/IdenProf/idenprof/train/pilot/pilot-774.jpg	train_dataset/normal/pilot/pilot-774.jpg
pilot	5ecb1bf374045a461824fe7d03d0530b2ba4d79dc962daed6593f4bda6ca8759	datasets/IdenProf/idenprof/train/pilot/pilot-833.jpg	train_dataset/normal/pilot/pilot-833.jpg
pilot	5f00a45bb919bb7aeb03aa04ae372c6e29e34d8de753882a29d7f7c46548eecb	datasets/IdenProf/idenprof/train/pilot/pilot-169.jpg	train_dataset/normal/pilot/pilot-169.jpg
pilot	5fa41418bdb385ba90be6ca5636f7adba9b442c0a9593f5f90621f36a400820b	datasets/IdenProf/idenprof/train/pilot/pilot-788.jpg	train_dataset/normal/pilot/pilot-788.jpg
pilot	5fc9acc82cf181ded621782ad80228bf78fd4fbc14ddcae4c49615d4197c298d	datasets/IdenProf/idenprof/train/pilot/pilot-411.jpg	train_dataset/normal/pilot/pilot-411.jpg
pilot	609a70f17d197a302fdb287c550ad34a94d12ef4e2e6bcd5cde1e5f1a7af0e3f	datasets/IdenProf/idenprof/train/pilot/pilot-349.jpg	train_dataset/normal/pilot/pilot-349.jpg
pilot	611daaccfc724ec471d093b61e17e739a38e25301b3d650cb5a12d0b1e885a6f	datasets/IdenProf/idenprof/train/pilot/pilot-181.jpg	train_dataset/normal/pilot/pilot-181.jpg
pilot	6133d0fca8f71f6d9f65ef46287e292f7ee7491221aa836c4a4acc54741472a9	datasets/IdenProf/idenprof/train/pilot/pilot-419.jpg	train_dataset/normal/pilot/pilot-419.jpg
pilot	614008869d1c75af8b4831000fdd78d3929f48f0154037e251dc4d4be9f79959	datasets/IdenProf/idenprof/train/pilot/pilot-877.jpg	train_dataset/normal/pilot/pilot-877.jpg
pilot	6178d08b8576c0fd1bdea82be9be99f04dca1915f9f7c18232a740f819c7894f	datasets/IdenProf/idenprof/train/pilot/pilot-661.jpg	train_dataset/normal/pilot/pilot-661.jpg
pilot	62015b9855bbb9c15f29faed2b0f6e0ac8c59e7ffcfc0490ce3462463fa510f1	datasets/IdenProf/idenprof/train/pilot/pilot-311.jpg	train_dataset/normal/pilot/pilot-311.jpg
pilot	62c9703f7fb5bd87c06bf27da667b279bf8e8f01458a4bb0d687d54d2b53973f	datasets/IdenProf/idenprof/train/pilot/pilot-619.jpg	train_dataset/normal/pilot/pilot-619.jpg
pilot	62e6424a9447233fcda5d627767cc84fe0841df241ce7121abde5148c81419a2	datasets/IdenProf/idenprof/train/pilot/pilot-858.jpg	train_dataset/normal/pilot/pilot-858.jpg
pilot	63126b6dfbadde5afd29b4cc41191773dcb146b809e11f387f07c9cc8613a741	datasets/IdenProf/idenprof/train/pilot/pilot-548.jpg	train_dataset/normal/pilot/pilot-548.jpg
pilot	6332bd17933e52e4f019e4d103316edda7abe26ec2d0a7cd691408e470440e48	datasets/IdenProf/idenprof/train/pilot/pilot-348.jpg	train_dataset/normal/pilot/pilot-348.jpg
pilot	63411392e59f4c3764169947a2b0f71b1c014393856bfedc8b3ad22965206652	datasets/IdenProf/idenprof/train/pilot/pilot-446.jpg	train_dataset/normal/pilot/pilot-446.jpg
pilot	6359d1df9166fe4347c2d3bde54afa72609677b1f9e0581706c16979be843533	datasets/IdenProf/idenprof/train/pilot/pilot-188.jpg	train_dataset/normal/pilot/pilot-188.jpg
police	00706ef77e93fb4bdffaa1ccd66867fb06fcc7f612983c59e042fa7d70a2061d	datasets/IdenProf/idenprof/train/police/police-547.jpg	train_dataset/normal/police/police-547.jpg
police	009128a3f9fed790a57c5602f7e412a69bf86d57d2677cc77d2852e3cd8e5f7c	datasets/IdenProf/idenprof/train/police/police-651.jpg	train_dataset/normal/police/police-651.jpg
police	00d2de02445bc17fc8df7dc26a5cb4a722da524c5a1d88d1f10b895a16faaf45	datasets/IdenProf/idenprof/train/police/police-538.jpg	train_dataset/normal/police/police-538.jpg
police	00f24db76e8aecba0c1e5b83cf0df8e7d4960c21bd57189eb3cee5e1a5d51fc5	datasets/IdenProf/idenprof/train/police/police-91.jpg	train_dataset/normal/police/police-91.jpg
police	0151118425a7a836e17acb392fcbd27394cd011d4a43cef4c55b4dd507b51fe2	datasets/IdenProf/idenprof/train/police/police-899.jpg	train_dataset/normal/police/police-899.jpg
police	018c52f07eb23a2b0edd884d166d2ecdf0a0d51dd2b9e8da93616d2bd14ff8ee	datasets/IdenProf/idenprof/train/police/police-174.jpg	train_dataset/normal/police/police-174.jpg
police	024c72872ec50b4e3e4a6ed0752112fa03774c482ff7a95fd4225d53e4773f6f	datasets/IdenProf/idenprof/train/police/police-488.jpg	train_dataset/normal/police/police-488.jpg
police	02c910c1cc8dbeb0644680b2415501eab525d47c8b395fd1db4f9046983a8fef	datasets/IdenProf/idenprof/train/police/police-433.jpg	train_dataset/normal/police/police-433.jpg
police	0332377de36f892051ab2e4ab3456e86d6f2d6e71627877fe977796c8c78cad3	datasets/IdenProf/idenprof/train/police/police-791.jpg	train_dataset/normal/police/police-791.jpg
police	03e7d9e9adcf40297033c72ce011a12934811234b4b4c2a17b4d7f4e74e27ada	datasets/IdenProf/idenprof/train/police/police-663.jpg	train_dataset/normal/police/police-663.jpg
police	0425e9d9d9b128cbbc3fb0e85a95f269b75dbbd3c6d7cb4d17cab7480344648b	datasets/IdenProf/idenprof/train/police/police-610.jpg	train_dataset/normal/police/police-610.jpg
police	042c8775281b15db3445b6e2babe92eef53474193361c99eaa99282b2ca55855	datasets/IdenProf/idenprof/train/police/police-219.jpg	train_dataset/normal/police/police-219.jpg
police	04543e9befeabe97e71408f0b924f71fa87218ea02440b5e44cbdb18c137b140	datasets/IdenProf/idenprof/train/police/police-848.jpg	train_dataset/normal/police/police-848.jpg
police	059c841d19af9cbffec88d045b590fcf174321bbb8db887c5f29fffbb6bb73fe	datasets/IdenProf/idenprof/train/police/police-670.jpg	train_dataset/normal/police/police-670.jpg
police	06247b869015e0e335f97b8fc4437ac9a2bf88b8c3cda356046d06106e843c1f	datasets/IdenProf/idenprof/train/police/police-101.jpg	train_dataset/normal/police/police-101.jpg
police	06ae8043df71851e27d6d3f993781beee02b758de69192c159b60f2435d0d7d9	datasets/IdenProf/idenprof/train/police/police-503.jpg	train_dataset/normal/police/police-503.jpg
police	06c778f58ea1b37679f1bd2e97475546b60ece0f923d361b2334119e1c49edb2	datasets/IdenProf/idenprof/train/police/police-890.jpg	train_dataset/normal/police/police-890.jpg
police	06ebd950d8faa15b5df902d6e050d25b4dbd4bd6d4afe6491f8ed1e5cb395d10	datasets/IdenProf/idenprof/train/police/police-469.jpg	train_dataset/normal/police/police-469.jpg
police	0719492e84ac9e56bb5f9e46640de5fad746877aeb3f3b61f5d6c5e74a589a84	datasets/IdenProf/idenprof/train/police/police-435.jpg	train_dataset/normal/police/police-435.jpg
police	074b07bf4636b33a8cbf1e550cfa3f1ca8785cdd40dcbbc4a2b90ae033069510	datasets/IdenProf/idenprof/train/police/police-504.jpg	train_dataset/normal/police/police-504.jpg
police	077e51ffae573d9943b7a23ccba9053234410c8bbda7473c0f52b8836d0d476f	datasets/IdenProf/idenprof/train/police/police-373.jpg	train_dataset/normal/police/police-373.jpg
police	07c40dacdc9375166ba1934f689e64531419052d6f6b37e49aede0e2458e675c	datasets/IdenProf/idenprof/train/police/police-70.jpg	train_dataset/normal/police/police-70.jpg
police	07e4ca339de3146a7b25ac478af5da058a80c7901907b1e2d607d04c238147d3	datasets/IdenProf/idenprof/train/police/police-545.jpg	train_dataset/normal/police/police-545.jpg
police	0819d4f10ada4ac4b68e08e4628a6b966cdf8ac3b16fce863b6d2030d0e13915	datasets/IdenProf/idenprof/train/police/police-415.jpg	train_dataset/normal/police/police-415.jpg
police	082750d59af06740b3c0fd9c82c6513486d09d2db824e65c725fbfa060d10b3a	datasets/IdenProf/idenprof/train/police/police-195.jpg	train_dataset/normal/police/police-195.jpg
police	083609123345cf2b4db4ed89409865ec61c5e4b68a1cc27e9d895b77d83dc118	datasets/IdenProf/idenprof/train/police/police-533.jpg	train_dataset/normal/police/police-533.jpg
police	0893e3997003a2cb15a33f3c911f916e77c3e52eb63b6ef6281c105a338296f6	datasets/IdenProf/idenprof/train/police/police-226.jpg	train_dataset/normal/police/police-226.jpg
police	0896b42c9ee23ae3adb6ef7ade09f8b9fdab6f741c7273e54cfbb962ea835a2e	datasets/IdenProf/idenprof/train/police/police-95.jpg	train_dataset/normal/police/police-95.jpg
police	089b15e96e20a0110c5f4b793895d22f935518ee5963e4d1a27719249d10555a	datasets/IdenProf/idenprof/train/police/police-861.jpg	train_dataset/normal/police/police-861.jpg
police	08ea84943a340c3a3049c3e81d5e724d288d53ee163291d3a295bb874a9e6f5f	datasets/IdenProf/idenprof/train/police/police-643.jpg	train_dataset/normal/police/police-643.jpg
police	08ee022696271588631ba7ffb9f38a41494daafd77e0106f76c0d509ea175e95	datasets/IdenProf/idenprof/train/police/police-185.jpg	train_dataset/normal/police/police-185.jpg
police	091d7ede5682e9686a5822e3128eaa69b5915b3398fb30adda8570d442956861	datasets/IdenProf/idenprof/train/police/police-804.jpg	train_dataset/normal/police/police-804.jpg
police	0a05f7d5bfd36658affbad4db242cd90994e45e3dcd806979315a7c3381f8383	datasets/IdenProf/idenprof/train/police/police-6.jpg	train_dataset/normal/police/police-6.jpg
police	0a61370df9716c0edf28a7e2607cdd396ce4e4777cbf6f238ca5db7bc3eba27d	datasets/IdenProf/idenprof/train/police/police-866.jpg	train_dataset/normal/police/police-866.jpg
police	0a706787575d136c4f669698455070a8b616f6b0b72548310fca85c218d49af8	datasets/IdenProf/idenprof/train/police/police-305.jpg	train_dataset/normal/police/police-305.jpg
police	0a7c2102a98f8cb79a6fc079349561a40113f4c0fca82677d03606b6b062bf56	datasets/IdenProf/idenprof/train/police/police-87.jpg	train_dataset/normal/police/police-87.jpg
police	0a9354cfc47288a52dbd996392e6325b4628a0a9febcad1eedf777b26dc741f5	datasets/IdenProf/idenprof/train/police/police-632.jpg	train_dataset/normal/police/police-632.jpg
police	0af73157ffe709c833ac406dac2849e5f6536580b219402cbdfb6516cf06f3a9	datasets/IdenProf/idenprof/train/police/police-175.jpg	train_dataset/normal/police/police-175.jpg
police	0b4a4597a6284ce49172cc9c21663c8a683df77131981733efef562983729e76	datasets/IdenProf/idenprof/train/police/police-631.jpg	train_dataset/normal/police/police-631.jpg
police	0ba3db68d919af58368d02fdd3b963d3eda4ddffd98dbd3f8feaa25b1084ae58	datasets/IdenProf/idenprof/train/police/police-428.jpg	train_dataset/normal/police/police-428.jpg
police	0bb00e5553f1c6470ff1bc916c2c3f29e3b1a6d5571f2c694a638a403d5aca50	datasets/IdenProf/idenprof/train/police/police-854.jpg	train_dataset/normal/police/police-854.jpg
police	0bc53c5e99ea6356e256fc84b59c14d8c569e9d4af1ab7c0e6b5e2d56b85abaf	datasets/IdenProf/idenprof/train/police/police-877.jpg	train_dataset/normal/police/police-877.jpg
police	0bde04118d79373e1122caa430edec9194137239a2268929ba3d2a8e500015ad	datasets/IdenProf/idenprof/train/police/police-830.jpg	train_dataset/normal/police/police-830.jpg
police	0be69a0e496fda2e644b547f4ef72f0992631e786f6084e480cbf2a292eb3c05	datasets/IdenProf/idenprof/train/police/police-570.jpg	train_dataset/normal/police/police-570.jpg
police	0ca1fbc1af337067fb612f9068a7d5ffd9d6ed16b283e5dad645b2300c391796	datasets/IdenProf/idenprof/train/police/police-188.jpg	train_dataset/normal/police/police-188.jpg
police	0cf481b155df4260e0489f4add5b411aefd5a5c8685fa8290bfe80263934b91d	datasets/IdenProf/idenprof/train/police/police-704.jpg	train_dataset/normal/police/police-704.jpg
police	0d21f13a0c1a0c0e70fa337c9f21e01e1a313506b17ab353f8a7cd843e51a8d2	datasets/IdenProf/idenprof/train/police/police-311.jpg	train_dataset/normal/police/police-311.jpg
police	0d8403f68cdc7de263c23057442c3c7491d2df68fbbaaceeca1817b0435a8583	datasets/IdenProf/idenprof/train/police/police-372.jpg	train_dataset/normal/police/police-372.jpg
police	0ddfc7a95ab12b6e8a19f9d1b9190e6b18f5eb09f4adbc582957edd11a05ecd8	datasets/IdenProf/idenprof/train/police/police-259.jpg	train_dataset/normal/police/police-259.jpg
police	0df1c1cca1ad19f0ac9c30e7f565ef47d60e1a95af5b95f1572ca34f9bd45588	datasets/IdenProf/idenprof/train/police/police-809.jpg	train_dataset/normal/police/police-809.jpg
police	0e86fe82defa501f0e55c28366a0067051e6c81b1910b59527d2aa583fe0a94d	datasets/IdenProf/idenprof/train/police/police-678.jpg	train_dataset/normal/police/police-678.jpg
police	0e98be7bda871bbc826c7f72bcff3873d9d065c12a819fd1dbd7d7bac55081a6	datasets/IdenProf/idenprof/train/police/police-362.jpg	train_dataset/normal/police/police-362.jpg
police	0e9fe6f9962fa248b50e26bff35865c0038128631b57a2725c1be195170c52ad	datasets/IdenProf/idenprof/train/police/police-170.jpg	train_dataset/normal/police/police-170.jpg
police	0f6664c573a4717c022accf98ebd60307ba092482b8c62177ea4ce00fa0b10b7	datasets/IdenProf/idenprof/train/police/police-234.jpg	train_dataset/normal/police/police-234.jpg
police	0fbdf1f47aadf3f7b27afefaeb6d7e2a6de42e91c2dbe0c95a49299dbe092e41	datasets/IdenProf/idenprof/train/police/police-891.jpg	train_dataset/normal/police/police-891.jpg
police	0ff7226f48c998af3a9615ea7696d35634d0995207fe5edd56926ef2e8ebb03c	datasets/IdenProf/idenprof/train/police/police-358.jpg	train_dataset/normal/police/police-358.jpg
police	10bed42d36d3d4361346760b81730bc2af668477154c33a997cc1e0e82885b1f	datasets/IdenProf/idenprof/train/police/police-191.jpg	train_dataset/normal/police/police-191.jpg
police	10ede21c072b53b5aed3c47fddbc48a30631c5bb03dee9aeeef1880192e06966	datasets/IdenProf/idenprof/train/police/police-165.jpg	train_dataset/normal/police/police-165.jpg
police	112e92bb28ed9c2e787057e2fb805903c96d0a25f42e95aff9442c090bfe6c3d	datasets/IdenProf/idenprof/train/police/police-510.jpg	train_dataset/normal/police/police-510.jpg
police	11347e4d261352f67fa166e25b050e8bec8241926a63788fef4916dfe9c03e7a	datasets/IdenProf/idenprof/train/police/police-80.jpg	train_dataset/normal/police/police-80.jpg
police	1162b7931533ebf6f46bb0b8c8b186ec43b4dfd4c8404cc2f44393ac79102a0a	datasets/IdenProf/idenprof/train/police/police-90.jpg	train_dataset/normal/police/police-90.jpg
police	11b787b23963bc6ee417dceb2d3477c9c3623c0e2696f0985b4dfdb8e0587cfd	datasets/IdenProf/idenprof/train/police/police-869.jpg	train_dataset/normal/police/police-869.jpg
police	1313ae4d8def6f241969207386ab58be6143bea44b6b3817ffec39cdc1b8fd38	datasets/IdenProf/idenprof/train/police/police-186.jpg	train_dataset/normal/police/police-186.jpg
police	13180526b57a9da0e1c670fd3ea4cb2be0ce7ca62ccc7dc158bb05f37b53d522	datasets/IdenProf/idenprof/train/police/police-57.jpg	train_dataset/normal/police/police-57.jpg
police	13240d6c012893069f4295ad30e6c42471b9b419d39afa185f11731255b7d28f	datasets/IdenProf/idenprof/train/police/police-439.jpg	train_dataset/normal/police/police-439.jpg
police	1397215d8b71667a31cb955c15ec61dd46bdb6131f62487471d7bb44d77bef61	datasets/IdenProf/idenprof/train/police/police-628.jpg	train_dataset/normal/police/police-628.jpg
police	139b398ae463650000fe9bedf7ab81c424992e44491fd18823ceb791e4575ddd	datasets/IdenProf/idenprof/train/police/police-4.jpg	train_dataset/normal/police/police-4.jpg
police	13c028060af39933ea3ffb6b1fe6fbb08ceab414108f01f5421c7ebbf774f92d	datasets/IdenProf/idenprof/train/police/police-662.jpg	train_dataset/normal/police/police-662.jpg
police	13f4c6c4cfca2e830be2812e317644db75ffbff61c5e362e65b5de93982c505e	datasets/IdenProf/idenprof/train/police/police-562.jpg	train_dataset/normal/police/police-562.jpg
police	14111d96da92cb39a39b31ce81297f46c369a4d9ede7d536c0df6bed43a27fa2	datasets/IdenProf/idenprof/train/police/police-97.jpg	train_dataset/normal/police/police-97.jpg
police	14845f9c0ac57ec638bbe7a6c9113ff1cdf6afffb1295274d7f9a97cb1907d69	datasets/IdenProf/idenprof/train/police/police-369.jpg	train_dataset/normal/police/police-369.jpg
police	153872d782338a68a8de834ca381de7501895397f19bfc2d44fd37c6ee893014	datasets/IdenProf/idenprof/train/police/police-563.jpg	train_dataset/normal/police/police-563.jpg
police	1543f3483faa637b4283c31ed305560bb4de9abc98189ba440d4b189b4c8ac13	datasets/IdenProf/idenprof/train/police/police-566.jpg	train_dataset/normal/police/police-566.jpg
police	15468e391218edcfea5cb9dbe6a50d191744d1a33bfe9788420a80a415a2e4dd	datasets/IdenProf/idenprof/train/police/police-138.jpg	train_dataset/normal/police/police-138.jpg
police	155091a52ae5f703eeb753ed6c89ee7ae35402a767bb1e03ffd5b1432298d55d	datasets/IdenProf/idenprof/train/police/police-251.jpg	train_dataset/normal/police/police-251.jpg
police	1571b8383b959c1288debe0b3ce75feb01ddd5f58d6481322cb8e6c44145d111	datasets/IdenProf/idenprof/train/police/police-732.jpg	train_dataset/normal/police/police-732.jpg
police	1598992420860e0a96bc2e7694648e51a8e208a176dd2a015c8c7999b8b90beb	datasets/IdenProf/idenprof/train/police/police-445.jpg	train_dataset/normal/police/police-445.jpg
police	159a077de7e3aa4741e5fa1b020966703e2dde7048b4a5aa456b5fb8231c0078	datasets/IdenProf/idenprof/train/police/police-598.jpg	train_dataset/normal/police/police-598.jpg
police	167ee0c3ce835036463977b2ab5318b40b316e7dc1022022493fb2d1e55ebbc8	datasets/IdenProf/idenprof/train/police/police-860.jpg	train_dataset/normal/police/police-860.jpg
police	167ef6eee7654d3d183fbef3ebeb5d114bd72a6eb26bc5555a751e4a90087f87	datasets/IdenProf/idenprof/train/police/police-859.jpg	train_dataset/normal/police/police-859.jpg
police	16c5e04f37a5716f6ba0930250e048f36eb798430aff16881a284900cfa4a471	datasets/IdenProf/idenprof/train/police/police-17.jpg	train_dataset/normal/police/police-17.jpg
police	170ff83278aec45d479ab4a58fb990963310b4d27d6185887254b4f6853d9e74	datasets/IdenProf/idenprof/train/police/police-705.jpg	train_dataset/normal/police/police-705.jpg
police	1720f8e0aab6bf62ee507aa0d4ffd60a9bf657904166fed5c0a57b4e5687a5b1	datasets/IdenProf/idenprof/train/police/police-526.jpg	train_dataset/normal/police/police-526.jpg
police	176a4a66a05345fe53fe5b928d2de99cdfb1b29db9dd48117b135843183020ce	datasets/IdenProf/idenprof/train/police/police-36.jpg	train_dataset/normal/police/police-36.jpg
police	17cafdc5d6d02157f62b7a796b7cf01c8828f15b10a11720d43e03e35b34469f	datasets/IdenProf/idenprof/train/police/police-404.jpg	train_dataset/normal/police/police-404.jpg
police	182b6f44c311801adcddf732cd0e2c7f03ecb1ac1961bda7b35b5f4c554c604f	datasets/IdenProf/idenprof/train/police/police-760.jpg	train_dataset/normal/police/police-760.jpg
police	18978f507ef37d2d24ea5bd4dfc8421079cb55ca70eac4b251560a65d2fff03b	datasets/IdenProf/idenprof/train/police/police-718.jpg	train_dataset/normal/police/police-718.jpg
police	18c6e65966df129eaf7ba5832f405b7132e7fb21fadb2632837954d9b670484e	datasets/IdenProf/idenprof/train/police/police-776.jpg	train_dataset/normal/police/police-776.jpg
police	18f1ba039bb67a5f4b563fd10c48efecf9e4c42e7c62d0a9fd0c57d7628a1345	datasets/IdenProf/idenprof/train/police/police-359.jpg	train_dataset/normal/police/police-359.jpg
police	1981d01122d31023e9220f6e8d3a957df884da5ad122ac8ac7bca049178794c7	datasets/IdenProf/idenprof/train/police/police-744.jpg	train_dataset/normal/police/police-744.jpg
police	198fe76f20de53a4ace3e071f79ab34dc23e7776239a992f543f2b4db1fcf191	datasets/IdenProf/idenprof/train/police/police-806.jpg	train_dataset/normal/police/police-806.jpg
police	19bc04e563947a906ee41bc2a258a132b2d3a38e7680377386fa0e5cd99d28e3	datasets/IdenProf/idenprof/train/police/police-615.jpg	train_dataset/normal/police/police-615.jpg
police	1a1a2fe57a713c49143e0a53cb44bbe32de346097643c1ca2c767fe40f0cde50	datasets/IdenProf/idenprof/train/police/police-523.jpg	train_dataset/normal/police/police-523.jpg
police	1a48a70c37251e18f1ea9527c011ccae1a736c845470201e2a0f0f8215f79401	datasets/IdenProf/idenprof/train/police/police-193.jpg	train_dataset/normal/police/police-193.jpg
police	1aa807fa2ed701d01aee4e39d7a0ab90f0714e60829db5ac5586abfc0dd33de3	datasets/IdenProf/idenprof/train/police/police-840.jpg	train_dataset/normal/police/police-840.jpg
police	1abf104ddd77b32f3bd401e484909445b670b3a93d10682aabb25389791781d7	datasets/IdenProf/idenprof/train/police/police-727.jpg	train_dataset/normal/police/police-727.jpg
police	1b06860950c38edf9a73fd90fe143f1f4afe37f65f9fd44d605425870d0d26f7	datasets/IdenProf/idenprof/train/police/police-413.jpg	train_dataset/normal/police/police-413.jpg
police	1b9d5743ea94e631eafcd1a920030f2c7e505be5c4d62de477da65f381355883	datasets/IdenProf/idenprof/train/police/police-364.jpg	train_dataset/normal/police/police-364.jpg
police	1bfa1a2d5eaee744dbae06d7131a55ccbc9ff2d17a3f68c09ef3d3e91a4e7cb9	datasets/IdenProf/idenprof/train/police/police-163.jpg	train_dataset/normal/police/police-163.jpg
police	1c663b2c84bf8a51a0729edff2c7a3a669c298f10455ef06655d616953ffdc78	datasets/IdenProf/idenprof/train/police/police-258.jpg	train_dataset/normal/police/police-258.jpg
police	1cb1b9b3dff75c3207e95d72a683e4fe36b2148a3885558c27f126f8fcdbb3cc	datasets/IdenProf/idenprof/train/police/police-418.jpg	train_dataset/normal/police/police-418.jpg
police	1cc5fded7c139804fed422f90f184e2ee1f7b052d69ff09b06ef37faacb1da43	datasets/IdenProf/idenprof/train/police/police-285.jpg	train_dataset/normal/police/police-285.jpg
police	1d494ca2a6eed0fb40c129faafdcdf8eccbd77ca34e4121f63214d0c4d868e6f	datasets/IdenProf/idenprof/train/police/police-66.jpg	train_dataset/normal/police/police-66.jpg
police	1d4c6a55c122db97e8b288055752e6428e8239d3ad0a7859a7470bc95969214c	datasets/IdenProf/idenprof/train/police/police-396.jpg	train_dataset/normal/police/police-396.jpg
police	1d5b142d47686cda271998ac5a4d5c19963b135a1a680864b3e854eddc1259f9	datasets/IdenProf/idenprof/train/police/police-277.jpg	train_dataset/normal/police/police-277.jpg
police	1d9251dff935033c2c6baf372d54777cf90dcac2c459d00fa780c50c983aa92e	datasets/IdenProf/idenprof/train/police/police-624.jpg	train_dataset/normal/police/police-624.jpg
police	1dfd3e2098d9c61b01c276fb4f5db5a69b543efb3acb2ccdcd740c064bec659a	datasets/IdenProf/idenprof/train/police/police-491.jpg	train_dataset/normal/police/police-491.jpg
police	1e15c81fa31d0fae779ac114960d1c4647c607165ba7760df4b45b6822b3d991	datasets/IdenProf/idenprof/train/police/police-608.jpg	train_dataset/normal/police/police-608.jpg
police	1e79eff7eb10c9b5c704b70ae96e6bc4aa326d5479bf3398f658efb7dd53b574	datasets/IdenProf/idenprof/train/police/police-392.jpg	train_dataset/normal/police/police-392.jpg
police	1eb454234bfe1eab735dafe2a1b93706d3d1953d3ce827773e6580cf61017e72	datasets/IdenProf/idenprof/train/police/police-557.jpg	train_dataset/normal/police/police-557.jpg
police	1f0393e34d39a93d9c4cb34f6e17d6cd1286bd412848631d69beb178297ccb3c	datasets/IdenProf/idenprof/train/police/police-508.jpg	train_dataset/normal/police/police-508.jpg
police	1f1d1f66c532059b1776bb0a060cab5dfd84306dae52bcfb432066f36bb0cd0f	datasets/IdenProf/idenprof/train/police/police-329.jpg	train_dataset/normal/police/police-329.jpg
police	1f3be8eb92d8d929c249d24cc384bb7b04d284139c5d877efc2509cf4d8d5ab5	datasets/IdenProf/idenprof/train/police/police-496.jpg	train_dataset/normal/police/police-496.jpg
police	1f7ec9a111d9059b64e2a5c4a68d318f1faf0902ce298b7c2679cfd4f35113d0	datasets/IdenProf/idenprof/train/police/police-92.jpg	train_dataset/normal/police/police-92.jpg
police	1f974268020d15546f97d82060df85e50ba2c23b99e4d1a4961f5c79f67e6d71	datasets/IdenProf/idenprof/train/police/police-620.jpg	train_dataset/normal/police/police-620.jpg
police	1fa6404dfe70d7ec4989976302c6d88b4bde78d41ca0bf6650af6e59733933d1	datasets/IdenProf/idenprof/train/police/police-602.jpg	train_dataset/normal/police/police-602.jpg
police	1ff1ffbb2f8358e5a186d702bbbb8b87ff2683df794623e3e68df88c10b4a853	datasets/IdenProf/idenprof/train/police/police-680.jpg	train_dataset/normal/police/police-680.jpg
police	206956f7bea63507dabe8a883706ccb3eb5cb0f7c42498ae9e908491d6391a4f	datasets/IdenProf/idenprof/train/police/police-701.jpg	train_dataset/normal/police/police-701.jpg
police	20878334c55df095bbd9564a41dedb91badb5d1c27b4f1bd269ad0dc3acf90ea	datasets/IdenProf/idenprof/train/police/police-238.jpg	train_dataset/normal/police/police-238.jpg
police	20a11185bd2384b42378b30e1b4c27bcfbe1c72d774b8cfc01baa077433df07d	datasets/IdenProf/idenprof/train/police/police-109.jpg	train_dataset/normal/police/police-109.jpg
police	20c524fb56444d176837ee1be90190d15296ce16247aa11fa90604f8bc112034	datasets/IdenProf/idenprof/train/police/police-69.jpg	train_dataset/normal/police/police-69.jpg
police	20c872da33f7606c245141da19c5c37333a277109c3f97ec56bd886c389f4191	datasets/IdenProf/idenprof/train/police/police-494.jpg	train_dataset/normal/police/police-494.jpg
police	2107deb21b586d0cf6a2a94ac191a075a21fce4e2e94ee99822e1571a40b294d	datasets/IdenProf/idenprof/train/police/police-3.jpg	train_dataset/normal/police/police-3.jpg
police	2112e7f6ef61d9246625d18db1207e5e7ac5f63b3a6a2269aec1e0ec20480c8a	datasets/IdenProf/idenprof/train/police/police-146.jpg	train_dataset/normal/police/police-146.jpg
police	211ef2a699a01fa4d7aa09e8ccfeff03080c3511b781101a202a302595c900b5	datasets/IdenProf/idenprof/train/police/police-707.jpg	train_dataset/normal/police/police-707.jpg
police	217089de7ea834ac02ff0c4bce3c20f311ba8a63a162179e7d312274407f0f7d	datasets/IdenProf/idenprof/train/police/police-606.jpg	train_dataset/normal/police/police-606.jpg
police	21761c0eed06f9f139748f81908ad098b9c2714860a32fc4319f02bc108f91d4	datasets/IdenProf/idenprof/train/police/police-499.jpg	train_dataset/normal/police/police-499.jpg
police	21867e0ca4757adf3eebfe770b05de234bd7320d30d1194cabc0580c2a6ede11	datasets/IdenProf/idenprof/train/police/police-380.jpg	train_dataset/normal/police/police-380.jpg
police	21e8c9a3d764e44797b7eb2d8fd55be31351863fa0a1c7fad4eaa14aa8080d4a	datasets/IdenProf/idenprof/train/police/police-421.jpg	train_dataset/normal/police/police-421.jpg
police	221d600f33c086502a438ee3208d02b38ff60ed2c5ed3c9078052a1fdd05f5b8	datasets/IdenProf/idenprof/train/police/police-648.jpg	train_dataset/normal/police/police-648.jpg
police	22230cad10a692854c3348f50c75bf3e01146f719b2dc7a47ed18075139e3f5d	datasets/IdenProf/idenprof/train/police/police-828.jpg	train_dataset/normal/police/police-828.jpg
police	22251b99e62c986709c9d4f2bc1bd53de2c8d7093d20bc60c9818eaf1a5e4bb3	datasets/IdenProf/idenprof/train/police/police-242.jpg	train_dataset/normal/police/police-242.jpg
police	22649591836030ddfcc3993391a3c55bba83a07b7ee79baad7df7ca235521e3a	datasets/IdenProf/idenprof/train/police/police-593.jpg	train_dataset/normal/police/police-593.jpg
police	22b418d44489f26b1b35384f2b3c8ae366db6214454caa4ddb8d263e310bfa9e	datasets/IdenProf/idenprof/train/police/police-365.jpg	train_dataset/normal/police/police-365.jpg
police	22dd16b16d5497ba76400a51122be5668d9112819fa9b13cbb37f828690c28b3	datasets/IdenProf/idenprof/train/police/police-320.jpg	train_dataset/normal/police/police-320.jpg
police	2319058053a933d108bb2a9ea301a6a1d0e0145d700fff8d18cd0d084ea03993	datasets/IdenProf/idenprof/train/police/police-176.jpg	train_dataset/normal/police/police-176.jpg
police	2345c8e4aa23da01c97748092ce4d75e69d1543138cda735bacb9a136e93b558	datasets/IdenProf/idenprof/train/police/police-811.jpg	train_dataset/normal/police/police-811.jpg
police	237407697ca23ed15a12be29fefee7b1f731781474918b323d6f92ca28bdfa48	datasets/IdenProf/idenprof/train/police/police-425.jpg	train_dataset/normal/police/police-425.jpg
police	23cac92e056f37afc653899ae4f03ab960b03426402ec262b30c7782b3a1034b	datasets/IdenProf/idenprof/train/police/police-778.jpg	train_dataset/normal/police/police-778.jpg
police	24013e30a1e4f8c0b194717bc24e25d68b0a7f79282cb7195f87bff3b4d26353	datasets/IdenProf/idenprof/train/police/police-832.jpg	train_dataset/normal/police/police-832.jpg
police	2491e181a2a2a892c7399b0c976361e0ebb7658fc2cdc01cdf4e6c038b51f9e6	datasets/IdenProf/idenprof/train/police/police-644.jpg	train_dataset/normal/police/police-644.jpg
police	24ac2d394136f4983c9ee0e04cce997b5ac294af6697c5a2618b321a1e5c37fb	datasets/IdenProf/idenprof/train/police/police-552.jpg	train_dataset/normal/police/police-552.jpg
police	24c47e1ba186505db4991d5002a8bbe3e10a3d26eb0c4ebabac6ed04238e4cba	datasets/IdenProf/idenprof/train/police/police-772.jpg	train_dataset/normal/police/police-772.jpg
police	25202fed1d63da81c0a40ee1effd01b6506e6c4ce1490ea8c344f3b60bb9ad17	datasets/IdenProf/idenprof/train/police/police-376.jpg	train_dataset/normal/police/police-376.jpg
police	253755b03ead77935f8e6cfc88ecfe222bbdfaa9c3e1dc253dfa9964caeed16a	datasets/IdenProf/idenprof/train/police/police-227.jpg	train_dataset/normal/police/police-227.jpg
police	2544f2fbf4fdcb15e6b33de43e2acf3945f21e387f81a164717cb5dcb10dd6f0	datasets/IdenProf/idenprof/train/police/police-400.jpg	train_dataset/normal/police/police-400.jpg
police	254d2bef3dca7e31a2c2fc995276a63d8dcb4b386d5475fef489749db5e4a162	datasets/IdenProf/idenprof/train/police/police-437.jpg	train_dataset/normal/police/police-437.jpg
police	25ad43bd93717438098fabc80f2931e167ecd0e83f444b687d85cf0de9b64f30	datasets/IdenProf/idenprof/train/police/police-739.jpg	train_dataset/normal/police/police-739.jpg
police	2632f21167acf2303f065ce449d23aa4cc133d25136af19e0d66a695412a12cd	datasets/IdenProf/idenprof/train/police/police-578.jpg	train_dataset/normal/police/police-578.jpg
police	266cd680b89cad3d39897d5bdb3d4558bbfa979163799f653f988b86844f3d86	datasets/IdenProf/idenprof/train/police/police-609.jpg	train_dataset/normal/police/police-609.jpg
police	278696c0236a79bb2ab199dafa8219afc1418d1e9dd597c94015f2660ba9232e	datasets/IdenProf/idenprof/train/police/police-148.jpg	train_dataset/normal/police/police-148.jpg
police	279f16aec65de34d35d5d98fc8137805a827d551b7a23472bde99a3db37c2f12	datasets/IdenProf/idenprof/train/police/police-84.jpg	train_dataset/normal/police/police-84.jpg
police	27a969f7861325b72a2b48cc94fbad5c9372a8bcb5eadb7b264fd387d8f94bea	datasets/IdenProf/idenprof/train/police/police-836.jpg	train_dataset/normal/police/police-836.jpg
police	27da7f6dd5c5d13e3cb8fcea059711a1b2383f6786530608f12dd6128e7bd4a9	datasets/IdenProf/idenprof/train/police/police-263.jpg	train_dataset/normal/police/police-263.jpg
police	27e41a9321ea0ef88a6caa7575d1b1a1957e38687d0abb7362f521fba9afde48	datasets/IdenProf/idenprof/train/police/police-328.jpg	train_dataset/normal/police/police-328.jpg
police	281b3ae6cd96b0d7493a6f841a80e6a6ad80cf75b4db8b17d9a238325a469bab	datasets/IdenProf/idenprof/train/police/police-773.jpg	train_dataset/normal/police/police-773.jpg
police	2827872bb6038df7ca257ee53b0183e13cb401fcf706a8c1c4624d4fdbd07dcb	datasets/IdenProf/idenprof/train/police/police-642.jpg	train_dataset/normal/police/police-642.jpg
police	28428dd2a0944553a88a15fe024ecb2ba64e2e196a9ede8510919ae7d64380b4	datasets/IdenProf/idenprof/train/police/police-342.jpg	train_dataset/normal/police/police-342.jpg
police	2879653c890bc4736d16b644538df52219a75763add39fa08ebfc9da31ec2e06	datasets/IdenProf/idenprof/train/police/police-321.jpg	train_dataset/normal/police/police-321.jpg
police	28de8d277e08133ad977991b1abafa38c3cd36f04d571db0c7f2e66e2d13c144	datasets/IdenProf/idenprof/train/police/police-601.jpg	train_dataset/normal/police/police-601.jpg
police	29426274033ecf49707efcd220e86f5c60925d500ed390b018120471df74d14b	datasets/IdenProf/idenprof/train/police/police-241.jpg	train_dataset/normal/police/police-241.jpg
police	2960e8b144538b1ea62ca88f8556f57342772fe9b456856a1cff6ee6373da260	datasets/IdenProf/idenprof/train/police/police-214.jpg	train_dataset/normal/police/police-214.jpg
police	2970943c6519080a8b33577465c82d91241c55d6fb9f3d327453b709db07247e	datasets/IdenProf/idenprof/train/police/police-786.jpg	train_dataset/normal/police/police-786.jpg
police	29934af5ab0eda485fcda8be72aadd74ff23864a1ab0f6e91735f5103c8350a3	datasets/IdenProf/idenprof/train/police/police-181.jpg	train_dataset/normal/police/police-181.jpg
police	2a41581409b74b55d650fd1b3608d6e0e4c40206a53b6a4605d56a2ed5760957	datasets/IdenProf/idenprof/train/police/police-134.jpg	train_dataset/normal/police/police-134.jpg
police	2a5199ef717c93b875b5c15ba8ca1dd93733d2c5069591e68ccede63b05c244e	datasets/IdenProf/idenprof/train/police/police-805.jpg	train_dataset/normal/police/police-805.jpg
police	2a91dfd8f345c8805eac3774b6adda0cc3624259d20496bc66000de90cafe750	datasets/IdenProf/idenprof/train/police/police-139.jpg	train_dataset/normal/police/police-139.jpg
police	2ac05fb81c629709de8ea87efa9fa6a766227eea28b1c30d3e3477636e7d534d	datasets/IdenProf/idenprof/train/police/police-823.jpg	train_dataset/normal/police/police-823.jpg
police	2adccd3db8c0d3ecf4fe9483fbf2c249f1b4dda971dabef8a6dfacefd879487d	datasets/IdenProf/idenprof/train/police/police-411.jpg	train_dataset/normal/police/police-411.jpg
police	2b1539d91eb05404b7605d669dcaba7a4590a61964b2f9162f2236f3dd16594e	datasets/IdenProf/idenprof/train/police/police-410.jpg	train_dataset/normal/police/police-410.jpg
police	2b2e7417aed552449cb35f8057b8c0d1fd6012cabd7965711fbcc82f148e06e1	datasets/IdenProf/idenprof/train/police/police-868.jpg	train_dataset/normal/police/police-868.jpg
police	2b40dcdd9474e5dd980e88d6fe1d704b27b2355ccd39018b6830052e77c584f6	datasets/IdenProf/idenprof/train/police/police-323.jpg	train_dataset/normal/police/police-323.jpg
police	2b723f519cea83eb1c1f857803024967c94fac7f9957fec3d36e7386b29e6487	datasets/IdenProf/idenprof/train/police/police-799.jpg	train_dataset/normal/police/police-799.jpg
police	2b86c089aed3927db09e3f2e3a32994321437a2c4dc2c31c1b72487430d0b6a1	datasets/IdenProf/idenprof/train/police/police-542.jpg	train_dataset/normal/police/police-542.jpg
police	2b8b30c2de997d75ff7a4f809126875d00937cbb5cbc0a1ad6ac107ea0ecf1a0	datasets/IdenProf/idenprof/train/police/police-2.jpg	train_dataset/normal/police/police-2.jpg
police	2c6fd6dc2adb84f84c3b35bb74de68abdb5bafda180798353f8c437469af479c	datasets/IdenProf/idenprof/train/police/police-756.jpg	train_dataset/normal/police/police-756.jpg
police	2cee60ee3330c82d01d32c42f9aa404f900ca64af978601bc6bcd5aa56acc780	datasets/IdenProf/idenprof/train/police/police-893.jpg	train_dataset/normal/police/police-893.jpg
police	2db113f3b268800d48b1dabc023557eb324c40fd1dffbc9fb1cda01f26d469f1	datasets/IdenProf/idenprof/train/police/police-462.jpg	train_dataset/normal/police/police-462.jpg
police	2e63f5ef4d82552c92d2c4c226ca569b5f90e484700d42234d77a97701a74b41	datasets/IdenProf/idenprof/train/police/police-463.jpg	train_dataset/normal/police/police-463.jpg
police	2e96f98ffc644e6af6a49f7b4d7a2b519d3063be55b8dc8cb6317cae6163fc5b	datasets/IdenProf/idenprof/train/police/police-361.jpg	train_dataset/normal/police/police-361.jpg
police	2ed7c0b14e05b7e9b7864774e8caadd724f2f85fca933821419ceb305c1b5a0c	datasets/IdenProf/idenprof/train/police/police-735.jpg	train_dataset/normal/police/police-735.jpg
police	2f03a145f9561365f1f2014a99ae742832eb077f495f2a013f3959b5bf07821c	datasets/IdenProf/idenprof/train/police/police-629.jpg	train_dataset/normal/police/police-629.jpg
police	2f58a2f3d415d3e83a6c004e68f5978091817b98df84f83943a3ee2d7ae6b558	datasets/IdenProf/idenprof/train/police/police-125.jpg	train_dataset/normal/police/police-125.jpg
police	303adcd48b802e17443ea39f9406019ef12deeed54eec6d5c256d42ea23f2826	datasets/IdenProf/idenprof/train/police/police-713.jpg	train_dataset/normal/police/police-713.jpg
police	30986cb7ad9264c68d9d69cddc35fa19fac79a30ca8f470775cc9d425d748352	datasets/IdenProf/idenprof/train/police/police-485.jpg	train_dataset/normal/police/police-485.jpg
police	30c84f8fefe613e7771555d21d404d7aab6213f159333bc3530c7887b46a0f06	datasets/IdenProf/idenprof/train/police/police-313.jpg	train_dataset/normal/police/police-313.jpg
police	313054f5128ed7baba1e74ee5103d8b06d24a2281759d7d07b6e1b6cc5e9f4be	datasets/IdenProf/idenprof/train/police/police-391.jpg	train_dataset/normal/police/police-391.jpg
police	319827a02cbe3b614eabd3d033ce8d6c09947ab9f23e04b13b3a148cf9c639fd	datasets/IdenProf/idenprof/train/police/police-198.jpg	train_dataset/normal/police/police-198.jpg
police	32ad64c0e915499035ebcac3e1d20d44130c22bd8a8acb71f9408eab3aa230bc	datasets/IdenProf/idenprof/train/police/police-833.jpg	train_dataset/normal/police/police-833.jpg
police	32e5e4d910d9af7402e5068673855c8bb5c0d3c7c4108c7817021f89c8b39e28	datasets/IdenProf/idenprof/train/police/police-55.jpg	train_dataset/normal/police/police-55.jpg
police	33ba73051551b6ca39508e686fd2e4db79645addd3d24b1f577b7ea667685fc4	datasets/IdenProf/idenprof/train/police/police-166.jpg	train_dataset/normal/police/police-166.jpg
police	33ce4a357cf3c35cf0a0e7d29048c5e4019218814c7bbc2ce1a4e17d099cdc31	datasets/IdenProf/idenprof/train/police/police-768.jpg	train_dataset/normal/police/police-768.jpg
police	33dc262398f56692e881f10037432f854b6a1e83b1496c033d7e065133badb22	datasets/IdenProf/idenprof/train/police/police-156.jpg	train_dataset/normal/police/police-156.jpg
police	3427cee1aa88f7e3ee40726df7a82ca20c9c1ab2f1615466700fe4608aefa7b7	datasets/IdenProf/idenprof/train/police/police-44.jpg	train_dataset/normal/police/police-44.jpg
police	345ac0182547f6dc4c956aa188787a2cba7f3176d1d89758635d24adaebba46a	datasets/IdenProf/idenprof/train/police/police-382.jpg	train_dataset/normal/police/police-382.jpg
police	346eaf0743cd36dafc588cead771deb0dc3b2b5a621cc49d1f15947857f4be3a	datasets/IdenProf/idenprof/train/police/police-719.jpg	train_dataset/normal/police/police-719.jpg
police	34725415f96304749bc50a7db25dd7d0446d25f6482abeb8517b4fe6dcf0d5f7	datasets/IdenProf/idenprof/train/police/police-85.jpg	train_dataset/normal/police/police-85.jpg
police	3485f982a747b8e99fb50a7a515f19138662d6aeced6bcce0c74425af91855e7	datasets/IdenProf/idenprof/train/police/police-482.jpg	train_dataset/normal/police/police-482.jpg
police	34b53b11f026903665b28c07e2a3b50e905bb7854a378e70ec724b7f31624bc2	datasets/IdenProf/idenprof/train/police/police-685.jpg	train_dataset/normal/police/police-685.jpg
police	356348f88a078069dd599cbdcd6d19ee26a1233cbef383e0dacf5e92a306ecad	datasets/IdenProf/idenprof/train/police/police-742.jpg	train_dataset/normal/police/police-742.jpg
police	357d34e69cac382b554e2f7211e0f5137edc977d329fb8a5b95e103921bc1daa	datasets/IdenProf/idenprof/train/police/police-757.jpg	train_dataset/normal/police/police-757.jpg
police	35842790ff2c1a3859ccf7d30215b4260ab10c25b9bdc38d082df0c08d3dbc85	datasets/IdenProf/idenprof/train/police/police-695.jpg	train_dataset/normal/police/police-695.jpg
police	35f0d00209d319866ff2d1042d721ba6d4be403cb152d5306aba9ad56f5b031f	datasets/IdenProf/idenprof/train/police/police-302.jpg	train_dataset/normal/police/police-302.jpg
police	3631cb972309a5420824b35df2c17a2663571e420b338282420cdcf7f307fc4d	datasets/IdenProf/idenprof/train/police/police-894.jpg	train_dataset/normal/police/police-894.jpg
police	366a46e45d95372bc7b6246c108b3eb6885f3144736fc4322b9a5ceddf293671	datasets/IdenProf/idenprof/train/police/police-324.jpg	train_dataset/normal/police/police-324.jpg
police	367decf57127b6ee6e640b1d947d67246571b9adf1465d901c46c0cb7150ca0d	datasets/IdenProf/idenprof/train/police/police-314.jpg	train_dataset/normal/police/police-314.jpg
police	36875ba28c52250e0d9a13db403ece049a6dbb64cca8b6d8953d8a7e68fbcfeb	datasets/IdenProf/idenprof/train/police/police-762.jpg	train_dataset/normal/police/police-762.jpg
police	3701a055446673bf1487423adad744591be05fdddc246028f11b63158ce398b6	datasets/IdenProf/idenprof/train/police/police-301.jpg	train_dataset/normal/police/police-301.jpg
police	37d4bfc078a24529527a0a12fdb3c5243bdcd8f610400643fe6b3c924c304cc3	datasets/IdenProf/idenprof/train/police/police-111.jpg	train_dataset/normal/police/police-111.jpg
police	37e13191343edb9d317b00130961562c72f5fa00b137d50ee059d1166ab03d97	datasets/IdenProf/idenprof/train/police/police-517.jpg	train_dataset/normal/police/police-517.jpg
police	37fc82e50db383b41a011122734dd346dad0071ae20ac19ed2f5dce1cd1a3f55	datasets/IdenProf/idenprof/train/police/police-168.jpg	train_dataset/normal/police/police-168.jpg
police	381b18c498a41e00df408a0c1443b9312210f49c661d13b6acd77c82ebb9ba4b	datasets/IdenProf/idenprof/train/police/police-450.jpg	train_dataset/normal/police/police-450.jpg
police	38a6379befd0321b84c36d6a859b2949efaabfccafb11dce008fb6eff605ced7	datasets/IdenProf/idenprof/train/police/police-123.jpg	train_dataset/normal/police/police-123.jpg
police	39d971416cd191362f835cc0d2db98796da5749bf6519a90057c8960059954ab	datasets/IdenProf/idenprof/train/police/police-294.jpg	train_dataset/normal/police/police-294.jpg
police	3a1e7f9ea7f52e5b07a25de437c70a7d4b92774aa7fbe4a49024c65f470d242d	datasets/IdenProf/idenprof/train/police/police-395.jpg	train_dataset/normal/police/police-395.jpg
police	3a9e5c1ef18b4f07b2a1a2c0ffbf44cf1782540e246e41e419231033548cbb60	datasets/IdenProf/idenprof/train/police/police-180.jpg	train_dataset/normal/police/police-180.jpg
police	3adcd12f7e66f5e8d2631f9f08a26fed0979a9e1faff7b87a67f1cad01607ed4	datasets/IdenProf/idenprof/train/police/police-849.jpg	train_dataset/normal/police/police-849.jpg
police	3ae02881e7217d6fc950dc00a84e2d0c09da7c5c2e66c891874490cf8bc68c1e	datasets/IdenProf/idenprof/train/police/police-208.jpg	train_dataset/normal/police/police-208.jpg
police	3b2dd68b093ea3160ff84a4440e0317262dfa205aab2ce2974f8e86ab593435f	datasets/IdenProf/idenprof/train/police/police-291.jpg	train_dataset/normal/police/police-291.jpg
police	3b65c13615f0b6704f4ba87278aaf22b03437268374af3beb5ad9ba8a8577486	datasets/IdenProf/idenprof/train/police/police-212.jpg	train_dataset/normal/police/police-212.jpg
police	3bbaf15acdd2eed1ad46e7802290d352c95c39ae8e91589d2960bdb5cfab6e86	datasets/IdenProf/idenprof/train/police/police-131.jpg	train_dataset/normal/police/police-131.jpg
police	3c3fd38488ffdaad31bc8ce41713c5e8e2139bbec012f11f65dbbc3eb07496aa	datasets/IdenProf/idenprof/train/police/police-187.jpg	train_dataset/normal/police/police-187.jpg
police	3c413773a70d86673b6c0ba46789eb693469fc6aa03cb40d084f7dbfa2490fa2	datasets/IdenProf/idenprof/train/police/police-159.jpg	train_dataset/normal/police/police-159.jpg
police	3c5da2ca7eb6919ba025d8a57e359b4ed1c410b1ebfcc4d01cd2c83032da2b41	datasets/IdenProf/idenprof/train/police/police-458.jpg	train_dataset/normal/police/police-458.jpg
police	3d6612a8e36806bec8e353386a245f1b8db0e35c874f186e6ac6dcb587987636	datasets/IdenProf/idenprof/train/police/police-898.jpg	train_dataset/normal/police/police-898.jpg
police	3d6f175c0a63f1ede2c3eb274fe89cc807564a71f272b126556e302273cd3a43	datasets/IdenProf/idenprof/train/police/police-124.jpg	train_dataset/normal/police/police-124.jpg
police	3dbb7aee9f57bf00afa89be7a58c199ebf2beed57978f8a79ce14c0f51e64114	datasets/IdenProf/idenprof/train/police/police-298.jpg	train_dataset/normal/police/police-298.jpg
police	3e0184277edc5cc24227abf269c8c0a102ccc3007959eef2d1d30afad126c899	datasets/IdenProf/idenprof/train/police/police-355.jpg	train_dataset/normal/police/police-355.jpg
police	3e30c73c73cf9c980428de9ac30c38936ea52e89e6a4aca5fdd5ed3ed96c19cb	datasets/IdenProf/idenprof/train/police/police-838.jpg	train_dataset/normal/police/police-838.jpg
police	3e519bbe82dbca2b3c0d92b0b765285bba38bf09dd70cbc7d913e59c68bcbbb0	datasets/IdenProf/idenprof/train/police/police-679.jpg	train_dataset/normal/police/police-679.jpg
police	3ecdc7473c889f7fb26f4b628d26b408ebb54ba4dc7cc934b5047ae8db8dc977	datasets/IdenProf/idenprof/train/police/police-531.jpg	train_dataset/normal/police/police-531.jpg
police	3ef8ba9ffffc3e8036e7c843bbe0b5d0950c6ecf849b50bb490b6df8f7ea554c	datasets/IdenProf/idenprof/train/police/police-79.jpg	train_dataset/normal/police/police-79.jpg
police	3fa682410e319615511c54620edb038e0a1ba12cef201a96433b30251d4504fc	datasets/IdenProf/idenprof/train/police/police-567.jpg	train_dataset/normal/police/police-567.jpg
police	406f5ad661c49511bfb575377a2c557f1bf3a921c8dde72315bcb074f1ff20dc	datasets/IdenProf/idenprof/train/police/police-535.jpg	train_dataset/normal/police/police-535.jpg
police	40c41a0ad296e4105d5bcea898ab038a64a4ccf06c872f040450944fc67fc670	datasets/IdenProf/idenprof/train/police/police-764.jpg	train_dataset/normal/police/police-764.jpg
police	4119954aa52e5342ccf799fc108ed56756f6ab4dbdec72cfb530155c3500828a	datasets/IdenProf/idenprof/train/police/police-49.jpg	train_dataset/normal/police/police-49.jpg
police	41d8202d350a5d746a6266b409297d4d444ee5d72cc4ffaffd92e156e8a59bfa	datasets/IdenProf/idenprof/train/police/police-779.jpg	train_dataset/normal/police/police-779.jpg
police	42e1de04c481a6eda19d9ceeeca00ad60d42324dac079b2585e76eb3ea8d2388	datasets/IdenProf/idenprof/train/police/police-117.jpg	train_dataset/normal/police/police-117.jpg
police	4365f4dceeac34a4b441413173aa0d2613f654b42c16c749d5843c324ed81bc3	datasets/IdenProf/idenprof/train/police/police-27.jpg	train_dataset/normal/police/police-27.jpg
police	4391d21da936f67917af08f952e3d950f340b89a2512dd6aa722799106ec17c5	datasets/IdenProf/idenprof/train/police/police-618.jpg	train_dataset/normal/police/police-618.jpg
police	43ba32212c4ee1cc89373eee6a5fa82e499a639d9883a599fc9e1d0d4b7bf2a7	datasets/IdenProf/idenprof/train/police/police-467.jpg	train_dataset/normal/police/police-467.jpg
police	443c6eb12be4a43556eb1be1c78a79789195b61051d96032f68ffe4f2e00279b	datasets/IdenProf/idenprof/train/police/police-204.jpg	train_dataset/normal/police/police-204.jpg
police	4447f499d452244dc7ddfd1831d2cab0cee21a74e31b6a2b8596bbb9d3d25df7	datasets/IdenProf/idenprof/train/police/police-423.jpg	train_dataset/normal/police/police-423.jpg
police	4490049578e43e7e43443ca30d087c91c0864c5fe7edcd37dd8c86d7d46954e2	datasets/IdenProf/idenprof/train/police/police-843.jpg	train_dataset/normal/police/police-843.jpg
police	449f209a5a9cb177f8740de7f7614b6542183cd03480ff78fbf8d409ea231f23	datasets/IdenProf/idenprof/train/police/police-616.jpg	train_dataset/normal/police/police-616.jpg
police	44a9cb9c03e1be4f97a6e9b6095b1c7a24a55a53b4b1f7ef4d6eecaa98f68eaf	datasets/IdenProf/idenprof/train/police/police-539.jpg	train_dataset/normal/police/police-539.jpg
police	4502f61a3ca2a9e1705fcde8a37f3ac537e1191a0b4edc6c4552b7b53579019a	datasets/IdenProf/idenprof/train/police/police-896.jpg	train_dataset/normal/police/police-896.jpg
police	453d91cad8000fcc5bc16adca1aa7cd009231cd478e426e9138ec4fcb88c7c58	datasets/IdenProf/idenprof/train/police/police-550.jpg	train_dataset/normal/police/police-550.jpg
police	45645839f6ffd10b63c1feaeac908de371fab96931d20c748d450dbf8bde9788	datasets/IdenProf/idenprof/train/police/police-477.jpg	train_dataset/normal/police/police-477.jpg
police	45ac88e38701a319e1989da1dbc309f693f30e2e95477878054545ad0f861f02	datasets/IdenProf/idenprof/train/police/police-569.jpg	train_dataset/normal/police/police-569.jpg
police	45de6ddfe7e5cbdea31ed9a631e353976e6401c88d61735b4821207bdd4818e4	datasets/IdenProf/idenprof/train/police/police-666.jpg	train_dataset/normal/police/police-666.jpg
police	4612e95bde1e407b61f77ed5f1c280e4a136b6f8900f95f5bb3577542eb4355f	datasets/IdenProf/idenprof/train/police/police-429.jpg	train_dataset/normal/police/police-429.jpg
police	461c10076f935a22db87e15e7b9edefc36f1c6bab381d3e2dc865036629e61e0	datasets/IdenProf/idenprof/train/police/police-210.jpg	train_dataset/normal/police/police-210.jpg
police	461e34405601d348576f958661ba4652ef24c467dbee6bc1f0d3550b5541a7ca	datasets/IdenProf/idenprof/train/police/police-645.jpg	train_dataset/normal/police/police-645.jpg
police	4637c52c13fa83a83f5f8715fccbc13e09f9fbb2e503aa7f03bd4aa6e0f43c2e	datasets/IdenProf/idenprof/train/police/police-35.jpg	train_dataset/normal/police/police-35.jpg
police	464de2b8728ad1e9bff5bf18680783fbbd5ae1c2db5a76e5e673e7ea684cf6d9	datasets/IdenProf/idenprof/train/police/police-813.jpg	train_dataset/normal/police/police-813.jpg
police	468c91b1c03a15e2772922e1f22fe505bb24c1ea3dadff444c0eb0badd194a61	datasets/IdenProf/idenprof/train/police/police-862.jpg	train_dataset/normal/police/police-862.jpg
police	469fea49597ffff455cfdd0a33c2454e6df05b10418309ee8c6b4dddb371f15b	datasets/IdenProf/idenprof/train/police/police-207.jpg	train_dataset/normal/police/police-207.jpg
police	46a7d72930811da2efd90dc6929dfc95d2c6db4bda13d914748a07e5bbd78960	datasets/IdenProf/idenprof/train/police/police-694.jpg	train_dataset/normal/police/police-694.jpg
police	46c8636eb70d2fdb8e963df491b32ea70578487a916ee8c459af1b021821720f	datasets/IdenProf/idenprof/train/police/police-233.jpg	train_dataset/normal/police/police-233.jpg
police	47583a046e9dc9dfe2c275b0714a48435bc333e4af66b5a60667623a04563545	datasets/IdenProf/idenprof/train/police/police-754.jpg	train_dataset/normal/police/police-754.jpg
police	481ef945b853cd7bb1daa76c7a7fdf1501bb85136e42f0a27043d27f3c8753f0	datasets/IdenProf/idenprof/train/police/police-480.jpg	train_dataset/normal/police/police-480.jpg
police	48bbf37db4976ef08de0bfad6e089cd4ae71a2c15bb541e89e1255a401487863	datasets/IdenProf/idenprof/train/police/police-394.jpg	train_dataset/normal/police/police-394.jpg
police	48bc96145196fe73292e92937c1e0ffe3c1d84bfec7f292104d6f54668485b23	datasets/IdenProf/idenprof/train/police/police-502.jpg	train_dataset/normal/police/police-502.jpg
police	48cec5d3c707d3cf46a35341fa9996da6393e9a21dd72fff8b35aebe50efc0d3	datasets/IdenProf/idenprof/train/police/police-98.jpg	train_dataset/normal/police/police-98.jpg
police	490f3cdab0f2afb4e05cab6c31629a85b6e4bb418a61c5c57c1ba55e0c7800e3	datasets/IdenProf/idenprof/train/police/police-318.jpg	train_dataset/normal/police/police-318.jpg
police	4980726b7257d311b047a19bfefe78f0892d5f8128b4a18756cd3f88ffa8c755	datasets/IdenProf/idenprof/train/police/police-354.jpg	train_dataset/normal/police/police-354.jpg
police	49a9aa7948a37ac6eb6abf55aef5d54bf6b73cefcb0ec97468fc6d9f06276b74	datasets/IdenProf/idenprof/train/police/police-393.jpg	train_dataset/normal/police/police-393.jpg
police	49e9f629a4396bdae1fdf02d43a1aa68274f9c4fc14a93cbca61fc17bc69e1b6	datasets/IdenProf/idenprof/train/police/police-548.jpg	train_dataset/normal/police/police-548.jpg
police	4a251d5194e987948ac8fe27393a199613ef59d1f1eb2c63f5ac41252afa9cd5	datasets/IdenProf/idenprof/train/police/police-483.jpg	train_dataset/normal/police/police-483.jpg
police	4ae3c805d0504fce15dbcb17bf5d61b463f5ffcb20fcc8815262c2c297ae33c4	datasets/IdenProf/idenprof/train/police/police-600.jpg	train_dataset/normal/police/police-600.jpg
police	4b1b455bf6dd9f6d29308d25cd95854499ec332d5fcdfd6fac861a4d0347b28f	datasets/IdenProf/idenprof/train/police/police-316.jpg	train_dataset/normal/police/police-316.jpg
police	4b3c96ffbff510542707978d86180cfb73b4188d921764128668b12159d3ea12	datasets/IdenProf/idenprof/train/police/police-590.jpg	train_dataset/normal/police/police-590.jpg
police	4b8d32459616be38c79fd401aeef6a97aac93dbbea6dc71362990aa39ddbd43f	datasets/IdenProf/idenprof/train/police/police-441.jpg	train_dataset/normal/police/police-441.jpg
police	4bbe41bef079f2091809af44f778b92ffa790c62432f2e88818feda85dca6119	datasets/IdenProf/idenprof/train/police/police-449.jpg	train_dataset/normal/police/police-449.jpg
police	4c35b9848a758e8b0d4872b94dd741a236187a834bb3b121ac750c0b9c37a80e	datasets/IdenProf/idenprof/train/police/police-244.jpg	train_dataset/normal/police/police-244.jpg
police	4c5d3f85c97b4082b8155feb42ffbf491b8bbd651031ec3a7ddf5843cb68284a	datasets/IdenProf/idenprof/train/police/police-155.jpg	train_dataset/normal/police/police-155.jpg
police	4c670dca751f7f3042f75ca32351714e8047cd304527842311670b43baa620e8	datasets/IdenProf/idenprof/train/police/police-169.jpg	train_dataset/normal/police/police-169.jpg
police	4d0abe59a3a8c85f6572e68997beee794d3cb8be0df5912f1410eaf795d20f0e	datasets/IdenProf/idenprof/train/police/police-295.jpg	train_dataset/normal/police/police-295.jpg
police	4d0d87c1f5a531f403a56bc919321b48901fb69276a59e29690d18f3aa2d797e	datasets/IdenProf/idenprof/train/police/police-737.jpg	train_dataset/normal/police/police-737.jpg
police	4d3fb5d8d846347b12668e6f0a277b3957fa8fc3923d0a3511bb1f7ec01ed0ff	datasets/IdenProf/idenprof/train/police/police-537.jpg	train_dataset/normal/police/police-537.jpg
police	4d4d38c7415dc3c9f0b5072361cd7c20e173cce8405e17d3934f9ab4ad96999a	datasets/IdenProf/idenprof/train/police/police-89.jpg	train_dataset/normal/police/police-89.jpg
police	4d8bb02830e5c11841fca06adc8be2ab83c13b2fbf344001c4c78a938896bc28	datasets/IdenProf/idenprof/train/police/police-781.jpg	train_dataset/normal/police/police-781.jpg
police	4eeb7e4adb55e2f38e8a01fbb94b415ca66632e9eceffba0622827c6f5725f93	datasets/IdenProf/idenprof/train/police/police-356.jpg	train_dataset/normal/police/police-356.jpg
police	4fe7a7737174a31648e27bf3e5d247a3f5bad7440e14671f82de63ba3f2ca4db	datasets/IdenProf/idenprof/train/police/police-339.jpg	train_dataset/normal/police/police-339.jpg
police	50673ea5619e808e050667e7584a003fa9f3d0236422439f39db21d4984d5e28	datasets/IdenProf/idenprof/train/police/police-222.jpg	train_dataset/normal/police/police-222.jpg
police	5199190acba467e31f3ce72518105f2b10881a4e3a295a8fe12116b72fdd456c	datasets/IdenProf/idenprof/train/police/police-194.jpg	train_dataset/normal/police/police-194.jpg
police	51f7ff17ea11e7e806716476af414a2799fb6f177be3bff04213de39b4d7db6a	datasets/IdenProf/idenprof/train/police/police-611.jpg	train_dataset/normal/police/police-611.jpg
police	521129f0f1b879310f87a5e589906fc417b9065e83c02cd70428f294a35a01c3	datasets/IdenProf/idenprof/train/police/police-408.jpg	train_dataset/normal/police/police-408.jpg
police	523e427fdca27c5043bfc3990fa3bd32a902a7ca63fad5f6c68ec0920310ae3d	datasets/IdenProf/idenprof/train/police/police-448.jpg	train_dataset/normal/police/police-448.jpg
police	52589e18e6cabee2c4b34a338f1801b47aff5256fa9d011a2a15326b82c86de0	datasets/IdenProf/idenprof/train/police/police-725.jpg	train_dataset/normal/police/police-725.jpg
police	52ad71ab8cae9db29191e255168aa9e9d125461def4ca44af6696a9e50a39559	datasets/IdenProf/idenprof/train/police/police-83.jpg	train_dataset/normal/police/police-83.jpg
police	52bb21486b06a3fe20744013edae55c6d5a0301766e1761d24f1c832f25b5fa4	datasets/IdenProf/idenprof/train/police/police-32.jpg	train_dataset/normal/police/police-32.jpg
police	52c244c272cfe658116cfee1931cc651866276cc8b0b615667ac112afb101794	datasets/IdenProf/idenprof/train/police/police-252.jpg	train_dataset/normal/police/police-252.jpg
police	52f07f7cb68aeee3998f4c8319d9933c31b2102987d1aef2813ab25367487f44	datasets/IdenProf/idenprof/train/police/police-274.jpg	train_dataset/normal/police/police-274.jpg
police	53400763513f62d15a90f83ea0e577d938128b685f2058f4f9c578a9bdf5c4b7	datasets/IdenProf/idenprof/train/police/police-67.jpg	train_dataset/normal/police/police-67.jpg
police	5350222dfe14c7cc88b4eff9277d50d31024e0e1f5391ab275e9e8e1ae9bebb7	datasets/IdenProf/idenprof/train/police/police-513.jpg	train_dataset/normal/police/police-513.jpg
police	5368b699dd47e0aa78fd0f3e2e1eeb75e32b2f08a49227d49810db99750737a0	datasets/IdenProf/idenprof/train/police/police-770.jpg	train_dataset/normal/police/police-770.jpg
police	539caf8d9d15e8a74e23892c12ce524809831402356109d1be2e6a769d6b6af5	datasets/IdenProf/idenprof/train/police/police-604.jpg	train_dataset/normal/police/police-604.jpg
police	53c13257791e45a2fc40ce613249e88151dde877b3284bc4f196d1131d6d06e2	datasets/IdenProf/idenprof/train/police/police-659.jpg	train_dataset/normal/police/police-659.jpg
police	53d990f8fe98a9fd360b8bebe240b29ef1207009cbaec446698f0e8097511545	datasets/IdenProf/idenprof/train/police/police-681.jpg	train_dataset/normal/police/police-681.jpg
police	53e65765ce2d337fc9b0e1f1766c802aae3551a62d7b2802fbb63e268f7f508a	datasets/IdenProf/idenprof/train/police/police-881.jpg	train_dataset/normal/police/police-881.jpg
police	5410b518224279e9e612373cee9385463c63e001d1e1f30c952cd25aaa4aba2b	datasets/IdenProf/idenprof/train/police/police-438.jpg	train_dataset/normal/police/police-438.jpg
police	549892886fd97383854c1634f038b57ec33077e0d0acd8220ec563e57a7afa8b	datasets/IdenProf/idenprof/train/police/police-574.jpg	train_dataset/normal/police/police-574.jpg
police	54a2a9e919106a57c98e1ef1700d60693962f5d19de18e52a19b28d130e445c2	datasets/IdenProf/idenprof/train/police/police-327.jpg	train_dataset/normal/police/police-327.jpg
police	559ffaa04efcec1a0339193f3a0f777790f5f685a18b2938d31ebd7055e2bc83	datasets/IdenProf/idenprof/train/police/police-627.jpg	train_dataset/normal/police/police-627.jpg
police	561078fa4bec43311af665872f9ba1e533cc27c2f4308938a2cf600b744d9f8c	datasets/IdenProf/idenprof/train/police/police-249.jpg	train_dataset/normal/police/police-249.jpg
police	56450c59f2456e74035e70e70425c8e83d6b1eb23c015d47d4b32480f6289733	datasets/IdenProf/idenprof/train/police/police-149.jpg	train_dataset/normal/police/police-149.jpg
police	569c92e641dba5b00aa92cb2e35fcdf1eb1b507c2693dc201a07dafc42ac32e1	datasets/IdenProf/idenprof/train/police/police-525.jpg	train_dataset/normal/police/police-525.jpg
police	580bca096bc887d74b7f0ccfcbdb4ee74074b359660a7c35f1d5949858d43223	datasets/IdenProf/idenprof/train/police/police-201.jpg	train_dataset/normal/police/police-201.jpg
police	5837f4901cebe6d41a8c917ebf49bde9fa0ac9278c9bfd73e56a90537bdfac8a	datasets/IdenProf/idenprof/train/police/police-272.jpg	train_dataset/normal/police/police-272.jpg
police	586fbbdbf08ff8f1da8b14ab22e70ef39b33e00b3e8921ad4ff2e50c66ae503d	datasets/IdenProf/idenprof/train/police/police-297.jpg	train_dataset/normal/police/police-297.jpg
police	587588d331a218b448646d46dd594b2b19c3d5c48cc1c8325bfa355034a8a7ec	datasets/IdenProf/idenprof/train/police/police-399.jpg	train_dataset/normal/police/police-399.jpg
police	58775eec4e8590d78db7bc838ae0db2ebbd76291663d463131eb1565cd677f84	datasets/IdenProf/idenprof/train/police/police-743.jpg	train_dataset/normal/police/police-743.jpg
police	5886892d3a632bb0e0acedd914037656d9aae7c7637f6761bc1f010f13a633b8	datasets/IdenProf/idenprof/train/police/police-471.jpg	train_dataset/normal/police/police-471.jpg
police	589b8654a914cea5162d1569899e4a525593dcc775bfd3537b3b8182c5f0fc6b	datasets/IdenProf/idenprof/train/police/police-63.jpg	train_dataset/normal/police/police-63.jpg
police	58e8f4e02d05bedcd213f4a69bbda61a36975da4822370f988a4912917945298	datasets/IdenProf/idenprof/train/police/police-337.jpg	train_dataset/normal/police/police-337.jpg
police	5901a254710aaabbdcb43a685c6dda7b51eef1f1a5fcf9990025b0d3fd85ae92	datasets/IdenProf/idenprof/train/police/police-140.jpg	train_dataset/normal/police/police-140.jpg
police	5920f26c6a2ce1065670d7cdee9b95bdeac8b06151cb79887752c2c794585040	datasets/IdenProf/idenprof/train/police/police-296.jpg	train_dataset/normal/police/police-296.jpg
police	5931148dae757d2938d631ce9e405dfe1d57d9ff67a601dfb86ee2fefde14a84	datasets/IdenProf/idenprof/train/police/police-671.jpg	train_dataset/normal/police/police-671.jpg
police	599eeacbe6146d0fddd41c36cb30727c4aeab754f47d34b08f4648915b3fdcce	datasets/IdenProf/idenprof/train/police/police-247.jpg	train_dataset/normal/police/police-247.jpg
police	59ca681f49c8d1376aeee4f16bdaae4ec1988e4fd7f3577903faf199c38d7274	datasets/IdenProf/idenprof/train/police/police-363.jpg	train_dataset/normal/police/police-363.jpg
police	59e8e9333db1750417ab6ef5689fd427b6ff823612bbc139dd439e58006f3278	datasets/IdenProf/idenprof/train/police/police-444.jpg	train_dataset/normal/police/police-444.jpg
police	5a0368109f3b29485f5702fbb0a2d49a7273fbd77ff692b454398ec8bf7f34c3	datasets/IdenProf/idenprof/train/police/police-216.jpg	train_dataset/normal/police/police-216.jpg
police	5a49dcad8092acc01132a7a33cd31db84ad1d977570d6ab894ac26877a413776	datasets/IdenProf/idenprof/train/police/police-307.jpg	train_dataset/normal/police/police-307.jpg
police	5a878411d3387b0a6f574e65c23de9a39ce6ec2ae038f34cf6815ca3292023a9	datasets/IdenProf/idenprof/train/police/police-630.jpg	train_dataset/normal/police/police-630.jpg
police	5b0046e6cdb6fb5e7a91f6a4c392eec67a93c26f36f63c81862cbc9c05651396	datasets/IdenProf/idenprof/train/police/police-850.jpg	train_dataset/normal/police/police-850.jpg
police	5be61e35fe3920fa207ff7df1263944a968267ab5ede35aaff898cd27c361100	datasets/IdenProf/idenprof/train/police/police-264.jpg	train_dataset/normal/police/police-264.jpg
police	5dc710c75a284e3474fc77453b8a4501b16a804ee7a7196699a12d12a24c1bb0	datasets/IdenProf/idenprof/train/police/police-702.jpg	train_dataset/normal/police/police-702.jpg
police	5e6cd78191fa52b4a488bf4d49f2954f16118875187e32238378019ff69723b6	datasets/IdenProf/idenprof/train/police/police-821.jpg	train_dataset/normal/police/police-821.jpg
police	5e920f0bacae55c396da2e1fbd6bf35bec1007941b52b7574218154f51aab754	datasets/IdenProf/idenprof/train/police/police-25.jpg	train_dataset/normal/police/police-25.jpg
police	5ed3c736b92fb65b8215839bc259f20b8205ad19c09a1ba007eef5996b5fe2c5	datasets/IdenProf/idenprof/train/police/police-889.jpg	train_dataset/normal/police/police-889.jpg
police	5f5b43639b2027813e956dbbf405576126539b4f69b8f650e6ba5fd9e907494c	datasets/IdenProf/idenprof/train/police/police-575.jpg	train_dataset/normal/police/police-575.jpg
waiter	0003cc375b67a9168cd3c73e2b6be7cc8ba8ccaf3bf615db718f3e0c2af04732	datasets/IdenProf/idenprof/train/waiter/waiter-48.jpg	train_dataset/normal/waiter/waiter-48.jpg
waiter	001474532daf02c07566565d86aa88fa6e449fd12ac2392643bb46967bf37d7d	datasets/IdenProf/idenprof/train/waiter/waiter-52.jpg	train_dataset/normal/waiter/waiter-52.jpg
waiter	004b3a2116671f5a55f65187e9b5cd2314bb09e997c00a4a769772061251758e	datasets/IdenProf/idenprof/train/waiter/waiter-177.jpg	train_dataset/normal/waiter/waiter-177.jpg
waiter	0067834c3fb03681619c5adaeddbfa935ce763cb70bd492705d02073648bec67	datasets/IdenProf/idenprof/train/waiter/waiter-113.jpg	train_dataset/normal/waiter/waiter-113.jpg
waiter	00c162e454e03f0e3408826cf87c77dc49d28b4412134f2ac8eed543b92ce0b2	datasets/IdenProf/idenprof/train/waiter/waiter-868.jpg	train_dataset/normal/waiter/waiter-868.jpg
waiter	012d13e52bdd8f317c65b2e1584adc47314546a4027ffd78c009473bbc3ad186	datasets/IdenProf/idenprof/train/waiter/waiter-267.jpg	train_dataset/normal/waiter/waiter-267.jpg
waiter	0212b3da702c0ecdcd34978947dd8306a46f6373d5fc86f012e3ebb026065749	datasets/IdenProf/idenprof/train/waiter/waiter-874.jpg	train_dataset/normal/waiter/waiter-874.jpg
waiter	02712236089a32283c165110b8cd5e280e4adfc597325c2b752eb337c5ecc92e	datasets/IdenProf/idenprof/train/waiter/waiter-604.jpg	train_dataset/normal/waiter/waiter-604.jpg
waiter	02f3a70182fe0bb566375798ab19b9d93e479bbe5610c65ccf8ed7973f4566a2	datasets/IdenProf/idenprof/train/waiter/waiter-805.jpg	train_dataset/normal/waiter/waiter-805.jpg
waiter	02f6e29469a3f34d488ceebbf5f12a7b79dd83b8aa6944be84571a6afe065462	datasets/IdenProf/idenprof/train/waiter/waiter-2.jpg	train_dataset/normal/waiter/waiter-2.jpg
waiter	036e14aa50b643048437f5ea5a622f1efa9e226c15c725324c00a87bd13b4e2c	datasets/IdenProf/idenprof/train/waiter/waiter-346.jpg	train_dataset/normal/waiter/waiter-346.jpg
waiter	039487cebc4e0684c99a05a0e44f7d45057f6ebc9d961d3e1a02515524bc3581	datasets/IdenProf/idenprof/train/waiter/waiter-843.jpg	train_dataset/normal/waiter/waiter-843.jpg
waiter	04017cdd54e596581245126c5cdbfa590bdedac61d6ce1d3cab50de9a58e8757	datasets/IdenProf/idenprof/train/waiter/waiter-595.jpg	train_dataset/normal/waiter/waiter-595.jpg
waiter	041ac42f26e34046915a498f95250e4e62be2181791989363b7d1f73701055b5	datasets/IdenProf/idenprof/train/waiter/waiter-72.jpg	train_dataset/normal/waiter/waiter-72.jpg
waiter	046dd74e59ea522b1262d10de50f379cb05fdcd256c67ccc651164702535f2da	datasets/IdenProf/idenprof/train/waiter/waiter-109.jpg	train_dataset/normal/waiter/waiter-109.jpg
waiter	04ed5c9e3c6270259572b9cb0dcd08aabf8d07dad06d12f1996d9064588c3ad5	datasets/IdenProf/idenprof/train/waiter/waiter-630.jpg	train_dataset/normal/waiter/waiter-630.jpg
waiter	0532bad385333ca364a12423ddbddb5832f34e67a02ac15108ffaa9b1dddfff6	datasets/IdenProf/idenprof/train/waiter/waiter-587.jpg	train_dataset/normal/waiter/waiter-587.jpg
waiter	057954d98e5ceccb6b73148dfd4998956930d252e07c45cc94d8c9999b95db94	datasets/IdenProf/idenprof/train/waiter/waiter-857.jpg	train_dataset/normal/waiter/waiter-857.jpg
waiter	05a7592de587c4d52040e6922ed9de5ae189b9a1246cb3bb1c850acbfb613888	datasets/IdenProf/idenprof/train/waiter/waiter-96.jpg	train_dataset/normal/waiter/waiter-96.jpg
waiter	05bc883c54156d45993e0376857d6ba46d5cbb1bf2f0a59f54784812bcfd375c	datasets/IdenProf/idenprof/train/waiter/waiter-61.jpg	train_dataset/normal/waiter/waiter-61.jpg
waiter	0618e58cf63b7bbdd36811155e62401a5989d8c6de04d0fc83930d9fd63aac7a	datasets/IdenProf/idenprof/train/waiter/waiter-4.jpg	train_dataset/normal/waiter/waiter-4.jpg
waiter	06b2e08ae22dc66f2632a9c6d39a9dc11f33705ae4b431b820f5e2c1d5938093	datasets/IdenProf/idenprof/train/waiter/waiter-586.jpg	train_dataset/normal/waiter/waiter-586.jpg
waiter	06c280bac7b6f5c2e50c3b4ef1ff144548542b9b7c7bb3e5db1fe81630768b21	datasets/IdenProf/idenprof/train/waiter/waiter-487.jpg	train_dataset/normal/waiter/waiter-487.jpg
waiter	0730f596d5613a26828b6f2d5dcb6835832b518090755de9eaf204ea7e1c6522	datasets/IdenProf/idenprof/train/waiter/waiter-161.jpg	train_dataset/normal/waiter/waiter-161.jpg
waiter	07750b280eb8fb270a4dfdeb837ef48553f0fffb30e7b80c41d5361b6e629f7d	datasets/IdenProf/idenprof/train/waiter/waiter-849.jpg	train_dataset/normal/waiter/waiter-849.jpg
waiter	07df1734ce3c81d2e4fd2c7613c7a8290d922c730335e42aa48bd1712573cdce	datasets/IdenProf/idenprof/train/waiter/waiter-321.jpg	train_dataset/normal/waiter/waiter-321.jpg
waiter	07e8550f506a4c6b096243d87861857c23437c5cb9d5ce9abd61f0a95056ce78	datasets/IdenProf/idenprof/train/waiter/waiter-435.jpg	train_dataset/normal/waiter/waiter-435.jpg
waiter	07ed4e96b4fc49660fea09153809f2243a87da71c4e92726e0ed5c4c4451cc5f	datasets/IdenProf/idenprof/train/waiter/waiter-626.jpg	train_dataset/normal/waiter/waiter-626.jpg
waiter	08db02f3bdfde6a994afee98c252720e86bd640bfadf0c49b2f48cfb092e8a2b	datasets/IdenProf/idenprof/train/waiter/waiter-220.jpg	train_dataset/normal/waiter/waiter-220.jpg
waiter	0905f6691104b678f5536bf7d2667cf26089fb7020287b37b46a35421707b2da	datasets/IdenProf/idenprof/train/waiter/waiter-29.jpg	train_dataset/normal/waiter/waiter-29.jpg
waiter	09378890505fe365fb31089fca427b47ee7b0a7fe8c8524afd6613b297046680	datasets/IdenProf/idenprof/train/waiter/waiter-786.jpg	train_dataset/normal/waiter/waiter-786.jpg
waiter	0959ff9dda580257962677a5b0cbda7a128afeb345fa20aa640ed3124a9d8d12	datasets/IdenProf/idenprof/train/waiter/waiter-726.jpg	train_dataset/normal/waiter/waiter-726.jpg
waiter	098aa12d62b21d524992967617e58ab6096dc28afed31e73b6c2c2fbbb9a77e2	datasets/IdenProf/idenprof/train/waiter/waiter-35.jpg	train_dataset/normal/waiter/waiter-35.jpg
waiter	0999441a5b1999012f47112b083eb5e13691e86204aa904ec5784d7d27db241d	datasets/IdenProf/idenprof/train/waiter/waiter-724.jpg	train_dataset/normal/waiter/waiter-724.jpg
waiter	09be2fbe531bcd44fe06e0fe793367e97a705818c7de6b8725771d512f4046d6	datasets/IdenProf/idenprof/train/waiter/waiter-453.jpg	train_dataset/normal/waiter/waiter-453.jpg
waiter	09d3e6b63ece1c70267fc1384ae6b3b50226813aa83b6dac7e684162d7b1b9c5	datasets/IdenProf/idenprof/train/waiter/waiter-723.jpg	train_dataset/normal/waiter/waiter-723.jpg
waiter	09de61e2374b330412a1032d2767038a069d6c2672008175bebd818aeb627a0e	datasets/IdenProf/idenprof/train/waiter/waiter-391.jpg	train_dataset/normal/waiter/waiter-391.jpg
waiter	0a4f0950e79597bc14fb8f1c665c38898dd73242b60151ff7c65adf89bb98515	datasets/IdenProf/idenprof/train/waiter/waiter-886.jpg	train_dataset/normal/waiter/waiter-886.jpg
waiter	0aa32385c8cf51e24eeee9fa17bfb21be64889c97582e131a35d7271556e4310	datasets/IdenProf/idenprof/train/waiter/waiter-561.jpg	train_dataset/normal/waiter/waiter-561.jpg
waiter	0aa768e1cc6b7d01355cf32478a97b2e77550018eea7ea7eed24f1361c534053	datasets/IdenProf/idenprof/train/waiter/waiter-882.jpg	train_dataset/normal/waiter/waiter-882.jpg
waiter	0ae7bbf9dd8c58197d7e14c12bf2fef8f9be1d91b139b3bcd10cc35fbc4f53e7	datasets/IdenProf/idenprof/train/waiter/waiter-894.jpg	train_dataset/normal/waiter/waiter-894.jpg
waiter	0bac7652f6e0a53e25d4bee0c4c9ae0eeb47099c0e9259a06d148c9799232743	datasets/IdenProf/idenprof/train/waiter/waiter-117.jpg	train_dataset/normal/waiter/waiter-117.jpg
waiter	0c1163ef89ebee07ad33de70944da4f32b2b20b502dabdb88a28e2b19388bff2	datasets/IdenProf/idenprof/train/waiter/waiter-653.jpg	train_dataset/normal/waiter/waiter-653.jpg
waiter	0c222e1aad8f5196415b40a7659ae22dac2481b55e8ae8fc7c8bf9ddb60580bc	datasets/IdenProf/idenprof/train/waiter/waiter-673.jpg	train_dataset/normal/waiter/waiter-673.jpg
waiter	0d0b2f26c46f1a6fc2d69c99706b93d1a8bbc85dbebe9a8efb6af68f92277897	datasets/IdenProf/idenprof/train/waiter/waiter-833.jpg	train_dataset/normal/waiter/waiter-833.jpg
waiter	0d212f59d203ee3a275945e00723798f1b86937ede77e1feacb7821072290e4b	datasets/IdenProf/idenprof/train/waiter/waiter-893.jpg	train_dataset/normal/waiter/waiter-893.jpg
waiter	0d3ab5b2109f8fc2cd6b6ff4f6c25fd5e1400926a841edaa2b2124f92a2d431b	datasets/IdenProf/idenprof/train/waiter/waiter-695.jpg	train_dataset/normal/waiter/waiter-695.jpg
waiter	0eb3a20d6f4bbd4a607fbb298b3dc344412af8babb4259bbd7ba850e53629139	datasets/IdenProf/idenprof/train/waiter/waiter-83.jpg	train_dataset/normal/waiter/waiter-83.jpg
waiter	0edfe1dcb6270434dbdf79eaa31e71a55bc2a15545d0753d5f1097543a4d70b8	datasets/IdenProf/idenprof/train/waiter/waiter-383.jpg	train_dataset/normal/waiter/waiter-383.jpg
waiter	0ee31516cb8625ab37c2f55cb63cf7e62d17245e67b58479651dfa60c1520ebc	datasets/IdenProf/idenprof/train/waiter/waiter-134.jpg	train_dataset/normal/waiter/waiter-134.jpg
waiter	0eeee9443fce41ac62ff2b1fb13ef1a59652710d8e10cee8593869dd57bf6271	datasets/IdenProf/idenprof/train/waiter/waiter-698.jpg	train_dataset/normal/waiter/waiter-698.jpg
waiter	0efe85d85d60fd3cd0a3ffe2d70068307da198f1188d72e000fa414c5a92b643	datasets/IdenProf/idenprof/train/waiter/waiter-721.jpg	train_dataset/normal/waiter/waiter-721.jpg
waiter	0f3bf22264109d57196c954cc0998b54ef8c7340fad2dae422972bf166e4cd86	datasets/IdenProf/idenprof/train/waiter/waiter-5.jpg	train_dataset/normal/waiter/waiter-5.jpg
waiter	0f635a88dec62ba1bc8c418d53535fc19d8fc6079a32bb4661b898d3cec2d060	datasets/IdenProf/idenprof/train/waiter/waiter-447.jpg	train_dataset/normal/waiter/waiter-447.jpg
waiter	0f9d2755500c6bc55875c91730c36decca0ed30f1bffd888601cfd004c0e9ea5	datasets/IdenProf/idenprof/train/waiter/waiter-605.jpg	train_dataset/normal/waiter/waiter-605.jpg
waiter	0fedb26404e85b4dafdc00fb87e93c4365037a1bc978924e06ab08f1f126895c	datasets/IdenProf/idenprof/train/waiter/waiter-304.jpg	train_dataset/normal/waiter/waiter-304.jpg
waiter	0ff6a40dec624804ce03c301e353eca680277ffdeacd0fa9f7176c2e2a362570	datasets/IdenProf/idenprof/train/waiter/waiter-534.jpg	train_dataset/normal/waiter/waiter-534.jpg
waiter	0ffb988f52a8ebf4894626c243057cfef78b1b073a78ea94499bd3118c9da502	datasets/IdenProf/idenprof/train/waiter/waiter-802.jpg	train_dataset/normal/waiter/waiter-802.jpg
waiter	0ffe9e19a6d9a93e9e97b06215a94285e9181b6a50f5c245cb5a57f87f4b7c67	datasets/IdenProf/idenprof/train/waiter/waiter-725.jpg	train_dataset/normal/waiter/waiter-725.jpg
waiter	10651aa06d5f791046c9cda7e76281d00590c02aba00b2f17843df08e2a4836b	datasets/IdenProf/idenprof/train/waiter/waiter-608.jpg	train_dataset/normal/waiter/waiter-608.jpg
waiter	10c39b05b21486c3566cbd00c080c1766e3d5022d04f3365b603be129e95e249	datasets/IdenProf/idenprof/train/waiter/waiter-553.jpg	train_dataset/normal/waiter/waiter-553.jpg
waiter	11e134bb737ccaab259a52ad4582f62b236aab8f57ceccf75fbcf0f102f6d551	datasets/IdenProf/idenprof/train/waiter/waiter-263.jpg	train_dataset/normal/waiter/waiter-263.jpg
waiter	125064a2ac2579d2c47a4866a89fe63a4ee25b8ea40a56e6aee6f4c2f2b3f109	datasets/IdenProf/idenprof/train/waiter/waiter-733.jpg	train_dataset/normal/waiter/waiter-733.jpg
waiter	12570742012eb5febc596cdf5255a07d6e3966e91c281237d8a23b88a5034555	datasets/IdenProf/idenprof/train/waiter/waiter-683.jpg	train_dataset/normal/waiter/waiter-683.jpg
waiter	12c837a2c2a7795e04a45e7f2d450cacb6a4c763190a8641a0d8c8fa050cf0e7	datasets/IdenProf/idenprof/train/waiter/waiter-737.jpg	train_dataset/normal/waiter/waiter-737.jpg
waiter	13008d38d833bba1c5e06b6718b70e555e8cb324a886bfdd8e9431f4ed58c625	datasets/IdenProf/idenprof/train/waiter/waiter-44.jpg	train_dataset/normal/waiter/waiter-44.jpg
waiter	136846eac71a31af456956a062364f4224a1b76b161e75c297aa948f905f825b	datasets/IdenProf/idenprof/train/waiter/waiter-672.jpg	train_dataset/normal/waiter/waiter-672.jpg
waiter	13d0bfd5f55d19b5906c1349cd1be5ea384484d9ba6c52b1753a64c8a8f7374b	datasets/IdenProf/idenprof/train/waiter/waiter-810.jpg	train_dataset/normal/waiter/waiter-810.jpg
waiter	13eb9750f28c4f6fea618ab6b479cf3a25cb6c8f5b6d812f697c41bd01a912fb	datasets/IdenProf/idenprof/train/waiter/waiter-199.jpg	train_dataset/normal/waiter/waiter-199.jpg
waiter	149fb3a0b7a30893c35b32320212b812f4c3e655b7965da32567ffb95b59d13c	datasets/IdenProf/idenprof/train/waiter/waiter-492.jpg	train_dataset/normal/waiter/waiter-492.jpg
waiter	14f758066502c576bd79d5ab4fdd9e426fbcb3531963c9e347b400b5e10ebdd1	datasets/IdenProf/idenprof/train/waiter/waiter-588.jpg	train_dataset/normal/waiter/waiter-588.jpg
waiter	15e35d43b852a295909b5a751bba06405bf45a60642acabb63741ad762779b0c	datasets/IdenProf/idenprof/train/waiter/waiter-509.jpg	train_dataset/normal/waiter/waiter-509.jpg
waiter	160d77794b6849ac036f2207aa3fd3d33804b978d4d1b48ebb8f49e829f64dc0	datasets/IdenProf/idenprof/train/waiter/waiter-299.jpg	train_dataset/normal/waiter/waiter-299.jpg
waiter	161adaabf5f0dbed075d2831ddbdf71b035c51a1c5f94736d2da886465d917db	datasets/IdenProf/idenprof/train/waiter/waiter-38.jpg	train_dataset/normal/waiter/waiter-38.jpg
waiter	165f401e769122c8b4bf35118598e4e5ba6a36d1674bf9aac6a21f99dc93e33d	datasets/IdenProf/idenprof/train/waiter/waiter-41.jpg	train_dataset/normal/waiter/waiter-41.jpg
waiter	16b14ded1a2ef909ce82a1cb4a8b340ace4361c1d63582ab818bed83b938bb70	datasets/IdenProf/idenprof/train/waiter/waiter-729.jpg	train_dataset/normal/waiter/waiter-729.jpg
waiter	16c2ee61d3f9f15d6784b6f52f026f29b6a47b6769a87d91d1d58a6bcf85834c	datasets/IdenProf/idenprof/train/waiter/waiter-33.jpg	train_dataset/normal/waiter/waiter-33.jpg
waiter	16c3933d09f81049a328303a0ef024b98f5747d3dbfbd91dc10bf3a0741b1c97	datasets/IdenProf/idenprof/train/waiter/waiter-483.jpg	train_dataset/normal/waiter/waiter-483.jpg
waiter	17093de8ca349a2fff09f864e82974765d7c9af74eb6e6de8009bbf5b585657b	datasets/IdenProf/idenprof/train/waiter/waiter-222.jpg	train_dataset/normal/waiter/waiter-222.jpg
waiter	17376f9638650eaeb4e059af50617def614f5dbb0b618bf773cbf5eae99bbc44	datasets/IdenProf/idenprof/train/waiter/waiter-230.jpg	train_dataset/normal/waiter/waiter-230.jpg
waiter	17530dabc8232cce0a99501ee9929bc4ac5e5fafca840f15b3bf45dbc0687a47	datasets/IdenProf/idenprof/train/waiter/waiter-540.jpg	train_dataset/normal/waiter/waiter-540.jpg
waiter	1775944ea9026aadf24e3eede675947c2e67dbeb911098ad045d0723c1bc58a4	datasets/IdenProf/idenprof/train/waiter/waiter-524.jpg	train_dataset/normal/waiter/waiter-524.jpg
waiter	181317b94509b70cc1ac2dd80a7ae66bce3a0809998d20e0208b6f1c588178be	datasets/IdenProf/idenprof/train/waiter/waiter-690.jpg	train_dataset/normal/waiter/waiter-690.jpg
waiter	18143f917d3deb85c76e44bf2b062dd925314c65bbe48f657d725fccacb4ed32	datasets/IdenProf/idenprof/train/waiter/waiter-30.jpg	train_dataset/normal/waiter/waiter-30.jpg
waiter	188b115871df9ba203f2d5710ebdac313188894f0272767fc59b5e4226450427	datasets/IdenProf/idenprof/train/waiter/waiter-377.jpg	train_dataset/normal/waiter/waiter-377.jpg
waiter	18942218529007c9278572f65a042a9d208b2e6a4cc36de26fd6929596ada7c3	datasets/IdenProf/idenprof/train/waiter/waiter-839.jpg	train_dataset/normal/waiter/waiter-839.jpg
waiter	18bd089fc1df0408b5f9163cfa4e0e5405bc4f695bc64825db85ec74dac565ce	datasets/IdenProf/idenprof/train/waiter/waiter-462.jpg	train_dataset/normal/waiter/waiter-462.jpg
waiter	19287392f441082ceb4e6740a94b7870cecf51a2557b79389bcf43315d503813	datasets/IdenProf/idenprof/train/waiter/waiter-533.jpg	train_dataset/normal/waiter/waiter-533.jpg
waiter	193f38c64469593955190289a3cdcefee9ee29eff8d933d5b65aa2dde4029bb3	datasets/IdenProf/idenprof/train/waiter/waiter-176.jpg	train_dataset/normal/waiter/waiter-176.jpg
waiter	196fbb01c60ecb523c8c233722091cd227d1b134ba667258531b897687127e65	datasets/IdenProf/idenprof/train/waiter/waiter-305.jpg	train_dataset/normal/waiter/waiter-305.jpg
waiter	1979acd45d262dc6d3ad6dbb3add583a762d2ef280e55a38707e9524f7a51728	datasets/IdenProf/idenprof/train/waiter/waiter-268.jpg	train_dataset/normal/waiter/waiter-268.jpg
waiter	19c7b13196fdf185dc64269234581aba0468f96adfd04217348004aada697d4e	datasets/IdenProf/idenprof/train/waiter/waiter-336.jpg	train_dataset/normal/waiter/waiter-336.jpg
waiter	1a37a160bb66e70bd9a40c188e70a9d1ea344a3b7e6424f16ce8b00cd6b7b96c	datasets/IdenProf/idenprof/train/waiter/waiter-277.jpg	train_dataset/normal/waiter/waiter-277.jpg
waiter	1ab6f118e7e1714e9f3a5557fe69dde3b5880aff996428a1b2f631b65f119291	datasets/IdenProf/idenprof/train/waiter/waiter-111.jpg	train_dataset/normal/waiter/waiter-111.jpg
waiter	1ada98726e236bac166fc5e1293e9d7b24f353e7ea101ed52c3d27d950ec34d3	datasets/IdenProf/idenprof/train/waiter/waiter-826.jpg	train_dataset/normal/waiter/waiter-826.jpg
waiter	1b30c6b2c61b9253682e1488fe6bc5f83b31849f95fa7d9fa92882d7fa07b83e	datasets/IdenProf/idenprof/train/waiter/waiter-47.jpg	train_dataset/normal/waiter/waiter-47.jpg
waiter	1bc4cf1e27d096a94397ffca567e456a19be16c09a87c1c7fd86e5ec1171ca36	datasets/IdenProf/idenprof/train/waiter/waiter-689.jpg	train_dataset/normal/waiter/waiter-689.jpg
waiter	1bda1b861d8ca8c44e2ec8ce284bb6a1dc043a29582909cefff0c275ac72bb7b	datasets/IdenProf/idenprof/train/waiter/waiter-815.jpg	train_dataset/normal/waiter/waiter-815.jpg
waiter	1cc45c22dc8e64f3dfddf14d3c0f3ff3503072e59e7d953ad8291c1bc03045db	datasets/IdenProf/idenprof/train/waiter/waiter-469.jpg	train_dataset/normal/waiter/waiter-469.jpg
waiter	1cc783a79fa8b22d9de3bc78a84ad6fb1bb6d0aeafce6bf1dcbc161fbf1f4ab8	datasets/IdenProf/idenprof/train/waiter/waiter-210.jpg	train_dataset/normal/waiter/waiter-210.jpg
waiter	1d36dc655cf96d5f992256be82d5d2e9731a63cb3978a099efbfc13d44c6e008	datasets/IdenProf/idenprof/train/waiter/waiter-233.jpg	train_dataset/normal/waiter/waiter-233.jpg
waiter	1d450b6f7c70677b900aad015dc8f11d61d6ea6860b630fd077aee7238d7654d	datasets/IdenProf/idenprof/train/waiter/waiter-70.jpg	train_dataset/normal/waiter/waiter-70.jpg
waiter	1da416afd43911d83b3eceed3f427626a37e5f4f8a4acf2069b6b8a84144bd4c	datasets/IdenProf/idenprof/train/waiter/waiter-58.jpg	train_dataset/normal/waiter/waiter-58.jpg
waiter	1e2edb4f4bed11f39a6e97aca30db19950e3d09b22148f8f5056b5bb79543d7c	datasets/IdenProf/idenprof/train/waiter/waiter-108.jpg	train_dataset/normal/waiter/waiter-108.jpg
waiter	1e37c376778d7506f66ee12f0d0a936b24b0373877c10c13b81ea658aa81e514	datasets/IdenProf/idenprof/train/waiter/waiter-342.jpg	train_dataset/normal/waiter/waiter-342.jpg
waiter	1e77d56f7353cd63f34a2be294247d353d2dd65cf3b9187a06ebb107ae740645	datasets/IdenProf/idenprof/train/waiter/waiter-348.jpg	train_dataset/normal/waiter/waiter-348.jpg
waiter	1eb084d432958d397d1e83e68b47bfe15caf58bff34f9b107011c7f660d6ab12	datasets/IdenProf/idenprof/train/waiter/waiter-669.jpg	train_dataset/normal/waiter/waiter-669.jpg
waiter	1f9244f5b17cbf27539881fcfc8d69f616f95ad4e237516062cee2c71ab4f0a5	datasets/IdenProf/idenprof/train/waiter/waiter-807.jpg	train_dataset/normal/waiter/waiter-807.jpg
waiter	1fc2089340208a1d4970d30c754c73a8b90f7136a221cdf4a3d6bc1601132dc5	datasets/IdenProf/idenprof/train/waiter/waiter-291.jpg	train_dataset/normal/waiter/waiter-291.jpg
waiter	1fdc559b53202d1d3d8ad901e4de8929b39479be6e43abe84d25d0504deac834	datasets/IdenProf/idenprof/train/waiter/waiter-641.jpg	train_dataset/normal/waiter/waiter-641.jpg
waiter	204b0e0564c58d708506cd550f1b400071bb9914b4186bf550b0d7959fff9795	datasets/IdenProf/idenprof/train/waiter/waiter-762.jpg	train_dataset/normal/waiter/waiter-762.jpg
waiter	20749a2e2613c0d64bc97aedf781b60d9f54ab72d1ea50db684fe1c8aaa6b006	datasets/IdenProf/idenprof/train/waiter/waiter-260.jpg	train_dataset/normal/waiter/waiter-260.jpg
waiter	2092a84a156c71e0ef81a4f501fcef2cc77122716da1c09508b0f8b3029c2454	datasets/IdenProf/idenprof/train/waiter/waiter-789.jpg	train_dataset/normal/waiter/waiter-789.jpg
waiter	20bd14f0dd9cee27d3943a9ecd49bcd4b455b773bd6ae6a6c7951efb14c32049	datasets/IdenProf/idenprof/train/waiter/waiter-617.jpg	train_dataset/normal/waiter/waiter-617.jpg
waiter	20caa7f5983b9fe2cc6fc0c27e68eff5788126d1df7ba8b25d90bc72c774fbcf	datasets/IdenProf/idenprof/train/waiter/waiter-484.jpg	train_dataset/normal/waiter/waiter-484.jpg
waiter	2129cc6ec86ab0822ba2da3a25e971dec2f015c752e06e9a95829932bb44f484	datasets/IdenProf/idenprof/train/waiter/waiter-186.jpg	train_dataset/normal/waiter/waiter-186.jpg
waiter	213eec3b9efb6ff4ff9226ca809e54a07857173ec70eb89291ff63ec5e20919e	datasets/IdenProf/idenprof/train/waiter/waiter-317.jpg	train_dataset/normal/waiter/waiter-317.jpg
waiter	2157ff0d29f23fca4b09ff93f2420f43f5ff534d5c97f2942d89f505bb2bf87d	datasets/IdenProf/idenprof/train/waiter/waiter-661.jpg	train_dataset/normal/waiter/waiter-661.jpg
waiter	21b806fcbd009e7148cf3e2b228dd10a57f95234f7faf0c45cbda3fcb36bd467	datasets/IdenProf/idenprof/train/waiter/waiter-714.jpg	train_dataset/normal/waiter/waiter-714.jpg
waiter	21e4f3bf56f97e1e5538403c320a124ae0b59b42c240f1c874c79eea33a7c727	datasets/IdenProf/idenprof/train/waiter/waiter-872.jpg	train_dataset/normal/waiter/waiter-872.jpg
waiter	21ffb59fb8747bd17ee2d9de4e0ea4e8fd28588b4691be15df4c7a25deb09c07	datasets/IdenProf/idenprof/train/waiter/waiter-722.jpg	train_dataset/normal/waiter/waiter-722.jpg
waiter	221422b54f9b8691b63d4f2162d832baaded6e6cde71c95a65f8708ae372607c	datasets/IdenProf/idenprof/train/waiter/waiter-286.jpg	train_dataset/normal/waiter/waiter-286.jpg
waiter	221c76097ffab77cbad3c028faba4ee9ded952d3ce2cf84a2de81981ab5f9d5d	datasets/IdenProf/idenprof/train/waiter/waiter-523.jpg	train_dataset/normal/waiter/waiter-523.jpg
waiter	22d29346e40352643d78248dd246f265a22d3062db09bc1728589ec5b95f47be	datasets/IdenProf/idenprof/train/waiter/waiter-401.jpg	train_dataset/normal/waiter/waiter-401.jpg
waiter	22f380aa4e950909a905080c87143fe14e74a74787abc261511a0e88416386dc	datasets/IdenProf/idenprof/train/waiter/waiter-388.jpg	train_dataset/normal/waiter/waiter-388.jpg
waiter	23e0e722a2f8c6bc679bae1c46b9ae933e277bdf7a950e2f598785d36e2f1b78	datasets/IdenProf/idenprof/train/waiter/waiter-495.jpg	train_dataset/normal/waiter/waiter-495.jpg
waiter	23f72ddf1cf240c51e034f6fefb531d70a7df29def24a12e77a95c18dfd720cc	datasets/IdenProf/idenprof/train/waiter/waiter-682.jpg	train_dataset/normal/waiter/waiter-682.jpg
waiter	24b7d6ad729c9b730db1acfa05fb34e7d837df7e0e4e7ad2987a81d6779e7307	datasets/IdenProf/idenprof/train/waiter/waiter-525.jpg	train_dataset/normal/waiter/waiter-525.jpg
waiter	2545b6dbd2e7ac84b36f08e0d0eb5ee3129a25d4d9b28c5108d9ff4f5669a74d	datasets/IdenProf/idenprof/train/waiter/waiter-751.jpg	train_dataset/normal/waiter/waiter-751.jpg
waiter	257d22f5616741d0e3ba411237a29c8205b52b54e8f3c6674f5b7c68b8fa3975	datasets/IdenProf/idenprof/train/waiter/waiter-410.jpg	train_dataset/normal/waiter/waiter-410.jpg
waiter	2581d5ad289e7d53a986986f9554d0ba847c1d5a8c73f080853d178dd9c3abc4	datasets/IdenProf/idenprof/train/waiter/waiter-651.jpg	train_dataset/normal/waiter/waiter-651.jpg
waiter	25a5a28caa794ac8584d7c694a03f162286fc5748f83ae973654f7cfc082c3d4	datasets/IdenProf/idenprof/train/waiter/waiter-853.jpg	train_dataset/normal/waiter/waiter-853.jpg
waiter	2602f829f63bf8164a5340d01e79b79ccea0d27d001b1a8768eb1728dd28a32f	datasets/IdenProf/idenprof/train/waiter/waiter-262.jpg	train_dataset/normal/waiter/waiter-262.jpg
waiter	2631f8ebca2ef869a8ad5351e3f3829ca4bcf0d25f8f714b75857ee274601dc2	datasets/IdenProf/idenprof/train/waiter/waiter-226.jpg	train_dataset/normal/waiter/waiter-226.jpg
waiter	267c14fb5b331bfcfd0ad91188c473f81355c9c86f2b7ec1d374c6ec30ba78f0	datasets/IdenProf/idenprof/train/waiter/waiter-97.jpg	train_dataset/normal/waiter/waiter-97.jpg
waiter	268c7003ca39c04ce9c6b8cc412bc5d71c688c0bbb7bf0c135bc137680ab2885	datasets/IdenProf/idenprof/train/waiter/waiter-81.jpg	train_dataset/normal/waiter/waiter-81.jpg
waiter	269c9c838cf8b3b4eb96f8cb777c9632ef692528f474a6d92fc813774fcd22b7	datasets/IdenProf/idenprof/train/waiter/waiter-637.jpg	train_dataset/normal/waiter/waiter-637.jpg
waiter	26cfb3afd48fd721c0f2fbaf70009da303b918cfbbe7ce05e695c0d933afc01c	datasets/IdenProf/idenprof/train/waiter/waiter-201.jpg	train_dataset/normal/waiter/waiter-201.jpg
waiter	27a1f7a3b714154dffc528500af82e34cb0a859892cecf5022316e85cd7221bb	datasets/IdenProf/idenprof/train/waiter/waiter-740.jpg	train_dataset/normal/waiter/waiter-740.jpg
waiter	27b9a07189af53c35d86d96bbccd07e23085a44cce7d463ba5d9c36e2b62ef59	datasets/IdenProf/idenprof/train/waiter/waiter-197.jpg	train_dataset/normal/waiter/waiter-197.jpg
waiter	282e4f969db4f67ff1384c280113e1cf4ef6d54cf5e1f7f589a23cd733852710	datasets/IdenProf/idenprof/train/waiter/waiter-275.jpg	train_dataset/normal/waiter/waiter-275.jpg
waiter	28947980bbfdb14b56fd4d14f5e8b2c09105db4711b46dafc7738d43bab95486	datasets/IdenProf/idenprof/train/waiter/waiter-834.jpg	train_dataset/normal/waiter/waiter-834.jpg
waiter	28db663a2aa24301ee1914c54a6bdf6cce15cf6341bbf83c388a1721a83a6e98	datasets/IdenProf/idenprof/train/waiter/waiter-666.jpg	train_dataset/normal/waiter/waiter-666.jpg
waiter	29659fb8f4ac3e77772c162c919ec0efa44360fa997dad2300dde74a63702494	datasets/IdenProf/idenprof/train/waiter/waiter-347.jpg	train_dataset/normal/waiter/waiter-347.jpg
waiter	2ab737e2c53c7a2d373295deb7e5a40051a832d70785371f09fb13b5a629351f	datasets/IdenProf/idenprof/train/waiter/waiter-158.jpg	train_dataset/normal/waiter/waiter-158.jpg
waiter	2b2b04a7efbcd6b12f7aea638fec38407b953f7a371a700b97ed3a9a3635cda4	datasets/IdenProf/idenprof/train/waiter/waiter-482.jpg	train_dataset/normal/waiter/waiter-482.jpg
waiter	2b332abf895e83b0460a479bd8c7502e4e4cc332f80d3a7ec04e534c510b11e5	datasets/IdenProf/idenprof/train/waiter/waiter-611.jpg	train_dataset/normal/waiter/waiter-611.jpg
waiter	2b6a86ac2a723dbe425948a51c56058e013cb048a9bf91c47e28b40d44a17917	datasets/IdenProf/idenprof/train/waiter/waiter-754.jpg	train_dataset/normal/waiter/waiter-754.jpg
waiter	2b73dcbb3f470114ec19d4899dd641f1343f5425370165cd4f4cbe3cd4994a55	datasets/IdenProf/idenprof/train/waiter/waiter-680.jpg	train_dataset/normal/waiter/waiter-680.jpg
waiter	2bb1c16425817b38880f8e7e33a16c1c6c15155636ab482ac6df3c3ea8cd3a7e	datasets/IdenProf/idenprof/train/waiter/waiter-31.jpg	train_dataset/normal/waiter/waiter-31.jpg
waiter	2bc6ea15c694e50f5ff53ed35fc14c294724219d95ba158609806dbd7e43cfb5	datasets/IdenProf/idenprof/train/waiter/waiter-365.jpg	train_dataset/normal/waiter/waiter-365.jpg
waiter	2beea72f9255b1a450116fbd3e00d5e72616ddd2a2249f1351881a447ee3f4b6	datasets/IdenProf/idenprof/train/waiter/waiter-742.jpg	train_dataset/normal/waiter/waiter-742.jpg
waiter	2c0fc6293cba0269e3fc1906922dcd5ca0ceb68dbe14f1172ea4dcad8c810678	datasets/IdenProf/idenprof/train/waiter/waiter-404.jpg	train_dataset/normal/waiter/waiter-404.jpg
waiter	2c478520bb47eb58ee3486411948f8451c27c90bd75d8e570fc822d961705b31	datasets/IdenProf/idenprof/train/waiter/waiter-344.jpg	train_dataset/normal/waiter/waiter-344.jpg
waiter	2cb8d81ed686f0400f569b855b7db1cf12504cee718e3a49299c8f452bc34fc6	datasets/IdenProf/idenprof/train/waiter/waiter-138.jpg	train_dataset/normal/waiter/waiter-138.jpg
waiter	2d23cf5f348549703c26bb3ebb6399231fce7fcd45b1bba500bf7885007ac012	datasets/IdenProf/idenprof/train/waiter/waiter-635.jpg	train_dataset/normal/waiter/waiter-635.jpg
waiter	2d6adbdc288716eb53589d8531c07cbf4392a1f71e5a652057f354c4e93a963c	datasets/IdenProf/idenprof/train/waiter/waiter-532.jpg	train_dataset/normal/waiter/waiter-532.jpg
waiter	2da5db3029dabd3a0e2ad2ad2c03bb6f24e3e523217b62e0add2c91482760844	datasets/IdenProf/idenprof/train/waiter/waiter-234.jpg	train_dataset/normal/waiter/waiter-234.jpg
waiter	2db6ec37a68226f25692f40df5f9d82049408eab58058cb9c2b7522a009115a0	datasets/IdenProf/idenprof/train/waiter/waiter-859.jpg	train_dataset/normal/waiter/waiter-859.jpg
waiter	2e2d3a5cfde73ad77c56d9187f380b89e00d8656d5e80f6fbb041a6379ffac1e	datasets/IdenProf/idenprof/train/waiter/waiter-418.jpg	train_dataset/normal/waiter/waiter-418.jpg
waiter	2e9f2d7232d18e6d931d39cf85fa3cfc8c8ba62a50fef37b43c3b55e74cf5955	datasets/IdenProf/idenprof/train/waiter/waiter-379.jpg	train_dataset/normal/waiter/waiter-379.jpg
waiter	2efaefcc70d6af75089eb7c4c272e264f9dcb14b0d8b90875264c2468ba027d9	datasets/IdenProf/idenprof/train/waiter/waiter-358.jpg	train_dataset/normal/waiter/waiter-358.jpg
waiter	2f2c61f286944c0f19e9fb3c6b8ea75e27124fab7cf87713cc9cf889a9d714af	datasets/IdenProf/idenprof/train/waiter/waiter-758.jpg	train_dataset/normal/waiter/waiter-758.jpg
waiter	2f829f3448001615541596bc4412223c61f48f7949266cb692d38a9ffe29e29c	datasets/IdenProf/idenprof/train/waiter/waiter-318.jpg	train_dataset/normal/waiter/waiter-318.jpg
waiter	2fb7889beb284570a9138073028c82de33945756b331d0465d0d4906a765f9c3	datasets/IdenProf/idenprof/train/waiter/waiter-520.jpg	train_dataset/normal/waiter/waiter-520.jpg
waiter	30612d58eea62b0633723abac12e72bc3f78d8050a85b008819f53573de246b7	datasets/IdenProf/idenprof/train/waiter/waiter-499.jpg	train_dataset/normal/waiter/waiter-499.jpg
waiter	308f371c56b5bfa6f9671d518113dca24609de98008c63ec64132f2f502f6438	datasets/IdenProf/idenprof/train/waiter/waiter-445.jpg	train_dataset/normal/waiter/waiter-445.jpg
waiter	310fa7a9f4364f185031c06526417aab56a625a2ac87f3ca9a121814b61d338e	datasets/IdenProf/idenprof/train/waiter/waiter-696.jpg	train_dataset/normal/waiter/waiter-696.jpg
waiter	312e88b39861b1afcffbae73ad20142cf4ffe59c9992be970b485365a5037c5c	datasets/IdenProf/idenprof/train/waiter/waiter-564.jpg	train_dataset/normal/waiter/waiter-564.jpg
waiter	31d9e33ff436828b0ee6e266effd75a489a1b7350ec1f2913278b00bcb092a45	datasets/IdenProf/idenprof/train/waiter/waiter-474.jpg	train_dataset/normal/waiter/waiter-474.jpg
waiter	328fec275949d414326e8cb70ceef24d8bd84b990a22d9296fe325300d1791c8	datasets/IdenProf/idenprof/train/waiter/waiter-773.jpg	train_dataset/normal/waiter/waiter-773.jpg
waiter	32a1a9a1a757bc22ce588b31b7b584ae288489a9d88318760deb823d759cd019	datasets/IdenProf/idenprof/train/waiter/waiter-112.jpg	train_dataset/normal/waiter/waiter-112.jpg
waiter	32b2c1321143d5934673b426cf259c7dd30df9fb28b64cf45c519010ba02ad90	datasets/IdenProf/idenprof/train/waiter/waiter-655.jpg	train_dataset/normal/waiter/waiter-655.jpg
waiter	32b6f040becf31e36fca70801a24e081ef9cc08972a5e4d7d18ac808c8a49575	datasets/IdenProf/idenprof/train/waiter/waiter-719.jpg	train_dataset/normal/waiter/waiter-719.jpg
waiter	334ef2fedb4976dd245c03b4d5cd3ffba38f3c633db1bfae9ce29e4c4d13ce93	datasets/IdenProf/idenprof/train/waiter/waiter-638.jpg	train_dataset/normal/waiter/waiter-638.jpg
waiter	33543338d24a5927135a4f1f7245e1e1885c996225d152b768344437ef0bf8d0	datasets/IdenProf/idenprof/train/waiter/waiter-105.jpg	train_dataset/normal/waiter/waiter-105.jpg
waiter	336ec3a874afa0b9ac4410205ed70fe0a13e758f44b9a4550065beeb538d0334	datasets/IdenProf/idenprof/train/waiter/waiter-817.jpg	train_dataset/normal/waiter/waiter-817.jpg
waiter	33a5435df2c561bc4c86a21c025eb159f5299929a401ed7bd714598996a50add	datasets/IdenProf/idenprof/train/waiter/waiter-439.jpg	train_dataset/normal/waiter/waiter-439.jpg
waiter	33d0a5d216f8cb5340193da32026d24080cdc9566027398b644513ee7e3305b5	datasets/IdenProf/idenprof/train/waiter/waiter-355.jpg	train_dataset/normal/waiter/waiter-355.jpg
waiter	3442311e0810219dbc6a85f6766adc28953bae91777ebbb913568932c9f91370	datasets/IdenProf/idenprof/train/waiter/waiter-382.jpg	train_dataset/normal/waiter/waiter-382.jpg
waiter	34c5944198059edbd303983150c2284c9181ba0673bd9d9d7f11fce98125bdc4	datasets/IdenProf/idenprof/train/waiter/waiter-703.jpg	train_dataset/normal/waiter/waiter-703.jpg
waiter	35163b4a5b9932da0f3c433561f34b5d4ff8e7682226bc270ac87cc8ef5b5261	datasets/IdenProf/idenprof/train/waiter/waiter-771.jpg	train_dataset/normal/waiter/waiter-771.jpg
waiter	3551162e012a2d7c5df2903b3e1a17d4e93066e3928ddf9e8747ec05dd77db26	datasets/IdenProf/idenprof/train/waiter/waiter-770.jpg	train_dataset/normal/waiter/waiter-770.jpg
waiter	35c4b997d50dde9bad9177fd9ac048903243a3f73d8ed991800f8575b4106ab9	datasets/IdenProf/idenprof/train/waiter/waiter-248.jpg	train_dataset/normal/waiter/waiter-248.jpg
waiter	36014441ec25941614e99dfbec596abfc452665e5259793689864bb5c7761a5a	datasets/IdenProf/idenprof/train/waiter/waiter-155.jpg	train_dataset/normal/waiter/waiter-155.jpg
waiter	363a09262ac97be55753e852859e632c55a2869d28f7a86003d05afa236dcf07	datasets/IdenProf/idenprof/train/waiter/waiter-505.jpg	train_dataset/normal/waiter/waiter-505.jpg
waiter	368031f2fbd8a379851a5827f41682499168c6d99d8f227d7f91c0f8e1410731	datasets/IdenProf/idenprof/train/waiter/waiter-301.jpg	train_dataset/normal/waiter/waiter-301.jpg
waiter	36d6d568b5147b4aad722486dff5d0acec373ba1a04c4732f9afe3bdeb580259	datasets/IdenProf/idenprof/train/waiter/waiter-777.jpg	train_dataset/normal/waiter/waiter-777.jpg
waiter	36dc66a032f4324d566bac7e67916b546cecef72eecb42bb4365c2d44414c20b	datasets/IdenProf/idenprof/train/waiter/waiter-743.jpg	train_dataset/normal/waiter/waiter-743.jpg
waiter	36efff440b7b5f1e16931f0d1c37a93de1385831ece1b567c2528c30cfe65c77	datasets/IdenProf/idenprof/train/waiter/waiter-567.jpg	train_dataset/normal/waiter/waiter-567.jpg
waiter	374b2f59a28a9d18ed301022963f00fd4b59e59e2a8af0efbb4634523afb62df	datasets/IdenProf/idenprof/train/waiter/waiter-280.jpg	train_dataset/normal/waiter/waiter-280.jpg
waiter	37ea766dc3f453ca44bfcad076bc132a11c042fa20af35fe40807d4d5db35cd7	datasets/IdenProf/idenprof/train/waiter/waiter-736.jpg	train_dataset/normal/waiter/waiter-736.jpg
waiter	3812630cbcdfee3b5765c5e19f06cc595134714b27a3c4aeacbaf7289153668c	datasets/IdenProf/idenprof/train/waiter/waiter-897.jpg	train_dataset/normal/waiter/waiter-897.jpg
waiter	38309e846596842a0de06c17c629cfe3c41534be7ff25f9935ca8b4c8d50e148	datasets/IdenProf/idenprof/train/waiter/waiter-300.jpg	train_dataset/normal/waiter/waiter-300.jpg
waiter	386d51c90425e5c274a5b6eecc8056c6b353be2ec851be9c35296dae0307f81a	datasets/IdenProf/idenprof/train/waiter/waiter-375.jpg	train_dataset/normal/waiter/waiter-375.jpg
waiter	3887c40f0519ccb2a48dccae8593948f7d07b8f5c2cc5e07e1b5b37bdee92d6a	datasets/IdenProf/idenprof/train/waiter/waiter-340.jpg	train_dataset/normal/waiter/waiter-340.jpg
waiter	3962ae4d88ee27399c67e7f74ba09aff2240d2003ed2bcf368b56f1b22088647	datasets/IdenProf/idenprof/train/waiter/waiter-818.jpg	train_dataset/normal/waiter/waiter-818.jpg
waiter	399fb1e57a9cad736f100f86dec6e6d66d2794855850480be388474d3c4c39d1	datasets/IdenProf/idenprof/train/waiter/waiter-422.jpg	train_dataset/normal/waiter/waiter-422.jpg
waiter	39e3edfa6f2724112e756f484b52529e84f43e9420153ac87cc650436f54df22	datasets/IdenProf/idenprof/train/waiter/waiter-854.jpg	train_dataset/normal/waiter/waiter-854.jpg
waiter	3a6b623e94a8a556a3912c31d53d5501285fe5a5931882f66c0754e619b0050d	datasets/IdenProf/idenprof/train/waiter/waiter-862.jpg	train_dataset/normal/waiter/waiter-862.jpg
waiter	3a926cfafba779fe6dc69a65e17f0d19d08fd2df06c01e93cef6bdc335ac4d3e	datasets/IdenProf/idenprof/train/waiter/waiter-850.jpg	train_dataset/normal/waiter/waiter-850.jpg
waiter	3a9bd10d271aafdb3369baf0ea4998e2fc1c1db791b76b21e7167c0522eed549	datasets/IdenProf/idenprof/train/waiter/waiter-264.jpg	train_dataset/normal/waiter/waiter-264.jpg
waiter	3ab672f88d04e724b022c3d46832b079ad6d4a4fc9f19c026317da784b7a2a1c	datasets/IdenProf/idenprof/train/waiter/waiter-477.jpg	train_dataset/normal/waiter/waiter-477.jpg
waiter	3ad051fb682b9ba53203e43b51026554bbed3dc0269a0690e554349b147844ff	datasets/IdenProf/idenprof/train/waiter/waiter-645.jpg	train_dataset/normal/waiter/waiter-645.jpg
waiter	3b5d076302dfce95c64477f952e8b7f57f8d3fec38466e98a3f4efaf586fb6c8	datasets/IdenProf/idenprof/train/waiter/waiter-836.jpg	train_dataset/normal/waiter/waiter-836.jpg
waiter	3b7ba196414f7b7800b40cd17686f0ef4e61fa724176ac1bdf9bdd7419cbb0ed	datasets/IdenProf/idenprof/train/waiter/waiter-597.jpg	train_dataset/normal/waiter/waiter-597.jpg
waiter	3c1406f03cc5529272c6a76f99b2c09e59207c38b0419f9b755b1adea9dca3a8	datasets/IdenProf/idenprof/train/waiter/waiter-825.jpg	train_dataset/normal/waiter/waiter-825.jpg
waiter	3c60d4e0aab0b8680ea8f77ca48c3cf8a2aac99e9fe053c1dd983a367ca2ce2e	datasets/IdenProf/idenprof/train/waiter/waiter-622.jpg	train_dataset/normal/waiter/waiter-622.jpg
waiter	3ce5e74488f66c965dff38ef7c317a1eb607a48c0d3efc9eaa0dc11f8ad75072	datasets/IdenProf/idenprof/train/waiter/waiter-432.jpg	train_dataset/normal/waiter/waiter-432.jpg
waiter	3d1efe1dfddaf2f84ebb514a0b0dd2f1ae302c983e03385371c4aaa3e2f9b977	datasets/IdenProf/idenprof/train/waiter/waiter-838.jpg	train_dataset/normal/waiter/waiter-838.jpg
waiter	3d4450cf42c60415cc1506ce4d8509776dd292b31aa800407d6f0a9712a63d3c	datasets/IdenProf/idenprof/train/waiter/waiter-470.jpg	train_dataset/normal/waiter/waiter-470.jpg
waiter	3d450c970610a1dad6e0d774b9a3d68943a9263ef6fa4a9dc8d4223050274c05	datasets/IdenProf/idenprof/train/waiter/waiter-359.jpg	train_dataset/normal/waiter/waiter-359.jpg
waiter	3d479dba7a0199d1d864d0348d42610abb0b2f996c809907be6c0351b8c3ed5a	datasets/IdenProf/idenprof/train/waiter/waiter-24.jpg	train_dataset/normal/waiter/waiter-24.jpg
waiter	3d523d3210f9753a762efc0525f7a65f746fc28a25e0148ac78d9863ad83709d	datasets/IdenProf/idenprof/train/waiter/waiter-125.jpg	train_dataset/normal/waiter/waiter-125.jpg
waiter	3d87d8e95605598d193ff8cc9addbe4ab8ca3b47c2fc482808a469a504478365	datasets/IdenProf/idenprof/train/waiter/waiter-768.jpg	train_dataset/normal/waiter/waiter-768.jpg
waiter	3e041bbc4957da754685007a30e81c016cda6af5efdd36d32de913a021844638	datasets/IdenProf/idenprof/train/waiter/waiter-498.jpg	train_dataset/normal/waiter/waiter-498.jpg
waiter	3e3e8f0234ae48e83ffa5c175a659a4ba6a01339faf29bedfb089f5dcdd8af75	datasets/IdenProf/idenprof/train/waiter/waiter-21.jpg	train_dataset/normal/waiter/waiter-21.jpg
waiter	3e7a8dea1bd300339ca0b36380903c8b11dfd824546559a0c177bf56cef1a7f3	datasets/IdenProf/idenprof/train/waiter/waiter-259.jpg	train_dataset/normal/waiter/waiter-259.jpg
waiter	3eabdbc890fbfcb558da4a56d93e3802ad703e81b10beaefba0e51f90c979e34	datasets/IdenProf/idenprof/train/waiter/waiter-221.jpg	train_dataset/normal/waiter/waiter-221.jpg
waiter	3edd28ea480886ca9cd83d0e378e813000ae54f7dee8686ec110afd2c7187dee	datasets/IdenProf/idenprof/train/waiter/waiter-664.jpg	train_dataset/normal/waiter/waiter-664.jpg
waiter	3ef45a14520225a11cd7c3e72d5b000db5b1e7565bb318ee68407ad134a06865	datasets/IdenProf/idenprof/train/waiter/waiter-873.jpg	train_dataset/normal/waiter/waiter-873.jpg
waiter	3f496ecc5912b3dcf73ee51ec982a1bd7bcca5d4dddde652c10ae8a92c544348	datasets/IdenProf/idenprof/train/waiter/waiter-436.jpg	train_dataset/normal/waiter/waiter-436.jpg
waiter	3fbdee16cc32ebc82f6e8fb8d61462ff891833b8da565189ee8832d8ad404b68	datasets/IdenProf/idenprof/train/waiter/waiter-362.jpg	train_dataset/normal/waiter/waiter-362.jpg
waiter	3fca66292ae5414375faf9b6571a12b71ce43557055b81aa48668a612a1d5886	datasets/IdenProf/idenprof/train/waiter/waiter-684.jpg	train_dataset/normal/waiter/waiter-684.jpg
waiter	401320b2c896ae10ad8229274f2d8ce03c9350bc3a1b3380da3079c1e9617833	datasets/IdenProf/idenprof/train/waiter/waiter-518.jpg	train_dataset/normal/waiter/waiter-518.jpg
waiter	4014ae220406f7801789d1c2786e1ecb62f94d4963e2f09ac39f7e98752633e8	datasets/IdenProf/idenprof/train/waiter/waiter-258.jpg	train_dataset/normal/waiter/waiter-258.jpg
waiter	405e529f19743a271109e5aef33bb972d9b52ed526f5f6968b79f14d60813cee	datasets/IdenProf/idenprof/train/waiter/waiter-250.jpg	train_dataset/normal/waiter/waiter-250.jpg
waiter	408b3305a3b8fdb9aa51b715f3bb5a2fcaea6a6179b04423c7bb92e570574372	datasets/IdenProf/idenprof/train/waiter/waiter-178.jpg	train_dataset/normal/waiter/waiter-178.jpg
waiter	40a17c02b1b9d823402ffbe40be5e0cb0b99d55c235e362529f940c7b5b99f3d	datasets/IdenProf/idenprof/train/waiter/waiter-444.jpg	train_dataset/normal/waiter/waiter-444.jpg
waiter	412be7c85ae09116d7b7e63c5e201ed406a315f5af4bc2c1cbe8780505d40b9a	datasets/IdenProf/idenprof/train/waiter/waiter-408.jpg	train_dataset/normal/waiter/waiter-408.jpg
waiter	4134b5f2c561251b1357d597af751764def85781e6c73066d97f2522f0b767cf	datasets/IdenProf/idenprof/train/waiter/waiter-237.jpg	train_dataset/normal/waiter/waiter-237.jpg
waiter	41d0a5900fa9dafab4474f4bd83f36f2f74629723cdf00c67ad636d3270be900	datasets/IdenProf/idenprof/train/waiter/waiter-628.jpg	train_dataset/normal/waiter/waiter-628.jpg
waiter	41d1fb44ff49ee0b4ac1b4f15c29286248c2fa9b9bf320612ed71abebb9e1b20	datasets/IdenProf/idenprof/train/waiter/waiter-323.jpg	train_dataset/normal/waiter/waiter-323.jpg
waiter	420f7c508a3379b2f3e294642d0dd3ee328d7aff62d66c12ca9a3457860c76af	datasets/IdenProf/idenprof/train/waiter/waiter-421.jpg	train_dataset/normal/waiter/waiter-421.jpg
waiter	422ba0a961bd7e5496fcb2959e1b4b2984883b86cc6ce6f4872baef079e734b3	datasets/IdenProf/idenprof/train/waiter/waiter-822.jpg	train_dataset/normal/waiter/waiter-822.jpg
waiter	425fb9aea893565523d420f150ab32f0986bdd2cbaa197c1040976deb0eeeb73	datasets/IdenProf/idenprof/train/waiter/waiter-194.jpg	train_dataset/normal/waiter/waiter-194.jpg
waiter	426237b73c60d4712b12afd0d57d2f6c3fd4fbd8478c647629906303f4030a6d	datasets/IdenProf/idenprof/train/waiter/waiter-142.jpg	train_dataset/normal/waiter/waiter-142.jpg
waiter	42c285743b95833fad49c12dc6852a1a2194ca94b72efecdce547d41ef186f13	datasets/IdenProf/idenprof/train/waiter/waiter-34.jpg	train_dataset/normal/waiter/waiter-34.jpg
waiter	42dffb7d37fa348a2f85a6aede7ca922aa8a10105ed71d4c264a8e800420e707	datasets/IdenProf/idenprof/train/waiter/waiter-214.jpg	train_dataset/normal/waiter/waiter-214.jpg
waiter	4316bbe3700440672dd890afe45df77f15f9c95ab4e6de316610f912758b6578	datasets/IdenProf/idenprof/train/waiter/waiter-727.jpg	train_dataset/normal/waiter/waiter-727.jpg
waiter	4342bd82bbacbc945754b48e50b6b6f728f26cf046ad8426215fedf81926f8c9	datasets/IdenProf/idenprof/train/waiter/waiter-464.jpg	train_dataset/normal/waiter/waiter-464.jpg
waiter	436da44d3707ebb11e2212dad4cd0a6a6250ccaef0910fa8fff9833cbaaffb77	datasets/IdenProf/idenprof/train/waiter/waiter-648.jpg	train_dataset/normal/waiter/waiter-648.jpg
waiter	43b6d71c603b67311e175f83ab4652fc699a48a252f4b9cfb67596bd89c656ad	datasets/IdenProf/idenprof/train/waiter/waiter-804.jpg	train_dataset/normal/waiter/waiter-804.jpg
waiter	43c614ec6f6466a5c5b66b9a3f227dd34eebd4ad93bb837d1a318c07cf8b0969	datasets/IdenProf/idenprof/train/waiter/waiter-847.jpg	train_dataset/normal/waiter/waiter-847.jpg
waiter	440494caa64bd3ae6c38fd6f7171b30ce2256a690cead2f2c1eeff597195296e	datasets/IdenProf/idenprof/train/waiter/waiter-551.jpg	train_dataset/normal/waiter/waiter-551.jpg
waiter	44b3ae0a2f8f29411948bfc6a58de1ffee23dad6f9ff362b36963821068e411f	datasets/IdenProf/idenprof/train/waiter/waiter-548.jpg	train_dataset/normal/waiter/waiter-548.jpg
waiter	4540db9590a249e7f7755bacc0877309d3ff50163c939cdf41440136a0468909	datasets/IdenProf/idenprof/train/waiter/waiter-538.jpg	train_dataset/normal/waiter/waiter-538.jpg
waiter	45d11eb5b158477499129b70e4998ea5ad6151b46f7ec0eb675a6f7940d51f60	datasets/IdenProf/idenprof/train/waiter/waiter-599.jpg	train_dataset/normal/waiter/waiter-599.jpg
waiter	46044f40088544b07ea4767f0154818d5b8da8ee5c1868c4acca80bc18e9ec73	datasets/IdenProf/idenprof/train/waiter/waiter-454.jpg	train_dataset/normal/waiter/waiter-454.jpg
waiter	46170a701d3eaeb241c89c871025c635dcfc63c2ea61cdc9fd80df751eb0b001	datasets/IdenProf/idenprof/train/waiter/waiter-332.jpg	train_dataset/normal/waiter/waiter-332.jpg
waiter	4673e1e2b8f17fab20e7ea6377633945f6838194ee4c4f55f0c6f1ed59a499b8	datasets/IdenProf/idenprof/train/waiter/waiter-674.jpg	train_dataset/normal/waiter/waiter-674.jpg
waiter	46821a7f2fa59cdc9706b0a153c8dd1bbedb7a0e204eab12c6a902ace3337346	datasets/IdenProf/idenprof/train/waiter/waiter-99.jpg	train_dataset/normal/waiter/waiter-99.jpg
waiter	46ea5bf6058752b879bc1ef9fcf9983b3b56ccb421f4fa5fcd8293c2832a9ebf	datasets/IdenProf/idenprof/train/waiter/waiter-568.jpg	train_dataset/normal/waiter/waiter-568.jpg
waiter	47194efa19756fc1256a1228b276705850977b092502ad6ff403333d6c258067	datasets/IdenProf/idenprof/train/waiter/waiter-165.jpg	train_dataset/normal/waiter/waiter-165.jpg
waiter	48374c29b936e163a4d18486987fd12d5f204edb8194cf964813f6fe177a6038	datasets/IdenProf/idenprof/train/waiter/waiter-154.jpg	train_dataset/normal/waiter/waiter-154.jpg
waiter	4858b35c0c2e99f8950b75908b1c660d2d3270df6ea7ce52a4bd320d433880d8	datasets/IdenProf/idenprof/train/waiter/waiter-644.jpg	train_dataset/normal/waiter/waiter-644.jpg
waiter	48b82a5754e67028fbc1399499b53e01c4fe7fa5a794f23010f18d3eb8d58472	datasets/IdenProf/idenprof/train/waiter/waiter-515.jpg	train_dataset/normal/waiter/waiter-515.jpg
waiter	492dadd80bbd9f02c5937014889ee6f4a7eb59de042dceedc3d99592b233d043	datasets/IdenProf/idenprof/train/waiter/waiter-204.jpg	train_dataset/normal/waiter/waiter-204.jpg
waiter	4a4cbcaeaf4053c18d64a330a53f63b945bc5fefd693ec9a8aff28aaf4e8f8e2	datasets/IdenProf/idenprof/train/waiter/waiter-832.jpg	train_dataset/normal/waiter/waiter-832.jpg
waiter	4b0d28228e7d8023be09e2b869ef8698745a5f0e17ce1e8ef3ee6575a2aa2dc4	datasets/IdenProf/idenprof/train/waiter/waiter-393.jpg	train_dataset/normal/waiter/waiter-393.jpg
waiter	4b1866531b3ab1be1cfd615523ec128be31c950b54ca7b7db67ce1ae121d346a	datasets/IdenProf/idenprof/train/waiter/waiter-766.jpg	train_dataset/normal/waiter/waiter-766.jpg
waiter	4b2334796195377646fe138d3c419fb8b71dcb761bdacea3ae3c84b913a5447f	datasets/IdenProf/idenprof/train/waiter/waiter-238.jpg	train_dataset/normal/waiter/waiter-238.jpg
waiter	4b23e83e543855fbec6d2424ce61607ee0cd4c76d147b0d915c4d2fd51c06605	datasets/IdenProf/idenprof/train/waiter/waiter-510.jpg	train_dataset/normal/waiter/waiter-510.jpg
waiter	4b5b0c9c9f363f66d200e42c8ff77ba357d09b2308949c768a1cf760784a129a	datasets/IdenProf/idenprof/train/waiter/waiter-566.jpg	train_dataset/normal/waiter/waiter-566.jpg
waiter	4b8b0de2aa2240c3d3643f166d1e7ad0f8dac987a24c4369667d06751281f333	datasets/IdenProf/idenprof/train/waiter/waiter-781.jpg	train_dataset/normal/waiter/waiter-781.jpg
waiter	4ba9e5f8b890944d1d444cdcdd472b1eeefca499a2965db28aec22674c5202bd	datasets/IdenProf/idenprof/train/waiter/waiter-166.jpg	train_dataset/normal/waiter/waiter-166.jpg
waiter	4bdfd5bde7224a5264a8099a5be25ef3b5d43154621bc1d8e703dd79115118f0	datasets/IdenProf/idenprof/train/waiter/waiter-360.jpg	train_dataset/normal/waiter/waiter-360.jpg
waiter	4c3547dbf5f9f237d743b1ee90af347d27170aaeb1f52f4c3011c1b1ad04b406	datasets/IdenProf/idenprof/train/waiter/waiter-451.jpg	train_dataset/normal/waiter/waiter-451.jpg
waiter	4c95dfc914b8c29bcd535623fca12df6a7801a4f92fb6930d6f8786a9043880d	datasets/IdenProf/idenprof/train/waiter/waiter-806.jpg	train_dataset/normal/waiter/waiter-806.jpg
waiter	4cbcb385ffd49929221cdca5581aac1581dcf946ee059478fbc929180c2a19db	datasets/IdenProf/idenprof/train/waiter/waiter-231.jpg	train_dataset/normal/waiter/waiter-231.jpg
waiter	4cc24e3406f8e0a140be150814328f1cc95a9dffe96294dc797141edb851943a	datasets/IdenProf/idenprof/train/waiter/waiter-257.jpg	train_dataset/normal/waiter/waiter-257.jpg
waiter	4ccaab1a94bc9a231dd3b6786f05fa55cc3aabb3b153ae3302ae28d4282311d0	datasets/IdenProf/idenprof/train/waiter/waiter-338.jpg	train_dataset/normal/waiter/waiter-338.jpg
waiter	4ce86edd6b2e4c690c09da6ae4b40aae971ca7595e823b0954b09eb24763a297	datasets/IdenProf/idenprof/train/waiter/waiter-663.jpg	train_dataset/normal/waiter/waiter-663.jpg
waiter	4d006cd3e2fa1478452341eea264a7c242509eac1ce7a1fe6209e34871f937ff	datasets/IdenProf/idenprof/train/waiter/waiter-141.jpg	train_dataset/normal/waiter/waiter-141.jpg
waiter	4d1b2f13a6e326399280c7aca10ac725223471635103affa4f51a41f1bd52182	datasets/IdenProf/idenprof/train/waiter/waiter-558.jpg	train_dataset/normal/waiter/waiter-558.jpg
waiter	4d345444fdb039c6df82af42644cda1d0c8b14bac0b22fa28b8dd3a370b4ac15	datasets/IdenProf/idenprof/train/waiter/waiter-183.jpg	train_dataset/normal/waiter/waiter-183.jpg
waiter	4d5fd59d28fda0ed66dffde8a630fa738f04d17027e9b8dcd97f60eaaa8f9df9	datasets/IdenProf/idenprof/train/waiter/waiter-278.jpg	train_dataset/normal/waiter/waiter-278.jpg
waiter	4dc0db566a472dd417d56d7c98278b608ef177c68dc4e847c3e075d2dbf1f8b0	datasets/IdenProf/idenprof/train/waiter/waiter-801.jpg	train_dataset/normal/waiter/waiter-801.jpg
waiter	4e4baccf14f4f146151c522961442708edc5959d98f6cc9ff1247420df09ecc7	datasets/IdenProf/idenprof/train/waiter/waiter-443.jpg	train_dataset/normal/waiter/waiter-443.jpg
waiter	4e71c8f8ffc78d99689b510b0a0fa5aeb9581065207a36d086892b1db172e76d	datasets/IdenProf/idenprof/train/waiter/waiter-150.jpg	train_dataset/normal/waiter/waiter-150.jpg
waiter	4eb4c87f151fe7851dcfeb29558273f3d7dafa479cdd0d08108f4c951a4cc769	datasets/IdenProf/idenprof/train/waiter/waiter-450.jpg	train_dataset/normal/waiter/waiter-450.jpg
waiter	4ef85bb2ddde774c7157121242cccef4f60979b632e752e3b8cf12acaa0aa334	datasets/IdenProf/idenprof/train/waiter/waiter-13.jpg	train_dataset/normal/waiter/waiter-13.jpg
waiter	4f4101b1bf39c6d6ae35667639e609af33e324e8b663bc95619b7d00e542a828	datasets/IdenProf/idenprof/train/waiter/waiter-149.jpg	train_dataset/normal/waiter/waiter-149.jpg
waiter	4fda177ef712631077fc6bd27087e3400969f76af900b4095777f642c02d0a4d	datasets/IdenProf/idenprof/train/waiter/waiter-255.jpg	train_dataset/normal/waiter/waiter-255.jpg
waiter	50022468ec306fa6d75637fb413c4a93fd07ff073fc9f1f7363495aef9bb1d24	datasets/IdenProf/idenprof/train/waiter/waiter-863.jpg	train_dataset/normal/waiter/waiter-863.jpg
waiter	500ed1b1d203539dd012c1b1ba30c2335d32de3ca98a8c8be09d60925e12b284	datasets/IdenProf/idenprof/train/waiter/waiter-856.jpg	train_dataset/normal/waiter/waiter-856.jpg
waiter	50a93cde80327ed6fdfd4c81a6fef0c63ea3739c34e823a91b161085ee312311	datasets/IdenProf/idenprof/train/waiter/waiter-885.jpg	train_dataset/normal/waiter/waiter-885.jpg
waiter	5148d46f60bfae914fe32fef7dfb3f855114a2c474d6efb88c26b70b54e0909c	datasets/IdenProf/idenprof/train/waiter/waiter-182.jpg	train_dataset/normal/waiter/waiter-182.jpg
waiter	51ff95429da852dcd8f1b43381d543b3a55a33f8919d43cfc050bf7965362c13	datasets/IdenProf/idenprof/train/waiter/waiter-898.jpg	train_dataset/normal/waiter/waiter-898.jpg
waiter	526ac98cb1e1be49f47cbc2eae6d7f110c79760a365154708059842747decb51	datasets/IdenProf/idenprof/train/waiter/waiter-571.jpg	train_dataset/normal/waiter/waiter-571.jpg
waiter	52e5e7820f62520855876706ccbe33c69d829f5d89b1bf2caf215b4b36d4d5c0	datasets/IdenProf/idenprof/train/waiter/waiter-549.jpg	train_dataset/normal/waiter/waiter-549.jpg
waiter	532bd5a204b89496a246fd83457d72c2c1c9f9f9adac11ca4647e404c4e2c6b3	datasets/IdenProf/idenprof/train/waiter/waiter-188.jpg	train_dataset/normal/waiter/waiter-188.jpg
waiter	53a923b3bc9c7ece1cf30a85296e266a737cd4d5ab4156ed70f7d9362d8867e3	datasets/IdenProf/idenprof/train/waiter/waiter-110.jpg	train_dataset/normal/waiter/waiter-110.jpg
waiter	53eff9c89197e439430ceb5a63cc891b61719eed1616b44ef3afc29eb26d9271	datasets/IdenProf/idenprof/train/waiter/waiter-779.jpg	train_dataset/normal/waiter/waiter-779.jpg
waiter	5422b6327122fde61fe9b6ff2f38657a39b5c4628085a7fc436bdc6aef870ffb	datasets/IdenProf/idenprof/train/waiter/waiter-607.jpg	train_dataset/normal/waiter/waiter-607.jpg
waiter	54a6e2613a505336b3cdc4e2f36dcdb6e3c79bb6ee91ebcc451ac2ba1623c3b7	datasets/IdenProf/idenprof/train/waiter/waiter-303.jpg	train_dataset/normal/waiter/waiter-303.jpg
waiter	5544fe88cf1ba095c5d565cdce16fa40debf3b7c671dbb392e835f6bf9ea5c67	datasets/IdenProf/idenprof/train/waiter/waiter-660.jpg	train_dataset/normal/waiter/waiter-660.jpg
waiter	556fe05d1f95393d8f650edeaa31bf53e297613ec8f874cbd5104509be888896	datasets/IdenProf/idenprof/train/waiter/waiter-788.jpg	train_dataset/normal/waiter/waiter-788.jpg
waiter	558429dadd3b17822ab9b45bf44fc4a7b3d3ddee2275f47c77f675c09e33c870	datasets/IdenProf/idenprof/train/waiter/waiter-480.jpg	train_dataset/normal/waiter/waiter-480.jpg
waiter	55e4eb1ffacdaad5b2345b1a597b5d1968ab917ef43f556a04e6168344d3c8d2	datasets/IdenProf/idenprof/train/waiter/waiter-287.jpg	train_dataset/normal/waiter/waiter-287.jpg
waiter	5611d22800bdf183e5ecdd57684006ec3efa77b82283d4ccc708e504e59322da	datasets/IdenProf/idenprof/train/waiter/waiter-685.jpg	train_dataset/normal/waiter/waiter-685.jpg
waiter	571ab923ee1ddce63de1fb314ab93a79d4610e6fa25c98a97d3fe0c7fcccab26	datasets/IdenProf/idenprof/train/waiter/waiter-179.jpg	train_dataset/normal/waiter/waiter-179.jpg
waiter	575bb3c1ba9a8a51185400a4457f759d3a4cdd3c2c359a27c64cb6f3a5ddc334	datasets/IdenProf/idenprof/train/waiter/waiter-755.jpg	train_dataset/normal/waiter/waiter-755.jpg
waiter	586c7f025f55b5186e21f7023fabd8809fa09aa1d8b96216fb454e06edcf59e1	datasets/IdenProf/idenprof/train/waiter/waiter-295.jpg	train_dataset/normal/waiter/waiter-295.jpg
waiter	58835c33f3b7f729697e5f457d5242129f8f2463a8e7e266f600cdab441767fc	datasets/IdenProf/idenprof/train/waiter/waiter-877.jpg	train_dataset/normal/waiter/waiter-877.jpg
waiter	589cf0980fa91fd8cbf0ba96834c1465ce21dcd9e896f65bcb9bc45f9b831597	datasets/IdenProf/idenprof/train/waiter/waiter-131.jpg	train_dataset/normal/waiter/waiter-131.jpg
waiter	58a10801a14f80a4bf6dee77149399bf3f14831f49740e7a2d4fd7b67ab5345b	datasets/IdenProf/idenprof/train/waiter/waiter-556.jpg	train_dataset/normal/waiter/waiter-556.jpg
waiter	5924a0f76ba019ce825896381d67aee158c4a4028954f39b9cc71641aacb341b	datasets/IdenProf/idenprof/train/waiter/waiter-552.jpg	train_dataset/normal/waiter/waiter-552.jpg
waiter	593d8355004dc6a483fb060e5b385a9b022b865a16649b7d849ce0d01e59d8ce	datasets/IdenProf/idenprof/train/waiter/waiter-232.jpg	train_dataset/normal/waiter/waiter-232.jpg
waiter	596138994f6f02735ee7394b475df065eeff3e96b9bb1a2e5787ccb2583a6552	datasets/IdenProf/idenprof/train/waiter/waiter-66.jpg	train_dataset/normal/waiter/waiter-66.jpg
waiter	598740e754799cc02b4a527e46eb9db0796ab9dcd42d97c25f2d28c2b15c95bb	datasets/IdenProf/idenprof/train/waiter/waiter-678.jpg	train_dataset/normal/waiter/waiter-678.jpg
waiter	5a08bb6402b1309ed2044539fdc33b0ce9535f9687a2648a093b6288d383a6a2	datasets/IdenProf/idenprof/train/waiter/waiter-127.jpg	train_dataset/normal/waiter/waiter-127.jpg
waiter	5a18b9180829c74330886b22265b3b41c436647dac57061264268d49a4aee633	datasets/IdenProf/idenprof/train/waiter/waiter-243.jpg	train_dataset/normal/waiter/waiter-243.jpg
waiter	5a3835f405fdfb0e65e44cd4b8c23170f9e6349711fdf5d228bd1b581d0c16b7	datasets/IdenProf/idenprof/train/waiter/waiter-565.jpg	train_dataset/normal/waiter/waiter-565.jpg
waiter	5a3ed0678b49c48f20784b5a1bf12d80a39871abf9928ea2395f7432ebfce449	datasets/IdenProf/idenprof/train/waiter/waiter-208.jpg	train_dataset/normal/waiter/waiter-208.jpg
waiter	5b14a729d847872b4f02a5493dfb4049db99ffe97b0ab972acfa726fb029c62d	datasets/IdenProf/idenprof/train/waiter/waiter-345.jpg	train_dataset/normal/waiter/waiter-345.jpg
waiter	5b21daf69deb51c924980a9d4dea2bc27125351fd1a456eff56bb02ac7d5aeb0	datasets/IdenProf/idenprof/train/waiter/waiter-28.jpg	train_dataset/normal/waiter/waiter-28.jpg
waiter	5b728cbeba077f8b90b19122a5f2b960b914137b1e7d620cd77b843706bc9d91	datasets/IdenProf/idenprof/train/waiter/waiter-64.jpg	train_dataset/normal/waiter/waiter-64.jpg
waiter	5bb2ba75038ac83e07326d71985f5afc8f78f569084ae1b73687d7b255024a60	datasets/IdenProf/idenprof/train/waiter/waiter-502.jpg	train_dataset/normal/waiter/waiter-502.jpg
waiter	5bce3a110049916584857551dbe7ace5bd253b986520c86d41b0b02f8ea6f722	datasets/IdenProf/idenprof/train/waiter/waiter-627.jpg	train_dataset/normal/waiter/waiter-627.jpg
waiter	5c023c55baedb23e70e4272e559429be04633482cc1e07073fe44942612acfd9	datasets/IdenProf/idenprof/train/waiter/waiter-581.jpg	train_dataset/normal/waiter/waiter-581.jpg
waiter	5c5a2a185d26b93afe8c94c4d0156266336ca57765ee3fecced7713dbda3ee8f	datasets/IdenProf/idenprof/train/waiter/waiter-467.jpg	train_dataset/normal/waiter/waiter-467.jpg
waiter	5c8da88f77675b9a06e8d5ad9df4bed675f6ace0fe522da319a122cfc51f2ecc	datasets/IdenProf/idenprof/train/waiter/waiter-320.jpg	train_dataset/normal/waiter/waiter-320.jpg
waiter	5d07cd6cb17f31f62f899a05ffdb302b09972af420bd6959a6ec2a1d1222dce8	datasets/IdenProf/idenprof/train/waiter/waiter-596.jpg	train_dataset/normal/waiter/waiter-596.jpg
waiter	5d0924fb9b414cc2fae5c49fd2199a59ead25f6197aa767f2adabe29fce744f9	datasets/IdenProf/idenprof/train/waiter/waiter-217.jpg	train_dataset/normal/waiter/waiter-217.jpg
waiter	5d68764335a064831bdc4581ed0230cc4ba6d0a85920bf4967f17bc4e4d1f621	datasets/IdenProf/idenprof/train/waiter/waiter-202.jpg	train_dataset/normal/waiter/waiter-202.jpg
waiter	5d736bb0c716f4aaabc749141a6a9681226943e5c9509caf4fda594af7e37951	datasets/IdenProf/idenprof/train/waiter/waiter-171.jpg	train_dataset/normal/waiter/waiter-171.jpg
waiter	5da78504a8caf2343cc500b7fbec8bc123f7b8f368f1bb76791f2a62b0f86976	datasets/IdenProf/idenprof/train/waiter/waiter-390.jpg	train_dataset/normal/waiter/waiter-390.jpg
waiter	5dc14690d7b14e474351ea74b021e5be6c661ec62158d633da8b4a3da121567e	datasets/IdenProf/idenprof/train/waiter/waiter-135.jpg	train_dataset/normal/waiter/waiter-135.jpg
waiter	5e07a6d015fee4f278b7a37f057e63113a8dab2732d68bcf993476655603ca73	datasets/IdenProf/idenprof/train/waiter/waiter-563.jpg	train_dataset/normal/waiter/waiter-563.jpg
waiter	5e98dbeea3d1b737ff8f2385a4246b2f0df3d616f16fbc373a8274c601966285	datasets/IdenProf/idenprof/train/waiter/waiter-621.jpg	train_dataset/normal/waiter/waiter-621.jpg
waiter	5efb0efe1de474f538ba73c2180e5cbbf7bfe20cfbf791c2c50af486052a58f3	datasets/IdenProf/idenprof/train/waiter/waiter-339.jpg	train_dataset/normal/waiter/waiter-339.jpg
waiter	5fd57b7c9b4838c5672296e16e772a90061b865c31a1337aef0cf948fce47583	datasets/IdenProf/idenprof/train/waiter/waiter-311.jpg	train_dataset/normal/waiter/waiter-311.jpg
